t,x,F,falla,severidad
0.0,-5.150940492755857e-07,0.004967141530112327,desgaste_rodamiento,0.5
0.001,-1.0776785724758085e-07,0.2636531243794428,desgaste_rodamiento,0.5
0.002,-4.5917408918381304e-07,0.47273222018759453,desgaste_rodamiento,0.5
0.003,4.170212812770634e-07,0.5774529276957111,desgaste_rodamiento,0.5
0.004,2.3866770282364476e-07,0.5446379597409988,desgaste_rodamiento,0.5
0.005,3.4381528133235147e-06,0.44592597220543184,desgaste_rodamiento,0.5
0.006,5.356319128659317e-06,0.3281221667132996,desgaste_rodamiento,0.5
0.007,7.192531094050003e-06,0.1902402104781116,desgaste_rodamiento,0.5
0.008,1.1032832793942003e-05,0.0771480533747938,desgaste_rodamiento,0.5
0.009000000000000001,1.4085404285952888e-05,0.011756806480867825,desgaste_rodamiento,0.5
0.01,1.5020578518148932e-05,-0.07146026907026669,desgaste_rodamiento,0.5
0.011,1.8503602284639993e-05,-0.16688232486066878,desgaste_rodamiento,0.5
0.012,2.119886885794837e-05,-0.2856117085658305,desgaste_rodamiento,0.5
0.013000000000000001,2.354237388012631e-05,-0.44521700758800303,desgaste_rodamiento,0.5
0.014,2.6991136530853083e-05,-0.5527916103865083,desgaste_rodamiento,0.5
0.015,2.7789677237736703e-05,-0.5745778769603448,desgaste_rodamiento,0.5
0.016,2.874213484474216e-05,-0.5038261468426739,desgaste_rodamiento,0.5
0.017,2.7881751814286383e-05,-0.30583716543069583,desgaste_rodamiento,0.5
0.018000000000000002,2.9947538546067472e-05,-0.059452997912002994,desgaste_rodamiento,0.5
0.019,2.8386124656708315e-05,0.20657906423561903,desgaste_rodamiento,0.5
0.02,2.931257423507879e-05,0.45305386937466896,desgaste_rodamiento,0.5
0.021,2.9736245247776556e-05,0.5534767700292222,desgaste_rodamiento,0.5
0.022,3.131774645448684e-05,0.560576430670603,desgaste_rodamiento,0.5
0.023,3.0583275875061295e-05,0.4590223185234616,desgaste_rodamiento,0.5
0.024,3.108408203322926e-05,0.33480302226060354,desgaste_rodamiento,0.5
0.025,3.5713986608156624e-05,0.20743870468550943,desgaste_rodamiento,0.5
0.026000000000000002,3.9393392878695255e-05,0.08754115284799191,desgaste_rodamiento,0.5
0.027,4.154380180045853e-05,0.023102947492274668,desgaste_rodamiento,0.5
0.028,4.3378611532963066e-05,-0.05918172200469023,desgaste_rodamiento,0.5
0.029,4.5430594590586575e-05,-0.14705173176828368,desgaste_rodamiento,0.5
0.03,4.8886736222815946e-05,-0.2716780777823732,desgaste_rodamiento,0.5
0.031,4.97693487532501e-05,-0.3859243139461983,desgaste_rodamiento,0.5
0.032,5.277459415291177e-05,-0.5229628387456674,desgaste_rodamiento,0.5
0.033,5.422344660552073e-05,-0.5835548845175514,desgaste_rodamiento,0.5
0.034,5.550495343097352e-05,-0.5098542315652024,desgaste_rodamiento,0.5
0.035,5.70963030536719e-05,-0.3630509214896473,desgaste_rodamiento,0.5
0.036000000000000004,5.513997903814016e-05,-0.09858982897512597,desgaste_rodamiento,0.5
0.037,5.405754483163662e-05,0.15460893637817844,desgaste_rodamiento,0.5
0.038,5.404851135725696e-05,0.3935520600454707,desgaste_rodamiento,0.5
0.039,5.260445333007652e-05,0.547171138677392,desgaste_rodamiento,0.5
0.04,5.3765093774271e-05,0.577052445067393,desgaste_rodamiento,0.5
0.041,5.487640569961501e-05,0.49848102319365356,desgaste_rodamiento,0.5
0.042,5.6200858504136396e-05,0.367179301310271,desgaste_rodamiento,0.5
0.043000000000000003,5.854222673717836e-05,0.22829000943567396,desgaste_rodamiento,0.5
0.044,5.990502277220066e-05,0.10276942043402888,desgaste_rodamiento,0.5
0.045,6.364035197325468e-05,0.02577109075608077,desgaste_rodamiento,0.5
0.046,6.508336385961603e-05,-0.04443113848778975,desgaste_rodamiento,0.5
0.047,6.734496623398046e-05,-0.11625819241747798,desgaste_rodamiento,0.5
0.048,6.926413995181135e-05,-0.2402813810024341,desgaste_rodamiento,0.5
0.049,7.160238772256224e-05,-0.39969190634530455,desgaste_rodamiento,0.5
0.05,7.374157071426037e-05,-0.5046050698788369,desgaste_rodamiento,0.5
0.051000000000000004,7.360613263267393e-05,-0.5774341996161729,desgaste_rodamiento,0.5
0.052000000000000005,7.43572942533661e-05,-0.5456555936702014,desgaste_rodamiento,0.5
0.053,7.464237327842577e-05,-0.384082935325197,desgaste_rodamiento,0.5
0.054,7.337671502034306e-05,-0.14018686424224647,desgaste_rodamiento,0.5
0.055,7.303172615839731e-05,0.13523239901490602,desgaste_rodamiento,0.5
0.056,7.252821811912004e-05,0.3633661143151887,desgaste_rodamiento,0.5
0.057,7.302643818127443e-05,0.5274877951824527,desgaste_rodamiento,0.5
0.058,7.245794222743757e-05,0.5793420685745503,desgaste_rodamiento,0.5
0.059000000000000004,7.28456060357063e-05,0.5281771801556457,desgaste_rodamiento,0.5
0.06,7.431244990378929e-05,0.39151896038716516,desgaste_rodamiento,0.5
0.061,7.496255151043681e-05,0.25549301499708266,desgaste_rodamiento,0.5
0.062,7.707237564908322e-05,0.12633612818619935,desgaste_rodamiento,0.5
0.063,7.857144082911517e-05,0.03539788816224719,desgaste_rodamiento,0.5
0.064,8.078677093947916e-05,-0.018495741308318492,desgaste_rodamiento,0.5
0.065,8.205941192147349e-05,-0.09670757389003115,desgaste_rodamiento,0.5
0.066,8.247370496481612e-05,-0.22304427930579254,desgaste_rodamiento,0.5
0.067,8.587805014708129e-05,-0.3491376267782415,desgaste_rodamiento,0.5
0.068,8.841002670294619e-05,-0.4872370970805442,desgaste_rodamiento,0.5
0.069,8.893534142279944e-05,-0.577359831662575,desgaste_rodamiento,0.5
0.07,8.93133108449279e-05,-0.55243071083053,desgaste_rodamiento,0.5
0.07100000000000001,8.928040893105922e-05,-0.41138353037565223,desgaste_rodamiento,0.5
0.07200000000000001,8.76643431505786e-05,-0.19977287925078313,desgaste_rodamiento,0.5
0.073,8.668082821549257e-05,0.09188454955019418,desgaste_rodamiento,0.5
0.074,8.491928869226105e-05,0.3072072563290431,desgaste_rodamiento,0.5
0.075,8.418968438156039e-05,0.5200835647155716,desgaste_rodamiento,0.5
0.076,8.433687082156884e-05,0.5796372165643312,desgaste_rodamiento,0.5
0.077,8.475321058683416e-05,0.5349102210329095,desgaste_rodamiento,0.5
0.078,8.423105046330049e-05,0.4247837537989778,desgaste_rodamiento,0.5
0.079,8.495305336199853e-05,0.264435287577213,desgaste_rodamiento,0.5
0.08,8.657769639025722e-05,0.15640433245471022,desgaste_rodamiento,0.5
0.081,8.850259534851812e-05,0.06623281915824157,desgaste_rodamiento,0.5
0.082,8.849662599587412e-05,0.0013771250718515298,desgaste_rodamiento,0.5
0.083,8.94094400284298e-05,-0.09957455615443567,desgaste_rodamiento,0.5
0.084,9.22245006020939e-05,-0.20966067985503456,desgaste_rodamiento,0.5
0.085,9.30207585289308e-05,-0.3410294814873725,desgaste_rodamiento,0.5
0.08600000000000001,9.45733956263002e-05,-0.4629614477378506,desgaste_rodamiento,0.5
0.08700000000000001,9.542837795389569e-05,-0.5618330980962982,desgaste_rodamiento,0.5
0.088,9.523943793191637e-05,-0.5748196416873893,desgaste_rodamiento,0.5
0.089,9.614074644569968e-05,-0.4551489372016251,desgaste_rodamiento,0.5
0.09,9.419920902130735e-05,-0.24605959705757177,desgaste_rodamiento,0.5
0.091,9.27246601681391e-05,0.03525787305810912,desgaste_rodamiento,0.5
0.092,9.138982412423675e-05,0.28502520178375074,desgaste_rodamiento,0.5
0.093,8.86061859315899e-05,0.48582290433153474,desgaste_rodamiento,0.5
0.094,8.919609881966907e-05,0.5737735758364111,desgaste_rodamiento,0.5
0.095,8.777997180228815e-05,0.5402457729252791,desgaste_rodamiento,0.5
0.096,8.832060466280042e-05,0.4536426133249399,desgaste_rodamiento,0.5
0.097,8.743741631651426e-05,0.3145997667186778,desgaste_rodamiento,0.5
0.098,8.787626715048233e-05,0.181193713823556,desgaste_rodamiento,0.5
0.099,9.071841220779486e-05,0.07665595860591308,desgaste_rodamiento,0.5
0.1,9.151732130137747e-05,-0.014153707420504619,desgaste_rodamiento,0.5
0.101,9.16845735782206e-05,-0.08331339060233159,desgaste_rodamiento,0.5
0.10200000000000001,9.277172094867768e-05,-0.1849652981914892,desgaste_rodamiento,0.5
0.10300000000000001,9.520442451930733e-05,-0.3208132263817015,desgaste_rodamiento,0.5
0.10400000000000001,9.407165025758892e-05,-0.4535134409648623,desgaste_rodamiento,0.5
0.105,9.645302997647475e-05,-0.55237275428918,desgaste_rodamiento,0.5
0.106,9.420687471559768e-05,-0.5604642369910137,desgaste_rodamiento,0.5
0.107,9.449768508013086e-05,-0.48879011461835287,desgaste_rodamiento,0.5
0.108,9.232443243782621e-05,-0.290384011955723,desgaste_rodamiento,0.5
0.109,9.1196106336861e-05,-0.026403597796552603,desgaste_rodamiento,0.5
0.11,8.830396902824976e-05,0.2288014742597477,desgaste_rodamiento,0.5
0.111,8.666830845937473e-05,0.462108346642958,desgaste_rodamiento,0.5
0.112,8.521738431817392e-05,0.5732680083502819,desgaste_rodamiento,0.5
0.113,8.331500267917253e-05,0.5936893988030537,desgaste_rodamiento,0.5
0.114,8.410105192696619e-05,0.47450133773470143,desgaste_rodamiento,0.5
0.115,8.311353778734308e-05,0.34317407627498686,desgaste_rodamiento,0.5
0.116,8.369468098161935e-05,0.2046268141099044,desgaste_rodamiento,0.5
0.117,8.372188415065768e-05,0.08479976169692534,desgaste_rodamiento,0.5
0.11800000000000001,8.3258192140033e-05,0.02518069729231969,desgaste_rodamiento,0.5
0.11900000000000001,8.583247783126746e-05,-0.05678692145471861,desgaste_rodamiento,0.5
0.12,8.854273630073449e-05,-0.15433782655839906,desgaste_rodamiento,0.5
0.121,8.789297791182592e-05,-0.29879323047375395,desgaste_rodamiento,0.5
0.122,8.762775459644492e-05,-0.4164488344589444,desgaste_rodamiento,0.5
0.123,8.741247930219324e-05,-0.559022289878836,desgaste_rodamiento,0.5
0.124,8.709164018706762e-05,-0.579634821179658,desgaste_rodamiento,0.5
0.125,8.636109867435658e-05,-0.49544380329932075,desgaste_rodamiento,0.5
0.126,8.335740963951793e-05,-0.3467441232355389,desgaste_rodamiento,0.5
0.127,8.29829049797213e-05,-0.08268928106573181,desgaste_rodamiento,0.5
0.128,8.032401035593486e-05,0.20257109360054645,desgaste_rodamiento,0.5
0.129,7.802011701296933e-05,0.4267852706434832,desgaste_rodamiento,0.5
0.13,7.580707916046842e-05,0.5480661771397612,desgaste_rodamiento,0.5
0.131,7.394899963521081e-05,0.5808277121693399,desgaste_rodamiento,0.5
0.132,7.345716476331687e-05,0.49013598063585945,desgaste_rodamiento,0.5
0.133,7.29240617162026e-05,0.3733021285847156,desgaste_rodamiento,0.5
0.134,7.215147433889373e-05,0.2208168330286976,desgaste_rodamiento,0.5
0.135,7.22047017727914e-05,0.13069726270593857,desgaste_rodamiento,0.5
0.136,7.309841095743224e-05,0.020187754446576396,desgaste_rodamiento,0.5
0.137,7.46366761211215e-05,-0.05308361515487104,desgaste_rodamiento,0.5
0.138,7.290839672830264e-05,-0.1355785285216016,desgaste_rodamiento,0.5
0.139,7.301191919515505e-05,-0.27921422341471575,desgaste_rodamiento,0.5
0.14,7.431706284471152e-05,-0.40583252607926096,desgaste_rodamiento,0.5
0.14100000000000001,7.392821407373248e-05,-0.5180571846987506,desgaste_rodamiento,0.5
0.14200000000000002,7.323916399150197e-05,-0.6042125494954973,desgaste_rodamiento,0.5
0.14300000000000002,7.193426362674635e-05,-0.538734353013501,desgaste_rodamiento,0.5
0.14400000000000002,6.963378437871435e-05,-0.3757315242417659,desgaste_rodamiento,0.5
0.145,6.852555900297734e-05,-0.12028386299739419,desgaste_rodamiento,0.5
0.146,6.349133513768664e-05,0.14079959529020752,desgaste_rodamiento,0.5
0.147,6.140774618028996e-05,0.38441209631278994,desgaste_rodamiento,0.5
0.148,5.954119656239854e-05,0.5555709350783505,desgaste_rodamiento,0.5
0.149,5.639933242657222e-05,0.5908445183111353,desgaste_rodamiento,0.5
0.15,5.611618076104605e-05,0.5258494648890494,desgaste_rodamiento,0.5
0.151,5.666387007047356e-05,0.40039937596606345,desgaste_rodamiento,0.5
0.152,5.5005076547136305e-05,0.2493358474738038,desgaste_rodamiento,0.5
0.153,5.506896203490045e-05,0.13751369809374478,desgaste_rodamiento,0.5
0.154,5.401436229646804e-05,0.04589142406132115,desgaste_rodamiento,0.5
0.155,5.466776781373159e-05,-0.042779442361733304,desgaste_rodamiento,0.5
0.156,5.500010256385731e-05,-0.10725721019110114,desgaste_rodamiento,0.5
0.157,5.509907049375509e-05,-0.2398119220345051,desgaste_rodamiento,0.5
0.158,5.618878613720503e-05,-0.3969587782181086,desgaste_rodamiento,0.5
0.159,5.5174097973880044e-05,-0.5084737833227653,desgaste_rodamiento,0.5
0.16,5.297410591191714e-05,-0.5970946764662055,desgaste_rodamiento,0.5
0.161,5.2520096660756e-05,-0.5522646840018461,desgaste_rodamiento,0.5
0.162,5.063736570538404e-05,-0.4055399504611386,desgaste_rodamiento,0.5
0.163,4.85661512692663e-05,-0.18666984682722926,desgaste_rodamiento,0.5
0.164,4.6036833518635295e-05,0.1127969850360692,desgaste_rodamiento,0.5
0.165,4.1150293276894046e-05,0.36411090235403915,desgaste_rodamiento,0.5
0.166,3.8636731631558066e-05,0.541202274367443,desgaste_rodamiento,0.5
0.167,3.606747009760842e-05,0.6109901872452221,desgaste_rodamiento,0.5
0.168,3.519599489463495e-05,0.5413921476048326,desgaste_rodamiento,0.5
0.169,3.4641644949697024e-05,0.41742949678766844,desgaste_rodamiento,0.5
0.17,3.442391216740052e-05,0.2743026536248979,desgaste_rodamiento,0.5
0.171,3.333444236333387e-05,0.14833412294435702,desgaste_rodamiento,0.5
0.17200000000000001,3.3078690605143985e-05,0.05794845793384436,desgaste_rodamiento,0.5
0.17300000000000001,3.345845464292571e-05,-0.01806145246682194,desgaste_rodamiento,0.5
0.17400000000000002,3.273676608658029e-05,-0.10603873917174628,desgaste_rodamiento,0.5
0.17500000000000002,3.492385695064134e-05,-0.21447529638170773,desgaste_rodamiento,0.5
0.176,3.189539354317424e-05,-0.3614039504257638,desgaste_rodamiento,0.5
0.177,3.2760171413017716e-05,-0.482462911571951,desgaste_rodamiento,0.5
0.178,3.3231528083335443e-05,-0.5859314687181228,desgaste_rodamiento,0.5
0.179,3.0218160892852502e-05,-0.5487550933913631,desgaste_rodamiento,0.5
0.18,2.8022657846154927e-05,-0.44669311587792143,desgaste_rodamiento,0.5
0.181,2.534775056296117e-05,-0.23626682567365526,desgaste_rodamiento,0.5
0.182,2.259452871928817e-05,0.041257053759837,desgaste_rodamiento,0.5
0.183,2.0792839916745814e-05,0.32400363325629494,desgaste_rodamiento,0.5
0.184,1.5255163111494648e-05,0.5092538455011019,desgaste_rodamiento,0.5
0.185,1.5730236491294016e-05,0.5995253407734095,desgaste_rodamiento,0.5
0.186,1.1646215655218355e-05,0.5666690040024186,desgaste_rodamiento,0.5
0.187,1.1279394644127793e-05,0.45161920973257574,desgaste_rodamiento,0.5
0.188,1.042327046367309e-05,0.3025449639988351,desgaste_rodamiento,0.5
0.189,1.0831558097957346e-05,0.16394747797597967,desgaste_rodamiento,0.5
0.19,9.026271517661344e-06,0.0709619055757646,desgaste_rodamiento,0.5
0.191,1.0576468455327357e-05,0.0013488686197897087,desgaste_rodamiento,0.5
0.192,1.1779719587335102e-05,-0.09017410294641477,desgaste_rodamiento,0.5
0.193,9.160013792184912e-06,-0.21403899323153933,desgaste_rodamiento,0.5
0.194,1.0154829150474406e-05,-0.3360650393500136,desgaste_rodamiento,0.5
0.195,9.037986150199168e-06,-0.4734210000724412,desgaste_rodamiento,0.5
0.196,8.98978178887145e-06,-0.5849676508171987,desgaste_rodamiento,0.5
0.197,7.27559574028726e-06,-0.5864920990519584,desgaste_rodamiento,0.5
0.198,4.781333823227054e-06,-0.4849799313649071,desgaste_rodamiento,0.5
0.199,3.122064724031435e-06,-0.2868292214670373,desgaste_rodamiento,0.5
0.2,1.2226689196106114e-06,0.0035778736034864983,desgaste_rodamiento,0.5
0.201,-3.339323602052138e-06,0.28110857291615193,desgaste_rodamiento,0.5
0.202,-5.536539232596175e-06,0.49677343353439346,desgaste_rodamiento,0.5
0.203,-9.55842223042595e-06,0.5993388935904196,desgaste_rodamiento,0.5
0.20400000000000001,-1.1233241030370534e-05,0.5635263388283552,desgaste_rodamiento,0.5
0.20500000000000002,-1.1498552440666784e-05,0.4693714317973892,desgaste_rodamiento,0.5
0.20600000000000002,-1.156192735572425e-05,0.34451813239455203,desgaste_rodamiento,0.5
0.20700000000000002,-1.2847821387185643e-05,0.20810255928667507,desgaste_rodamiento,0.5
0.20800000000000002,-1.350246599485177e-05,0.09834540959582383,desgaste_rodamiento,0.5
0.209,-1.3252103536624491e-05,0.04582689648516068,desgaste_rodamiento,0.5
0.21,-1.4118504953262391e-05,-0.07064140293639838,desgaste_rodamiento,0.5
0.211,-1.262781614711864e-05,-0.16975458333778387,desgaste_rodamiento,0.5
0.212,-1.2455376156124002e-05,-0.30449995644117334,desgaste_rodamiento,0.5
0.213,-1.3748513533707669e-05,-0.4496239610469134,desgaste_rodamiento,0.5
0.214,-1.4408387447810707e-05,-0.5692389668173349,desgaste_rodamiento,0.5
0.215,-1.49976891848416e-05,-0.5887885410785884,desgaste_rodamiento,0.5
0.216,-1.725738221367647e-05,-0.5224888799739318,desgaste_rodamiento,0.5
0.217,-1.9246647834923654e-05,-0.32356409454908547,desgaste_rodamiento,0.5
0.218,-2.028068250448895e-05,-0.05715726278735818,desgaste_rodamiento,0.5
0.219,-2.4937991922729608e-05,0.23009755573098903,desgaste_rodamiento,0.5
0.22,-2.778743641484885e-05,0.4796082046484856,desgaste_rodamiento,0.5
0.221,-3.04114472685846e-05,0.5624726657303998,desgaste_rodamiento,0.5
0.222,-3.1204200033825416e-05,0.5965129557827409,desgaste_rodamiento,0.5
0.223,-3.319247351104681e-05,0.48771112114573245,desgaste_rodamiento,0.5
0.224,-3.4276898942973216e-05,0.3633014451916742,desgaste_rodamiento,0.5
0.225,-3.3066178103522854e-05,0.23891706837732887,desgaste_rodamiento,0.5
0.226,-3.2977131288676226e-05,0.11275513630015996,desgaste_rodamiento,0.5
0.227,-3.432050581153841e-05,0.011454482443352924,desgaste_rodamiento,0.5
0.228,-3.5018660054257754e-05,-0.06795236361334689,desgaste_rodamiento,0.5
0.229,-3.2582262087163625e-05,-0.15456485540917309,desgaste_rodamiento,0.5
0.23,-3.3732110706789156e-05,-0.29775040163051925,desgaste_rodamiento,0.5
0.231,-3.2683539960741706e-05,-0.431693266604289,desgaste_rodamiento,0.5
0.232,-3.521984222155148e-05,-0.5529284889782625,desgaste_rodamiento,0.5
0.233,-3.395029379358415e-05,-0.6075831284385746,desgaste_rodamiento,0.5
0.234,-3.704141373287566e-05,-0.5189440340913533,desgaste_rodamiento,0.5
0.23500000000000001,-3.760136727975537e-05,-0.3583890775456863,desgaste_rodamiento,0.5
0.23600000000000002,-4.060811095857338e-05,-0.12476204003842423,desgaste_rodamiento,0.5
0.23700000000000002,-4.403435142974847e-05,0.18273777831348498,desgaste_rodamiento,0.5
0.23800000000000002,-4.6260034086955664e-05,0.416588079671225,desgaste_rodamiento,0.5
0.23900000000000002,-4.775094181076355e-05,0.5778614226064748,desgaste_rodamiento,0.5
0.24,-5.0010087426329716e-05,0.5907815640710211,desgaste_rodamiento,0.5
0.241,-5.085036970534082e-05,0.5261275598121831,desgaste_rodamiento,0.5
0.242,-5.0433196340049053e-05,0.4017548215461399,desgaste_rodamiento,0.5
0.243,-5.3300049620138654e-05,0.2628376627405257,desgaste_rodamiento,0.5
0.244,-5.069524489035508e-05,0.1202403062878333,desgaste_rodamiento,0.5
0.245,-5.146519333798074e-05,0.03439246441070399,desgaste_rodamiento,0.5
0.246,-5.175958596020262e-05,-0.05028328603779901,desgaste_rodamiento,0.5
0.247,-5.161609134706686e-05,-0.14886633401097446,desgaste_rodamiento,0.5
0.248,-5.035865627579574e-05,-0.24952147361867436,desgaste_rodamiento,0.5
0.249,-4.932235587571394e-05,-0.40664632963409014,desgaste_rodamiento,0.5
0.25,-5.023991555635494e-05,-0.55087718277986,desgaste_rodamiento,0.5
0.251,-4.957245597021125e-05,-0.5930178103208213,desgaste_rodamiento,0.5
0.252,-5.297263265549957e-05,-0.5410879042522783,desgaste_rodamiento,0.5
0.253,-5.356812364956631e-05,-0.39534363211092166,desgaste_rodamiento,0.5
0.254,-5.665844795736932e-05,-0.1713824431546061,desgaste_rodamiento,0.5
0.255,-5.783572539699233e-05,0.12582725387205068,desgaste_rodamiento,0.5
0.256,-5.985071979098519e-05,0.3990497075625794,desgaste_rodamiento,0.5
0.257,-6.297889133741419e-05,0.5462618093945725,desgaste_rodamiento,0.5
0.258,-6.628110649137237e-05,0.608666124150523,desgaste_rodamiento,0.5
0.259,-6.518963936767442e-05,0.556469252521368,desgaste_rodamiento,0.5
0.26,-6.545377846588234e-05,0.4158621745200304,desgaste_rodamiento,0.5
0.261,-6.542295617771673e-05,0.28068948852915404,desgaste_rodamiento,0.5
0.262,-6.436576897416506e-05,0.12121129926931043,desgaste_rodamiento,0.5
0.263,-6.548949760559213e-05,0.043718609780422135,desgaste_rodamiento,0.5
0.264,-6.342035935868016e-05,-0.03293857186254326,desgaste_rodamiento,0.5
0.265,-6.227647290644939e-05,-0.13647734763324076,desgaste_rodamiento,0.5
0.266,-6.386568022919841e-05,-0.22803626270528607,desgaste_rodamiento,0.5
0.267,-6.175863846592775e-05,-0.40120577002604213,desgaste_rodamiento,0.5
0.268,-6.217207658181244e-05,-0.5253980939598978,desgaste_rodamiento,0.5
0.269,-6.208263891991336e-05,-0.5985933932085471,desgaste_rodamiento,0.5
0.27,-6.253405529249273e-05,-0.5660464526951667,desgaste_rodamiento,0.5
0.271,-6.451498220627424e-05,-0.45807776230566605,desgaste_rodamiento,0.5
0.272,-6.64991121927709e-05,-0.19528145882424036,desgaste_rodamiento,0.5
0.273,-6.810301535513856e-05,0.07917675198245476,desgaste_rodamiento,0.5
0.274,-7.114079797473916e-05,0.336416450612501,desgaste_rodamiento,0.5
0.275,-7.309244543977575e-05,0.5377781392781619,desgaste_rodamiento,0.5
0.276,-7.323032184837667e-05,0.6079916027473026,desgaste_rodamiento,0.5
0.277,-7.552832502438538e-05,0.5618500110614201,desgaste_rodamiento,0.5
0.278,-7.443903506348368e-05,0.4536912831985089,desgaste_rodamiento,0.5
0.279,-7.435947003845602e-05,0.30531846010655106,desgaste_rodamiento,0.5
0.28,-7.540483373270198e-05,0.17739600098581862,desgaste_rodamiento,0.5
0.281,-7.372031800815569e-05,0.07766134237323596,desgaste_rodamiento,0.5
0.28200000000000003,-7.126437880448156e-05,0.0005735675410617862,desgaste_rodamiento,0.5
0.28300000000000003,-7.184198477533741e-05,-0.11868569233540013,desgaste_rodamiento,0.5
0.28400000000000003,-7.041023230345113e-05,-0.20077440869418095,desgaste_rodamiento,0.5
0.28500000000000003,-6.88093082685111e-05,-0.3822408203608644,desgaste_rodamiento,0.5
0.28600000000000003,-6.79452584647089e-05,-0.50335807436343,desgaste_rodamiento,0.5
0.28700000000000003,-6.85462899502369e-05,-0.5884630346170748,desgaste_rodamiento,0.5
0.28800000000000003,-6.915059149226321e-05,-0.5919850067896181,desgaste_rodamiento,0.5
0.289,-6.852506783845078e-05,-0.4848456872043193,desgaste_rodamiento,0.5
0.29,-6.971467809264873e-05,-0.25835237553259016,desgaste_rodamiento,0.5
0.291,-7.207431374483247e-05,0.02158025960208361,desgaste_rodamiento,0.5
0.292,-7.463320143889396e-05,0.2971497122370664,desgaste_rodamiento,0.5
0.293,-7.701147159684979e-05,0.5173423916714952,desgaste_rodamiento,0.5
0.294,-7.829481986387721e-05,0.607418536539438,desgaste_rodamiento,0.5
0.295,-7.794276018957509e-05,0.5774151807144214,desgaste_rodamiento,0.5
0.296,-7.809269333539024e-05,0.48896505287657155,desgaste_rodamiento,0.5
0.297,-7.686317395041223e-05,0.34071303873672376,desgaste_rodamiento,0.5
0.298,-7.652375166398196e-05,0.20825740308703175,desgaste_rodamiento,0.5
0.299,-7.696024355587562e-05,0.09538260148308383,desgaste_rodamiento,0.5
0.3,-7.363834114137001e-05,-0.008289950109220604,desgaste_rodamiento,0.5
0.301,-7.376998047918362e-05,-0.09478294225276389,desgaste_rodamiento,0.5
0.302,-7.190580617583674e-05,-0.19301269809985488,desgaste_rodamiento,0.5
0.303,-7.016237224404136e-05,-0.3322591496425499,desgaste_rodamiento,0.5
0.304,-6.782034950038333e-05,-0.48127790217929917,desgaste_rodamiento,0.5
0.305,-6.63403629784212e-05,-0.5845533471249048,desgaste_rodamiento,0.5
0.306,-6.813892556948206e-05,-0.5925434747767572,desgaste_rodamiento,0.5
0.307,-6.919996362548446e-05,-0.5160578499340671,desgaste_rodamiento,0.5
0.308,-6.964765613416048e-05,-0.2983967216747494,desgaste_rodamiento,0.5
0.309,-7.076194822697689e-05,-0.028611324756195405,desgaste_rodamiento,0.5
0.31,-7.320919756447659e-05,0.25495929947719903,desgaste_rodamiento,0.5
0.311,-7.298690573690066e-05,0.49149356720185616,desgaste_rodamiento,0.5
0.312,-7.517942945244715e-05,0.6058850315678699,desgaste_rodamiento,0.5
0.313,-7.540529020593993e-05,0.6060323523535983,desgaste_rodamiento,0.5
0.314,-7.508224078203434e-05,0.5187826481739395,desgaste_rodamiento,0.5
0.315,-7.449195143141538e-05,0.36667076549698985,desgaste_rodamiento,0.5
0.316,-7.293806725762637e-05,0.2319898218184111,desgaste_rodamiento,0.5
0.317,-7.249914602776281e-05,0.10509451521669841,desgaste_rodamiento,0.5
0.318,-7.072010547090587e-05,0.01884459348256707,desgaste_rodamiento,0.5
0.319,-6.932336712767925e-05,-0.07382504368168682,desgaste_rodamiento,0.5
0.32,-6.635208938221524e-05,-0.1785809595395101,desgaste_rodamiento,0.5
0.321,-6.440899479934298e-05,-0.30808095292399473,desgaste_rodamiento,0.5
0.322,-6.320503314458698e-05,-0.46713900604203923,desgaste_rodamiento,0.5
0.323,-6.12025011105381e-05,-0.5533364532128711,desgaste_rodamiento,0.5
0.324,-6.190014316650667e-05,-0.6221383959717498,desgaste_rodamiento,0.5
0.325,-6.137582239815739e-05,-0.5502460160505749,desgaste_rodamiento,0.5
0.326,-6.327793971800327e-05,-0.33774833200592663,desgaste_rodamiento,0.5
0.327,-6.372911851392397e-05,-0.07186883160530465,desgaste_rodamiento,0.5
0.328,-6.407711992108552e-05,0.21510282356548124,desgaste_rodamiento,0.5
0.329,-6.504374147032576e-05,0.4545637976863086,desgaste_rodamiento,0.5
0.33,-6.664762459812503e-05,0.5871279551804978,desgaste_rodamiento,0.5
0.331,-6.666964236068393e-05,0.5992578693180176,desgaste_rodamiento,0.5
0.332,-6.735739096876936e-05,0.5306916298447915,desgaste_rodamiento,0.5
0.333,-6.54696820599709e-05,0.38860651104064803,desgaste_rodamiento,0.5
0.334,-6.304716299489234e-05,0.26104602329618565,desgaste_rodamiento,0.5
0.335,-6.147800931882495e-05,0.12697450493787976,desgaste_rodamiento,0.5
0.336,-5.9521209227878134e-05,0.02342023417539879,desgaste_rodamiento,0.5
0.337,-5.776480915440343e-05,-0.05943437465798731,desgaste_rodamiento,0.5
0.338,-5.57040197656607e-05,-0.1551908007778774,desgaste_rodamiento,0.5
0.339,-5.4216593283124855e-05,-0.2955425576434467,desgaste_rodamiento,0.5
0.34,-5.1400390799104065e-05,-0.44399538981072273,desgaste_rodamiento,0.5
0.341,-5.0191932444177556e-05,-0.5577490849522496,desgaste_rodamiento,0.5
0.342,-4.920745354614791e-05,-0.6127013039547646,desgaste_rodamiento,0.5
0.343,-4.962672689899664e-05,-0.567429763155096,desgaste_rodamiento,0.5
0.34400000000000003,-5.108894956970627e-05,-0.39701972248258105,desgaste_rodamiento,0.5
0.34500000000000003,-4.930489940721092e-05,-0.1303179514101256,desgaste_rodamiento,0.5
0.34600000000000003,-5.144666020303394e-05,0.1441185652551112,desgaste_rodamiento,0.5
0.34700000000000003,-5.26573072661338e-05,0.3982845870668407,desgaste_rodamiento,0.5
0.34800000000000003,-5.210133380023685e-05,0.5654678814160568,desgaste_rodamiento,0.5
0.34900000000000003,-5.306302810863832e-05,0.612954321535964,desgaste_rodamiento,0.5
0.35000000000000003,-5.148030982704805e-05,0.5553589321275716,desgaste_rodamiento,0.5
0.35100000000000003,-5.075758037307413e-05,0.43886718704051925,desgaste_rodamiento,0.5
0.352,-4.913785398057291e-05,0.28695553072612107,desgaste_rodamiento,0.5
0.353,-4.876129347613983e-05,0.14827689682657036,desgaste_rodamiento,0.5
0.354,-4.4627716309973554e-05,0.04817265090377884,desgaste_rodamiento,0.5
0.355,-4.3080606041300004e-05,-0.05016816040304345,desgaste_rodamiento,0.5
0.356,-4.1283327209395495e-05,-0.1399703508046624,desgaste_rodamiento,0.5
0.357,-3.870382837380955e-05,-0.2690189775565231,desgaste_rodamiento,0.5
0.358,-3.817686794869368e-05,-0.40855203504187626,desgaste_rodamiento,0.5
0.359,-3.48550319473908e-05,-0.5520306240741631,desgaste_rodamiento,0.5
0.36,-3.476692914175981e-05,-0.6094627373460684,desgaste_rodamiento,0.5
0.361,-3.440216076482724e-05,-0.5674809574005294,desgaste_rodamiento,0.5
0.362,-3.4502534234299196e-05,-0.43357808024980066,desgaste_rodamiento,0.5
0.363,-3.2954447992436764e-05,-0.1806967613642891,desgaste_rodamiento,0.5
0.364,-3.504318618391942e-05,0.11365358740193537,desgaste_rodamiento,0.5
0.365,-3.417572965981994e-05,0.3689619247380781,desgaste_rodamiento,0.5
0.366,-3.6285283808419524e-05,0.5560676810707745,desgaste_rodamiento,0.5
0.367,-3.723052968765571e-05,0.6183733245534901,desgaste_rodamiento,0.5
0.368,-3.623945410060569e-05,0.57332172646456,desgaste_rodamiento,0.5
0.369,-3.330572772345947e-05,0.4446388999647147,desgaste_rodamiento,0.5
0.37,-3.2712029352577275e-05,0.30651200049179816,desgaste_rodamiento,0.5
0.371,-3.09727887991552e-05,0.17748861583781347,desgaste_rodamiento,0.5
0.372,-2.815075734197224e-05,0.08031220347727477,desgaste_rodamiento,0.5
0.373,-2.547663402571989e-05,-0.014558020808035721,desgaste_rodamiento,0.5
0.374,-2.2558522280062074e-05,-0.09938022592274467,desgaste_rodamiento,0.5
0.375,-1.9912163206473904e-05,-0.25051161414151335,desgaste_rodamiento,0.5
0.376,-1.9076591121855144e-05,-0.3785009457151608,desgaste_rodamiento,0.5
0.377,-1.7914003771814395e-05,-0.5234106055546904,desgaste_rodamiento,0.5
0.378,-1.576024495687157e-05,-0.5888471117621933,desgaste_rodamiento,0.5
0.379,-1.4344110926060792e-05,-0.6074710576082977,desgaste_rodamiento,0.5
0.38,-1.4977633514242897e-05,-0.4779867540183402,desgaste_rodamiento,0.5
0.381,-1.5203680669125544e-05,-0.24158135151748447,desgaste_rodamiento,0.5
0.382,-1.479832071325747e-05,0.03250193602040026,desgaste_rodamiento,0.5
0.383,-1.5783846799726224e-05,0.3251392529680229,desgaste_rodamiento,0.5
0.384,-1.6223501656638542e-05,0.5232184673538461,desgaste_rodamiento,0.5
0.385,-1.689522970253745e-05,0.6190189809560736,desgaste_rodamiento,0.5
0.386,-1.5989589165702633e-05,0.5933143820501738,desgaste_rodamiento,0.5
0.387,-1.540801417245872e-05,0.4985920414936337,desgaste_rodamiento,0.5
0.388,-1.2364747755634805e-05,0.3442761861723654,desgaste_rodamiento,0.5
0.389,-1.0170025271351175e-05,0.19056068260096146,desgaste_rodamiento,0.5
0.39,-1.0022587329725778e-05,0.07512520210374042,desgaste_rodamiento,0.5
0.391,-6.846722717417079e-06,-0.003177779551705227,desgaste_rodamiento,0.5
0.392,-4.769450376630677e-06,-0.11584441183226546,desgaste_rodamiento,0.5
0.393,-1.6826190827207134e-06,-0.20180446103418942,desgaste_rodamiento,0.5
0.394,1.0221425203854694e-06,-0.350547319760142,desgaste_rodamiento,0.5
0.395,1.9837655100888923e-06,-0.5096088799844802,desgaste_rodamiento,0.5
0.396,3.957876440114176e-06,-0.6207305964878966,desgaste_rodamiento,0.5
0.397,4.898487579485798e-06,-0.5985427286527014,desgaste_rodamiento,0.5
0.398,6.212787360899071e-06,-0.5045051305756205,desgaste_rodamiento,0.5
0.399,5.943735010673336e-06,-0.2724718394643717,desgaste_rodamiento,0.5
0.4,4.788874656985417e-06,-0.015944276587936092,desgaste_rodamiento,0.5
0.401,4.778510225951024e-06,0.2789423460115231,desgaste_rodamiento,0.5
0.402,3.6631119100138896e-06,0.5037361841851268,desgaste_rodamiento,0.5
0.403,3.7013191016506405e-06,0.6132075549604482,desgaste_rodamiento,0.5
0.404,5.569046923886471e-06,0.6000972231474256,desgaste_rodamiento,0.5
0.405,6.304751845811397e-06,0.5124007651378256,desgaste_rodamiento,0.5
0.406,5.83186630187155e-06,0.353001830495463,desgaste_rodamiento,0.5
0.40700000000000003,9.425750980636301e-06,0.2198717841550275,desgaste_rodamiento,0.5
0.40800000000000003,1.1662849906215987e-05,0.10459351721375139,desgaste_rodamiento,0.5
0.40900000000000003,1.2574962518498117e-05,0.013313207492986404,desgaste_rodamiento,0.5
0.41000000000000003,1.6533772402596584e-05,-0.07777856590193126,desgaste_rodamiento,0.5
0.41100000000000003,1.95000260734806e-05,-0.20928959708165207,desgaste_rodamiento,0.5
0.41200000000000003,1.9724566244561473e-05,-0.3526880715042872,desgaste_rodamiento,0.5
0.41300000000000003,2.1857315467539337e-05,-0.47027785018570933,desgaste_rodamiento,0.5
0.41400000000000003,2.4890562201096838e-05,-0.5901035824194031,desgaste_rodamiento,0.5
0.41500000000000004,2.53383956213679e-05,-0.6283964699012634,desgaste_rodamiento,0.5
0.41600000000000004,2.5952596229108936e-05,-0.5180817350626783,desgaste_rodamiento,0.5
0.417,2.561309579825631e-05,-0.33095581899308035,desgaste_rodamiento,0.5
0.418,2.5039966081888958e-05,-0.04223514245071024,desgaste_rodamiento,0.5
0.419,2.293079969882927e-05,0.23760967006745393,desgaste_rodamiento,0.5
0.42,2.403651382738829e-05,0.4931843555556496,desgaste_rodamiento,0.5
0.421,2.3784196157686805e-05,0.6213551126287252,desgaste_rodamiento,0.5
0.422,2.292507959655902e-05,0.6136702777691441,desgaste_rodamiento,0.5
0.423,2.3893003090585344e-05,0.5407782100556333,desgaste_rodamiento,0.5
0.424,2.4146242031459255e-05,0.39919590856752324,desgaste_rodamiento,0.5
0.425,2.7556052429637246e-05,0.26101625914344867,desgaste_rodamiento,0.5
0.426,2.976816157501626e-05,0.11407565351537506,desgaste_rodamiento,0.5
0.427,3.163004451348255e-05,0.03165685191158991,desgaste_rodamiento,0.5
0.428,3.4941288084588645e-05,-0.0569857498843951,desgaste_rodamiento,0.5
0.429,3.62087534763556e-05,-0.19423751235858247,desgaste_rodamiento,0.5
0.43,3.9125138534644296e-05,-0.3242657983282287,desgaste_rodamiento,0.5
0.431,3.986979595290304e-05,-0.48032445087259984,desgaste_rodamiento,0.5
0.432,4.217348051836987e-05,-0.5831526931703923,desgaste_rodamiento,0.5
0.433,4.306566834379544e-05,-0.6187660018753118,desgaste_rodamiento,0.5
0.434,4.376925205266712e-05,-0.5450995347709566,desgaste_rodamiento,0.5
0.435,4.3118854771853636e-05,-0.37626966833361136,desgaste_rodamiento,0.5
0.436,4.263569558165512e-05,-0.09161215078604044,desgaste_rodamiento,0.5
0.437,4.245815923562634e-05,0.1729631123826751,desgaste_rodamiento,0.5
0.438,4.062928003805577e-05,0.42062864366876673,desgaste_rodamiento,0.5
0.439,3.914859156393649e-05,0.5900801833295352,desgaste_rodamiento,0.5
0.44,4.1618104739361715e-05,0.6281593243901754,desgaste_rodamiento,0.5
0.441,4.184554494284787e-05,0.5538395942865921,desgaste_rodamiento,0.5
0.442,4.0892029421918895e-05,0.40102271223689706,desgaste_rodamiento,0.5
0.443,4.395577049382376e-05,0.27343283858714407,desgaste_rodamiento,0.5
0.444,4.492196583111155e-05,0.13212371075744136,desgaste_rodamiento,0.5
0.445,4.757063049886878e-05,0.0486272762498316,desgaste_rodamiento,0.5
0.446,4.973291251157543e-05,-0.04688566869684718,desgaste_rodamiento,0.5
0.447,5.14535231275422e-05,-0.16535032646362915,desgaste_rodamiento,0.5
0.448,5.30342638662653e-05,-0.29290872167258597,desgaste_rodamiento,0.5
0.449,5.486195970546381e-05,-0.4464117809699391,desgaste_rodamiento,0.5
0.45,5.6057217128399775e-05,-0.565571595805752,desgaste_rodamiento,0.5
0.451,5.6968004417778034e-05,-0.6177201850486124,desgaste_rodamiento,0.5
0.452,5.7792707501113954e-05,-0.5926816212037698,desgaste_rodamiento,0.5
0.453,5.692087965305397e-05,-0.41416787865030813,desgaste_rodamiento,0.5
0.454,5.709169536431709e-05,-0.16647064499309502,desgaste_rodamiento,0.5
0.455,5.6508271193911764e-05,0.12689377086611592,desgaste_rodamiento,0.5
0.456,5.37065542512712e-05,0.3980869822962969,desgaste_rodamiento,0.5
0.457,5.335554414497979e-05,0.5628603516522397,desgaste_rodamiento,0.5
0.458,5.304670517972351e-05,0.6233016290685031,desgaste_rodamiento,0.5
0.459,5.309805669173042e-05,0.5631737834421748,desgaste_rodamiento,0.5
0.46,5.344914594166481e-05,0.46990221751480105,desgaste_rodamiento,0.5
0.461,5.51146094785469e-05,0.30248959327722325,desgaste_rodamiento,0.5
0.462,5.644107049580001e-05,0.16075304110696684,desgaste_rodamiento,0.5
0.463,5.686912749755322e-05,0.06184754659945941,desgaste_rodamiento,0.5
0.464,6.0310307253363326e-05,-0.03483375629811255,desgaste_rodamiento,0.5
0.465,6.215376099725268e-05,-0.13814186048532678,desgaste_rodamiento,0.5
0.466,6.261416661381517e-05,-0.2573594029236365,desgaste_rodamiento,0.5
0.467,6.472794811467402e-05,-0.4034024148506236,desgaste_rodamiento,0.5
0.468,6.637958629728783e-05,-0.552454603831096,desgaste_rodamiento,0.5
0.46900000000000003,6.636367225417906e-05,-0.6307963636531956,desgaste_rodamiento,0.5
0.47000000000000003,6.738671844463435e-05,-0.6043653476888996,desgaste_rodamiento,0.5
0.47100000000000003,6.77945534217352e-05,-0.48142154485136546,desgaste_rodamiento,0.5
0.47200000000000003,6.425496123483238e-05,-0.22855474930468533,desgaste_rodamiento,0.5
0.47300000000000003,6.229732960117875e-05,0.0951964341136136,desgaste_rodamiento,0.5
0.47400000000000003,6.199981589796054e-05,0.3737690913416803,desgaste_rodamiento,0.5
0.47500000000000003,6.0957961626922445e-05,0.5490614912217947,desgaste_rodamiento,0.5
0.47600000000000003,5.932179663870112e-05,0.6352801034283079,desgaste_rodamiento,0.5
0.47700000000000004,6.027356261330261e-05,0.5968088379398688,desgaste_rodamiento,0.5
0.47800000000000004,5.841750669518235e-05,0.5088992732738642,desgaste_rodamiento,0.5
0.47900000000000004,6.077110091716339e-05,0.3417923491161876,desgaste_rodamiento,0.5
0.48,6.0992865063978656e-05,0.1901916421235959,desgaste_rodamiento,0.5
0.481,6.422808875418028e-05,0.06869630740424813,desgaste_rodamiento,0.5
0.482,6.600949286476846e-05,-0.03297240333807086,desgaste_rodamiento,0.5
0.483,6.547674582947321e-05,-0.11451678399261692,desgaste_rodamiento,0.5
0.484,6.712080884777967e-05,-0.24730613747165503,desgaste_rodamiento,0.5
0.485,6.946935198240886e-05,-0.3998750858717227,desgaste_rodamiento,0.5
0.486,6.944585014288859e-05,-0.5338131140447125,desgaste_rodamiento,0.5
0.487,7.01590631462409e-05,-0.6302250391243461,desgaste_rodamiento,0.5
0.488,7.006238577412796e-05,-0.5995836899416402,desgaste_rodamiento,0.5
0.489,6.779997936622496e-05,-0.485508399245991,desgaste_rodamiento,0.5
0.49,6.791737789624507e-05,-0.264260899519514,desgaste_rodamiento,0.5
0.491,6.567582395767453e-05,0.04211285430678667,desgaste_rodamiento,0.5
0.492,6.397566525140511e-05,0.31321920856481084,desgaste_rodamiento,0.5
0.493,6.377027890525124e-05,0.5171051169058369,desgaste_rodamiento,0.5
0.494,6.043073425260536e-05,0.6414112666408379,desgaste_rodamiento,0.5
0.495,6.129186598420455e-05,0.6148752608701503,desgaste_rodamiento,0.5
0.496,6.035616129532471e-05,0.4945728916242126,desgaste_rodamiento,0.5
0.497,6.079129985700814e-05,0.3575977891993693,desgaste_rodamiento,0.5
0.498,6.24543416925007e-05,0.20754358509533435,desgaste_rodamiento,0.5
0.499,6.322196291412845e-05,0.08384209853799107,desgaste_rodamiento,0.5
0.5,6.463738652343735e-05,0.009261775475315353,desgaste_rodamiento,0.5
0.501,6.620832290782197e-05,-0.07865117805830901,desgaste_rodamiento,0.5
0.502,6.643159258930975e-05,-0.230568642918374,desgaste_rodamiento,0.5
0.503,6.72593432518902e-05,-0.35444510790014555,desgaste_rodamiento,0.5
0.504,6.763005005755775e-05,-0.5123246105689961,desgaste_rodamiento,0.5
0.505,6.810496189377784e-05,-0.6154544489115976,desgaste_rodamiento,0.5
0.506,7.068301070349082e-05,-0.633271946218291,desgaste_rodamiento,0.5
0.507,6.844212685796437e-05,-0.5353861918155509,desgaste_rodamiento,0.5
0.508,6.492136972442813e-05,-0.3126145057084975,desgaste_rodamiento,0.5
0.509,6.296611646451607e-05,-0.035685711436678924,desgaste_rodamiento,0.5
0.51,6.217906784272147e-05,0.2675721763007892,desgaste_rodamiento,0.5
0.511,6.017484038191195e-05,0.49532003205837194,desgaste_rodamiento,0.5
0.512,5.8488213700348615e-05,0.6163162426226478,desgaste_rodamiento,0.5
0.513,5.672902717947378e-05,0.6131520511575824,desgaste_rodamiento,0.5
0.514,5.6290396218655675e-05,0.5246649178417042,desgaste_rodamiento,0.5
0.515,5.664979344305086e-05,0.396175164592445,desgaste_rodamiento,0.5
0.516,5.6922780342050046e-05,0.24718463588351788,desgaste_rodamiento,0.5
0.517,5.592836926412516e-05,0.10827549901172773,desgaste_rodamiento,0.5
0.518,5.837293699108212e-05,0.018152303573235513,desgaste_rodamiento,0.5
0.519,5.8872334741734706e-05,-0.07191521435466822,desgaste_rodamiento,0.5
0.52,6.0586060069166084e-05,-0.21077590237140179,desgaste_rodamiento,0.5
0.521,6.350274357838744e-05,-0.3290206516689226,desgaste_rodamiento,0.5
0.522,6.199155509600314e-05,-0.4894693924279144,desgaste_rodamiento,0.5
0.523,6.152851820680934e-05,-0.5930758832765533,desgaste_rodamiento,0.5
0.524,6.196784279520684e-05,-0.6419700315775543,desgaste_rodamiento,0.5
0.525,6.05072599278041e-05,-0.5735266541999073,desgaste_rodamiento,0.5
0.526,5.871363996717061e-05,-0.37605334881662156,desgaste_rodamiento,0.5
0.527,5.66240786086595e-05,-0.08161112426769514,desgaste_rodamiento,0.5
0.528,5.525897306095946e-05,0.21754642510875044,desgaste_rodamiento,0.5
0.529,5.0415074118212996e-05,0.4529789571963043,desgaste_rodamiento,0.5
0.53,4.9559126763625134e-05,0.6133903117601099,desgaste_rodamiento,0.5
0.531,4.692892229325481e-05,0.6150333997630469,desgaste_rodamiento,0.5
0.532,4.711220511384215e-05,0.5535803926715113,desgaste_rodamiento,0.5
0.533,4.5607899277995385e-05,0.4055921534162147,desgaste_rodamiento,0.5
0.534,4.607769254587584e-05,0.26248591969739443,desgaste_rodamiento,0.5
0.535,4.657784183832194e-05,0.13993416992719765,desgaste_rodamiento,0.5
0.536,4.814461719529652e-05,0.026108121635048595,desgaste_rodamiento,0.5
0.537,4.876672083220983e-05,-0.06534528572635673,desgaste_rodamiento,0.5
0.538,4.774665584332965e-05,-0.16220785249697567,desgaste_rodamiento,0.5
0.539,4.923716626241597e-05,-0.31474719956019553,desgaste_rodamiento,0.5
0.54,4.8909419766301446e-05,-0.4503433512547824,desgaste_rodamiento,0.5
0.541,4.834966670591962e-05,-0.5955467549975092,desgaste_rodamiento,0.5
0.542,4.846615031208739e-05,-0.6322086538064308,desgaste_rodamiento,0.5
0.543,4.709733899141021e-05,-0.5659568513934019,desgaste_rodamiento,0.5
0.544,4.7277680093385106e-05,-0.4285788082640173,desgaste_rodamiento,0.5
0.545,4.334400089568619e-05,-0.144353944856996,desgaste_rodamiento,0.5
0.546,3.925788521161639e-05,0.16885190479601828,desgaste_rodamiento,0.5
0.547,3.718324024839622e-05,0.4224878500684432,desgaste_rodamiento,0.5
0.548,3.600390914833445e-05,0.5947439575855953,desgaste_rodamiento,0.5
0.549,3.4926128697671664e-05,0.6314631938006664,desgaste_rodamiento,0.5
0.55,3.082689712254329e-05,0.5769064944347232,desgaste_rodamiento,0.5
0.551,2.990538746064065e-05,0.444911044328184,desgaste_rodamiento,0.5
0.552,3.2575668515506216e-05,0.3083385595541405,desgaste_rodamiento,0.5
0.553,3.1619526828808134e-05,0.1644820865416213,desgaste_rodamiento,0.5
0.554,3.106341458370563e-05,0.05617276906305046,desgaste_rodamiento,0.5
0.555,3.2637660382516614e-05,-0.04795824872511001,desgaste_rodamiento,0.5
0.556,3.071808136486939e-05,-0.15602979268665532,desgaste_rodamiento,0.5
0.557,3.310952607299874e-05,-0.28813500426652083,desgaste_rodamiento,0.5
0.558,3.3514395669442995e-05,-0.4297156217183283,desgaste_rodamiento,0.5
0.559,3.3760073721529825e-05,-0.5714576792719348,desgaste_rodamiento,0.5
0.56,3.156393920925303e-05,-0.6340784614658483,desgaste_rodamiento,0.5
0.561,3.107491340253615e-05,-0.5805725026340101,desgaste_rodamiento,0.5
0.562,2.83616468171414e-05,-0.4363194692831202,desgaste_rodamiento,0.5
0.5630000000000001,2.6810330221093162e-05,-0.19307231416149753,desgaste_rodamiento,0.5
0.5640000000000001,2.316265829618087e-05,0.12168933637255278,desgaste_rodamiento,0.5
0.5650000000000001,2.0729177596697474e-05,0.3794738152946816,desgaste_rodamiento,0.5
0.5660000000000001,1.7731180752945353e-05,0.5504105083596519,desgaste_rodamiento,0.5
0.5670000000000001,1.6896665939884134e-05,0.6294949052236216,desgaste_rodamiento,0.5
0.5680000000000001,1.5552013421138153e-05,0.5767980484422819,desgaste_rodamiento,0.5
0.5690000000000001,1.3821441429741387e-05,0.4711075223439373,desgaste_rodamiento,0.5
0.5700000000000001,1.365073535535869e-05,0.3251723497814582,desgaste_rodamiento,0.5
0.5710000000000001,1.253154040121316e-05,0.20226143480919873,desgaste_rodamiento,0.5
0.5720000000000001,1.3686302147742275e-05,0.0748084344449173,desgaste_rodamiento,0.5
0.5730000000000001,1.4286804326247877e-05,-0.02851010998588478,desgaste_rodamiento,0.5
0.5740000000000001,1.6753143047297962e-05,-0.12241432518824974,desgaste_rodamiento,0.5
0.5750000000000001,1.425428525077704e-05,-0.2811950364040025,desgaste_rodamiento,0.5
0.5760000000000001,1.63626000966368e-05,-0.4056258986794002,desgaste_rodamiento,0.5
0.577,1.5801805467004272e-05,-0.5403415446211199,desgaste_rodamiento,0.5
0.578,1.4569607221796319e-05,-0.6476866996317941,desgaste_rodamiento,0.5
0.579,1.4419517936686593e-05,-0.6068416977763573,desgaste_rodamiento,0.5
0.58,1.1454557994972862e-05,-0.47961028584551263,desgaste_rodamiento,0.5
0.581,9.020819116830496e-06,-0.246093906211166,desgaste_rodamiento,0.5
0.582,5.874975388432041e-06,0.061496553671938604,desgaste_rodamiento,0.5
0.583,3.9524710365616746e-06,0.36212136529316774,desgaste_rodamiento,0.5
0.584,1.174463757204343e-06,0.548148607732125,desgaste_rodamiento,0.5
0.585,-2.3606963237512966e-06,0.6401680776369274,desgaste_rodamiento,0.5
0.586,-4.512362639963553e-06,0.6077292713630411,desgaste_rodamiento,0.5
0.587,-4.6532437832743776e-06,0.49335861706033424,desgaste_rodamiento,0.5
0.588,-5.551534618339635e-06,0.3621032754578172,desgaste_rodamiento,0.5
0.589,-5.004168290172128e-06,0.20156058515652012,desgaste_rodamiento,0.5
0.59,-3.7439995512229554e-06,0.09176798667714225,desgaste_rodamiento,0.5
0.591,-4.622276011816473e-06,-0.013578205659512229,desgaste_rodamiento,0.5
0.592,-3.85226792311889e-06,-0.10609806097081168,desgaste_rodamiento,0.5
0.593,-3.381369149162912e-06,-0.23157272633168652,desgaste_rodamiento,0.5
0.594,-2.561664531811127e-06,-0.37153485834825895,desgaste_rodamiento,0.5
0.595,-5.000817059157101e-06,-0.5320390287713745,desgaste_rodamiento,0.5
0.596,-4.278663466906201e-06,-0.6281654245245084,desgaste_rodamiento,0.5
0.597,-4.759618025397431e-06,-0.6410009585398132,desgaste_rodamiento,0.5
0.598,-5.7399465890260295e-06,-0.5219487392741031,desgaste_rodamiento,0.5
0.599,-9.344158715197822e-06,-0.288582717905784,desgaste_rodamiento,0.5
0.6,-1.3110799446705185e-05,0.007569886166452659,desgaste_rodamiento,0.5
0.601,-1.4049861256526251e-05,0.2831966202976141,desgaste_rodamiento,0.5
0.602,-1.7686108184379315e-05,0.5264372765987199,desgaste_rodamiento,0.5
0.603,-2.037468795358693e-05,0.6452465273815896,desgaste_rodamiento,0.5
0.604,-2.162674544236814e-05,0.6303265689457042,desgaste_rodamiento,0.5
0.605,-2.232096050648303e-05,0.5466187372050736,desgaste_rodamiento,0.5
0.606,-2.3084684324821186e-05,0.37514325462220505,desgaste_rodamiento,0.5
0.607,-2.4280858960400936e-05,0.22331759965897155,desgaste_rodamiento,0.5
0.608,-2.1585711286529497e-05,0.09364446011491456,desgaste_rodamiento,0.5
0.609,-2.0806018739520898e-05,0.023814274851213228,desgaste_rodamiento,0.5
0.61,-2.072685881291871e-05,-0.08507926944280284,desgaste_rodamiento,0.5
0.611,-2.15640476876237e-05,-0.21192216950924886,desgaste_rodamiento,0.5
0.612,-2.0465825066887524e-05,-0.35287106496568726,desgaste_rodamiento,0.5
0.613,-2.021530448042479e-05,-0.5154545316231718,desgaste_rodamiento,0.5
0.614,-2.0076054517596447e-05,-0.5904299832111757,desgaste_rodamiento,0.5
0.615,-2.0894149816477258e-05,-0.6388614062925029,desgaste_rodamiento,0.5
0.616,-2.34411857155824e-05,-0.5472582999169855,desgaste_rodamiento,0.5
0.617,-2.4880207390288325e-05,-0.3334033446469207,desgaste_rodamiento,0.5
0.618,-2.708606780969425e-05,-0.050567320985174156,desgaste_rodamiento,0.5
0.619,-2.8997596891240665e-05,0.24515856383099616,desgaste_rodamiento,0.5
0.62,-3.213323454013393e-05,0.4772609354376795,desgaste_rodamiento,0.5
0.621,-3.425672809208983e-05,0.6262006112777405,desgaste_rodamiento,0.5
0.622,-3.641681173176404e-05,0.6556551487513838,desgaste_rodamiento,0.5
0.623,-3.6373158895122726e-05,0.5657317665092502,desgaste_rodamiento,0.5
0.624,-3.7490386922074975e-05,0.4279229700090088,desgaste_rodamiento,0.5
0.625,-3.8305152209155395e-05,0.25723501394993076,desgaste_rodamiento,0.5
0.626,-3.6073856493755895e-05,0.12285597895520652,desgaste_rodamiento,0.5
0.627,-3.590826629570052e-05,0.025530297341560797,desgaste_rodamiento,0.5
0.628,-3.599583711094635e-05,-0.07226733049847538,desgaste_rodamiento,0.5
0.629,-3.52584338964852e-05,-0.17756411117019985,desgaste_rodamiento,0.5
0.63,-3.401683028584792e-05,-0.34639290197741657,desgaste_rodamiento,0.5
0.631,-3.349800151355562e-05,-0.46482209051809564,desgaste_rodamiento,0.5
0.632,-3.370439882191133e-05,-0.6029809652115896,desgaste_rodamiento,0.5
0.633,-3.4146985886734326e-05,-0.6494346145980991,desgaste_rodamiento,0.5
0.634,-3.4232574573611746e-05,-0.5854873628122015,desgaste_rodamiento,0.5
0.635,-3.646378802074597e-05,-0.40303581498092633,desgaste_rodamiento,0.5
0.636,-3.936806854202626e-05,-0.10227822439203692,desgaste_rodamiento,0.5
0.637,-4.126677877858317e-05,0.19203485115244565,desgaste_rodamiento,0.5
0.638,-4.5172641920153514e-05,0.4358887774987693,desgaste_rodamiento,0.5
0.639,-4.616183650901734e-05,0.5940625992468207,desgaste_rodamiento,0.5
0.64,-4.663949464062339e-05,0.6406385565424112,desgaste_rodamiento,0.5
0.641,-4.910504987759059e-05,0.5915000693668896,desgaste_rodamiento,0.5
0.642,-4.987681901715121e-05,0.4382700149156209,desgaste_rodamiento,0.5
0.643,-4.94947483591158e-05,0.27472957336913706,desgaste_rodamiento,0.5
0.644,-4.922781690968278e-05,0.15260741360108906,desgaste_rodamiento,0.5
0.645,-4.816933664765388e-05,0.04241107182257451,desgaste_rodamiento,0.5
0.646,-4.692017467408687e-05,-0.08135589289279034,desgaste_rodamiento,0.5
0.647,-4.678892081892065e-05,-0.16689475170538465,desgaste_rodamiento,0.5
0.648,-4.490009660489032e-05,-0.305793130855879,desgaste_rodamiento,0.5
0.649,-4.36414216701132e-05,-0.44801067503704634,desgaste_rodamiento,0.5
0.65,-4.4807025857152465e-05,-0.5667744554859634,desgaste_rodamiento,0.5
0.651,-4.323899707351255e-05,-0.6350887287263716,desgaste_rodamiento,0.5
0.652,-4.4877522697882946e-05,-0.6011118033156249,desgaste_rodamiento,0.5
0.653,-4.595518604037764e-05,-0.4405597392454371,desgaste_rodamiento,0.5
0.654,-4.9224151991120903e-05,-0.13921382632289464,desgaste_rodamiento,0.5
0.655,-5.032577385894963e-05,0.1385639806919388,desgaste_rodamiento,0.5
0.656,-5.404876831282168e-05,0.40897698052144565,desgaste_rodamiento,0.5
0.657,-5.4485636263822334e-05,0.5880160484462829,desgaste_rodamiento,0.5
0.658,-5.646685398760705e-05,0.6494318415399286,desgaste_rodamiento,0.5
0.659,-5.697097847068548e-05,0.5936799575826521,desgaste_rodamiento,0.5
0.66,-5.845205430558686e-05,0.4634852815980226,desgaste_rodamiento,0.5
0.661,-5.785906810676186e-05,0.3123965021990348,desgaste_rodamiento,0.5
0.662,-5.593947810401332e-05,0.1780681328050728,desgaste_rodamiento,0.5
0.663,-5.6080807258543295e-05,0.0585991043813131,desgaste_rodamiento,0.5
0.664,-5.383587531671683e-05,-0.04331942307707012,desgaste_rodamiento,0.5
0.665,-5.404513476714774e-05,-0.14383556713594356,desgaste_rodamiento,0.5
0.666,-5.1254576391909734e-05,-0.2804224082952777,desgaste_rodamiento,0.5
0.667,-5.194017904313658e-05,-0.41399598673515103,desgaste_rodamiento,0.5
0.668,-5.001243180996528e-05,-0.5932590507833502,desgaste_rodamiento,0.5
0.669,-4.988373673415429e-05,-0.6329450902747511,desgaste_rodamiento,0.5
0.67,-5.142099145056507e-05,-0.6049798884097831,desgaste_rodamiento,0.5
0.671,-5.158023896011645e-05,-0.4901100824179134,desgaste_rodamiento,0.5
0.672,-5.348808770929554e-05,-0.22167546061462218,desgaste_rodamiento,0.5
0.673,-5.610093434179473e-05,0.07964337136570547,desgaste_rodamiento,0.5
0.674,-5.851439833632392e-05,0.35150786301112363,desgaste_rodamiento,0.5
0.675,-6.10618331468329e-05,0.557470008033311,desgaste_rodamiento,0.5
0.676,-6.064832438217472e-05,0.6358999034962115,desgaste_rodamiento,0.5
0.677,-6.284113126852538e-05,0.6304256625450169,desgaste_rodamiento,0.5
0.678,-6.165473164248721e-05,0.5061158916713074,desgaste_rodamiento,0.5
0.679,-6.143340413220339e-05,0.35920431079206216,desgaste_rodamiento,0.5
0.68,-5.9772468327015965e-05,0.2099588836439074,desgaste_rodamiento,0.5
0.681,-5.928082543271298e-05,0.07230027516620155,desgaste_rodamiento,0.5
0.682,-5.790819687991119e-05,-0.023352328575408515,desgaste_rodamiento,0.5
0.683,-5.5669407614211574e-05,-0.11922701473013089,desgaste_rodamiento,0.5
0.684,-5.46074742792637e-05,-0.2649841653227174,desgaste_rodamiento,0.5
0.685,-5.3432724722395966e-05,-0.395434942683844,desgaste_rodamiento,0.5
0.686,-5.246253756899048e-05,-0.5485433895493242,desgaste_rodamiento,0.5
0.687,-5.3581456331176745e-05,-0.6416054989270794,desgaste_rodamiento,0.5
0.6880000000000001,-5.200434320462384e-05,-0.6252727330293187,desgaste_rodamiento,0.5
0.6890000000000001,-5.291278880879985e-05,-0.5014198698764054,desgaste_rodamiento,0.5
0.6900000000000001,-5.54956046918685e-05,-0.2735958065637105,desgaste_rodamiento,0.5
0.6910000000000001,-5.6618597106202237e-05,0.03949553576653348,desgaste_rodamiento,0.5
0.6920000000000001,-5.82741848865835e-05,0.3085212470063349,desgaste_rodamiento,0.5
0.6930000000000001,-5.996520261291032e-05,0.5442221379144184,desgaste_rodamiento,0.5
0.6940000000000001,-6.0774312539893655e-05,0.6484346255856056,desgaste_rodamiento,0.5
0.6950000000000001,-6.0501585304112485e-05,0.624750046555444,desgaste_rodamiento,0.5
0.6960000000000001,-6.068057309742352e-05,0.5264267837417489,desgaste_rodamiento,0.5
0.6970000000000001,-6.182796414924753e-05,0.3629215556298462,desgaste_rodamiento,0.5
0.6980000000000001,-5.9215507757849636e-05,0.23731287788763106,desgaste_rodamiento,0.5
0.6990000000000001,-5.7226913285443105e-05,0.10206391646098352,desgaste_rodamiento,0.5
0.7000000000000001,-5.6315432289071806e-05,-0.005227230205196913,desgaste_rodamiento,0.5
0.7010000000000001,-5.4088056961651346e-05,-0.09347115815209864,desgaste_rodamiento,0.5
0.7020000000000001,-5.173805775655206e-05,-0.23529786990533808,desgaste_rodamiento,0.5
0.7030000000000001,-5.0996619842544964e-05,-0.3898855938202537,desgaste_rodamiento,0.5
0.704,-5.039203506686385e-05,-0.5392921377085697,desgaste_rodamiento,0.5
0.705,-4.904411236196031e-05,-0.6224897510313405,desgaste_rodamiento,0.5
0.706,-4.9557997145867314e-05,-0.6560577965629217,desgaste_rodamiento,0.5
0.707,-5.010421012204971e-05,-0.5211750654446776,desgaste_rodamiento,0.5
0.708,-5.1421612528353784e-05,-0.3405711943690143,desgaste_rodamiento,0.5
0.709,-5.140675961685621e-05,-0.010977992433558181,desgaste_rodamiento,0.5
0.71,-5.4829406721418026e-05,0.2725370379361069,desgaste_rodamiento,0.5
0.711,-5.4493935344737936e-05,0.5058569007498381,desgaste_rodamiento,0.5
0.712,-5.633560975790918e-05,0.6283781267768874,desgaste_rodamiento,0.5
0.713,-5.825360619326121e-05,0.6436580019918088,desgaste_rodamiento,0.5
0.714,-5.672415246436215e-05,0.5477446383750886,desgaste_rodamiento,0.5
0.715,-5.781655110138655e-05,0.4155039708191125,desgaste_rodamiento,0.5
0.716,-5.445267617877923e-05,0.2554671392912769,desgaste_rodamiento,0.5
0.717,-5.262557571277669e-05,0.12658660039693417,desgaste_rodamiento,0.5
0.718,-5.192321336696766e-05,0.014632181638240486,desgaste_rodamiento,0.5
0.719,-4.946641474602822e-05,-0.08491616961322254,desgaste_rodamiento,0.5
0.72,-4.618580024150986e-05,-0.2013405307445241,desgaste_rodamiento,0.5
0.721,-4.631497317055834e-05,-0.3660672098359066,desgaste_rodamiento,0.5
0.722,-4.52629998845845e-05,-0.5132795357606322,desgaste_rodamiento,0.5
0.723,-4.2280599792420824e-05,-0.6087354307112929,desgaste_rodamiento,0.5
0.724,-4.142103349083641e-05,-0.6483935039697355,desgaste_rodamiento,0.5
0.725,-4.304468371179132e-05,-0.5696086436068024,desgaste_rodamiento,0.5
0.726,-4.300097034710432e-05,-0.3669771013610653,desgaste_rodamiento,0.5
0.727,-4.39323939061389e-05,-0.08024425450705219,desgaste_rodamiento,0.5
0.728,-4.6911940624913976e-05,0.21384381301036479,desgaste_rodamiento,0.5
0.729,-4.802504154315355e-05,0.46391718123708975,desgaste_rodamiento,0.5
0.73,-4.767260517575271e-05,0.6228595011354346,desgaste_rodamiento,0.5
0.731,-4.7724376089185096e-05,0.6383205813615114,desgaste_rodamiento,0.5
0.732,-4.8336231330639634e-05,0.5753849666406712,desgaste_rodamiento,0.5
0.733,-4.8569574610748796e-05,0.4163276830196114,desgaste_rodamiento,0.5
0.734,-4.5014995502525384e-05,0.2916974713583445,desgaste_rodamiento,0.5
0.735,-4.5204385386498324e-05,0.1518909716918964,desgaste_rodamiento,0.5
0.736,-4.30951006216925e-05,0.03939444461613876,desgaste_rodamiento,0.5
0.737,-4.051582208903719e-05,-0.05535696602822124,desgaste_rodamiento,0.5
0.738,-3.753021672149953e-05,-0.16464325070705882,desgaste_rodamiento,0.5
0.739,-3.6113507462530145e-05,-0.3121137907784688,desgaste_rodamiento,0.5
0.74,-3.4723561719953476e-05,-0.4930528643287056,desgaste_rodamiento,0.5
0.741,-3.335793405854394e-05,-0.6137600445662692,desgaste_rodamiento,0.5
0.742,-3.289781871649375e-05,-0.6592647464715122,desgaste_rodamiento,0.5
0.743,-3.235532735952459e-05,-0.5925932394513491,desgaste_rodamiento,0.5
0.744,-3.517897062442097e-05,-0.40668194302086036,desgaste_rodamiento,0.5
0.745,-3.4430452797532095e-05,-0.14623241681492222,desgaste_rodamiento,0.5
0.746,-3.524120876122712e-05,0.16804338725705462,desgaste_rodamiento,0.5
0.747,-3.7499466586241514e-05,0.42534985509349915,desgaste_rodamiento,0.5
0.748,-3.7216994903653444e-05,0.5975776874490972,desgaste_rodamiento,0.5
0.749,-3.803803085983446e-05,0.6388567552393374,desgaste_rodamiento,0.5
0.75,-3.628373259719668e-05,0.5831556207900136,desgaste_rodamiento,0.5
0.751,-3.554292622548455e-05,0.4482924392029193,desgaste_rodamiento,0.5
0.752,-3.569773960821254e-05,0.2994332250944052,desgaste_rodamiento,0.5
0.753,-3.367733641182034e-05,0.18073169398260713,desgaste_rodamiento,0.5
0.754,-3.1593709084711426e-05,0.046334474909999646,desgaste_rodamiento,0.5
0.755,-2.9738708513529054e-05,-0.020040094286299152,desgaste_rodamiento,0.5
0.756,-2.7085470350304805e-05,-0.1539744802314207,desgaste_rodamiento,0.5
0.757,-2.5745449667802043e-05,-0.29400263269061877,desgaste_rodamiento,0.5
0.758,-2.417418445703039e-05,-0.4571302313910683,desgaste_rodamiento,0.5
0.759,-2.135728169501233e-05,-0.5762054622286785,desgaste_rodamiento,0.5
0.76,-2.038754765138148e-05,-0.6578794228140283,desgaste_rodamiento,0.5
0.761,-2.112667499491143e-05,-0.6126572372377846,desgaste_rodamiento,0.5
0.762,-2.0105681906588482e-05,-0.4279182477005905,desgaste_rodamiento,0.5
0.763,-2.206132111938876e-05,-0.19421917604243177,desgaste_rodamiento,0.5
0.764,-2.2480023965266825e-05,0.12314478176337275,desgaste_rodamiento,0.5
0.765,-2.316697849483798e-05,0.3836569603940798,desgaste_rodamiento,0.5
0.766,-2.467762021750094e-05,0.581866128085427,desgaste_rodamiento,0.5
0.767,-2.467423432350252e-05,0.6716275978939253,desgaste_rodamiento,0.5
0.768,-2.515138582595883e-05,0.6047922044424795,desgaste_rodamiento,0.5
0.769,-2.3996956210696542e-05,0.5076739789239164,desgaste_rodamiento,0.5
0.77,-2.2530712506910398e-05,0.34460655092053843,desgaste_rodamiento,0.5
0.771,-2.1046056941023675e-05,0.18856144641550943,desgaste_rodamiento,0.5
0.772,-1.8446259010280643e-05,0.08169701842368025,desgaste_rodamiento,0.5
0.773,-1.719204871458249e-05,-0.018040298890913985,desgaste_rodamiento,0.5
0.774,-1.4052481116968043e-05,-0.13101760596491624,desgaste_rodamiento,0.5
0.775,-1.1639821565757392e-05,-0.2855957833603118,desgaste_rodamiento,0.5
0.776,-9.569767200455987e-06,-0.4290470905219884,desgaste_rodamiento,0.5
0.777,-7.885096131619482e-06,-0.5656595246305159,desgaste_rodamiento,0.5
0.778,-6.554718783636437e-06,-0.6483275690155388,desgaste_rodamiento,0.5
0.779,-5.556144505188309e-06,-0.6245743557414583,desgaste_rodamiento,0.5
0.78,-5.303617207516475e-06,-0.49007767759686244,desgaste_rodamiento,0.5
0.781,-7.070461915994408e-06,-0.2594875648910774,desgaste_rodamiento,0.5
0.782,-8.47093989720269e-06,0.05991171539408467,desgaste_rodamiento,0.5
0.783,-9.420015819330966e-06,0.35145495834810314,desgaste_rodamiento,0.5
0.784,-9.851213155158537e-06,0.5621276109342651,desgaste_rodamiento,0.5
0.785,-1.0150324103060461e-05,0.6617311678859924,desgaste_rodamiento,0.5
0.786,-1.0253772303820344e-05,0.6353588046852269,desgaste_rodamiento,0.5
0.787,-9.786135410504742e-06,0.5208633530399787,desgaste_rodamiento,0.5
0.788,-7.702802889127184e-06,0.36553256234001485,desgaste_rodamiento,0.5
0.789,-5.333656223042735e-06,0.2025114255565031,desgaste_rodamiento,0.5
0.79,-2.8525063968997338e-06,0.09987253693561857,desgaste_rodamiento,0.5
0.791,-1.4181398457152707e-06,-0.007183245203975544,desgaste_rodamiento,0.5
0.792,1.048267976734154e-06,-0.11352943606853956,desgaste_rodamiento,0.5
0.793,2.9481489988067932e-06,-0.25727220979208193,desgaste_rodamiento,0.5
0.794,5.72664700364411e-06,-0.4053975197567732,desgaste_rodamiento,0.5
0.795,6.852171172440956e-06,-0.5306522278197977,desgaste_rodamiento,0.5
0.796,9.229020967833558e-06,-0.6399863640995845,desgaste_rodamiento,0.5
0.797,8.133805572242503e-06,-0.6367371894645035,desgaste_rodamiento,0.5
0.798,9.283670179786059e-06,-0.5263323421003094,desgaste_rodamiento,0.5
0.799,9.265705512807774e-06,-0.2968844056563914,desgaste_rodamiento,0.5
0.8,8.242478964046067e-06,0.009382838059775772,desgaste_rodamiento,0.5
0.801,9.079993583956728e-06,0.29205440461998383,desgaste_rodamiento,0.5
0.802,6.367203989801657e-06,0.5277004963729447,desgaste_rodamiento,0.5
0.803,4.817874000202328e-06,0.6391801265565483,desgaste_rodamiento,0.5
0.804,5.580477852651058e-06,0.6356272917307362,desgaste_rodamiento,0.5
0.805,5.0071802678498635e-06,0.5385714568357646,desgaste_rodamiento,0.5
0.806,7.589057033512521e-06,0.3973187185293573,desgaste_rodamiento,0.5
0.807,8.764646807297256e-06,0.24016663240781544,desgaste_rodamiento,0.5
0.808,1.2161526848965026e-05,0.12908868004968765,desgaste_rodamiento,0.5
0.809,1.3284504635538914e-05,0.0003414925036932595,desgaste_rodamiento,0.5
0.81,1.5912967645009434e-05,-0.09774505425298789,desgaste_rodamiento,0.5
0.811,1.7759212830698426e-05,-0.22417282781232745,desgaste_rodamiento,0.5
0.812,2.1633685327844947e-05,-0.3527479962171123,desgaste_rodamiento,0.5
0.8130000000000001,2.1821149193681664e-05,-0.5155375718789932,desgaste_rodamiento,0.5
0.8140000000000001,2.478710695488112e-05,-0.618049439662435,desgaste_rodamiento,0.5
0.8150000000000001,2.4770269984940215e-05,-0.6670763353876914,desgaste_rodamiento,0.5
0.8160000000000001,2.4616107555709635e-05,-0.5549223912340292,desgaste_rodamiento,0.5
0.8170000000000001,2.40209318099681e-05,-0.3371081557641483,desgaste_rodamiento,0.5
0.8180000000000001,2.308406862284769e-05,-0.055396605661590874,desgaste_rodamiento,0.5
0.8190000000000001,2.0156436750672532e-05,0.25730345626251516,desgaste_rodamiento,0.5
0.8200000000000001,2.0356237937396632e-05,0.48782286572057104,desgaste_rodamiento,0.5
0.8210000000000001,2.05292405785381e-05,0.646560407554809,desgaste_rodamiento,0.5
0.8220000000000001,1.9720595931214597e-05,0.6726404771761394,desgaste_rodamiento,0.5
0.8230000000000001,1.9215258517019652e-05,0.561778412332699,desgaste_rodamiento,0.5
0.8240000000000001,2.139074601981656e-05,0.41942838084981376,desgaste_rodamiento,0.5
0.8250000000000001,2.435495377056565e-05,0.28614309779293146,desgaste_rodamiento,0.5
0.8260000000000001,2.5972962787571874e-05,0.15410583541165732,desgaste_rodamiento,0.5
0.8270000000000001,2.7151405371834117e-05,0.022783843520940934,desgaste_rodamiento,0.5
0.8280000000000001,3.01791718278063e-05,-0.0802505939193501,desgaste_rodamiento,0.5
0.8290000000000001,3.138814092613871e-05,-0.19858586660454403,desgaste_rodamiento,0.5
0.8300000000000001,3.242006085957604e-05,-0.3533288592118242,desgaste_rodamiento,0.5
0.8310000000000001,3.479177927554612e-05,-0.5016248719008662,desgaste_rodamiento,0.5
0.8320000000000001,3.802781662020429e-05,-0.6242024247852548,desgaste_rodamiento,0.5
0.833,3.7375945374594695e-05,-0.6645364228034216,desgaste_rodamiento,0.5
0.834,3.750964215100591e-05,-0.5849678531922107,desgaste_rodamiento,0.5
0.835,3.693982030113617e-05,-0.3898883780369504,desgaste_rodamiento,0.5
0.836,3.760152021451172e-05,-0.09658483726104361,desgaste_rodamiento,0.5
0.837,3.612040075556316e-05,0.18405816183343773,desgaste_rodamiento,0.5
0.838,3.534273935861768e-05,0.46533784119006943,desgaste_rodamiento,0.5
0.839,3.2615103686322236e-05,0.6147272147683778,desgaste_rodamiento,0.5
0.84,3.25813382953541e-05,0.6553191415914389,desgaste_rodamiento,0.5
0.841,3.1452514868581515e-05,0.5939323449450321,desgaste_rodamiento,0.5
0.842,3.460028283251997e-05,0.44110773888635135,desgaste_rodamiento,0.5
0.843,3.395229227446646e-05,0.30280402243083554,desgaste_rodamiento,0.5
0.844,3.6739227380664144e-05,0.16262837552797782,desgaste_rodamiento,0.5
0.845,3.7688004220396773e-05,0.0519712621034772,desgaste_rodamiento,0.5
0.846,4.01218295105271e-05,-0.05377283914623322,desgaste_rodamiento,0.5
0.847,4.196395661453282e-05,-0.14796281228050595,desgaste_rodamiento,0.5
0.848,4.405625059960601e-05,-0.3191564453523027,desgaste_rodamiento,0.5
0.849,4.5767386488104484e-05,-0.47159055691224266,desgaste_rodamiento,0.5
0.85,4.700965353062343e-05,-0.6034683973040198,desgaste_rodamiento,0.5
0.851,4.877374886694769e-05,-0.6631315587273696,desgaste_rodamiento,0.5
0.852,4.735932443481985e-05,-0.613952109193969,desgaste_rodamiento,0.5
0.853,4.778472964651773e-05,-0.42362964976903034,desgaste_rodamiento,0.5
0.854,4.74306907119742e-05,-0.15295181800002516,desgaste_rodamiento,0.5
0.855,4.4697324373665646e-05,0.13410174800357172,desgaste_rodamiento,0.5
0.856,4.311147148887826e-05,0.40615066029268176,desgaste_rodamiento,0.5
0.857,4.231535977559469e-05,0.6017135700638132,desgaste_rodamiento,0.5
0.858,4.271667718778369e-05,0.6527223572807832,desgaste_rodamiento,0.5
0.859,4.1909510206535794e-05,0.6130103276051966,desgaste_rodamiento,0.5
0.86,4.19283241339482e-05,0.48220490009257344,desgaste_rodamiento,0.5
0.861,4.3804702785918825e-05,0.31177212317560465,desgaste_rodamiento,0.5
0.862,4.408008101975973e-05,0.19999308972458876,desgaste_rodamiento,0.5
0.863,4.717186163594362e-05,0.08447465640974523,desgaste_rodamiento,0.5
0.864,4.881915730280024e-05,-0.04373943801088158,desgaste_rodamiento,0.5
0.865,5.013324150720006e-05,-0.15390182474200284,desgaste_rodamiento,0.5
0.866,5.147104120542233e-05,-0.28320963139637406,desgaste_rodamiento,0.5
0.867,5.294368235461623e-05,-0.4359673779290477,desgaste_rodamiento,0.5
0.868,5.514786479283884e-05,-0.5712929262974011,desgaste_rodamiento,0.5
0.869,5.6289356435146564e-05,-0.6344222599326675,desgaste_rodamiento,0.5
0.87,5.486606235591481e-05,-0.6281572364139415,desgaste_rodamiento,0.5
0.871,5.5052491283094603e-05,-0.48354945731584437,desgaste_rodamiento,0.5
0.872,5.189864534934744e-05,-0.2347691912193379,desgaste_rodamiento,0.5
0.873,5.146374445831406e-05,0.07707624491052481,desgaste_rodamiento,0.5
0.874,5.0216687351952165e-05,0.3698820692576675,desgaste_rodamiento,0.5
0.875,4.809150322498255e-05,0.590850961494565,desgaste_rodamiento,0.5
0.876,4.709151362240865e-05,0.6515861237690772,desgaste_rodamiento,0.5
0.877,4.692648102310202e-05,0.6258298465444501,desgaste_rodamiento,0.5
0.878,4.791097236565731e-05,0.5069495019738949,desgaste_rodamiento,0.5
0.879,4.8353193817267414e-05,0.36717637299811257,desgaste_rodamiento,0.5
0.88,4.801784740720622e-05,0.23424086891002305,desgaste_rodamiento,0.5
0.881,4.9623873293897526e-05,0.08122596464868116,desgaste_rodamiento,0.5
0.882,5.243683396073718e-05,-0.023661167717822836,desgaste_rodamiento,0.5
0.883,5.4920071339002864e-05,-0.11783300881275224,desgaste_rodamiento,0.5
0.884,5.4059031086809734e-05,-0.25307208569574696,desgaste_rodamiento,0.5
0.885,5.715564424299182e-05,-0.39333450232306877,desgaste_rodamiento,0.5
0.886,5.8177300549201746e-05,-0.5505396273136045,desgaste_rodamiento,0.5
0.887,6.0184598039753554e-05,-0.6514765303620079,desgaste_rodamiento,0.5
0.888,5.8769475462257245e-05,-0.6351109885236134,desgaste_rodamiento,0.5
0.889,5.8636507172633405e-05,-0.5010153836592359,desgaste_rodamiento,0.5
0.89,5.715077389299254e-05,-0.2649130155292496,desgaste_rodamiento,0.5
0.891,5.37246120263536e-05,0.03329184542924597,desgaste_rodamiento,0.5
0.892,5.4116450320843333e-05,0.3336950866970524,desgaste_rodamiento,0.5
0.893,5.2049404861212754e-05,0.5563653981038756,desgaste_rodamiento,0.5
0.894,5.106069603989416e-05,0.6650428665613314,desgaste_rodamiento,0.5
0.895,5.3057614347135e-05,0.6441122859432175,desgaste_rodamiento,0.5
0.896,4.8506357255096416e-05,0.5311746640053331,desgaste_rodamiento,0.5
0.897,5.201708000286003e-05,0.38534223890275277,desgaste_rodamiento,0.5
0.898,5.15314021445332e-05,0.24635998415098492,desgaste_rodamiento,0.5
0.899,5.332207221659644e-05,0.09903438941809342,desgaste_rodamiento,0.5
0.9,5.457599537441921e-05,0.003686733088725204,desgaste_rodamiento,0.5
0.901,5.583035107227304e-05,-0.11115378163351622,desgaste_rodamiento,0.5
0.902,5.718661765897467e-05,-0.23407009898658765,desgaste_rodamiento,0.5
0.903,5.915438847134634e-05,-0.37121748731263693,desgaste_rodamiento,0.5
0.904,5.8699505305146956e-05,-0.5311279522081265,desgaste_rodamiento,0.5
0.905,6.0926465553659126e-05,-0.6374035204704392,desgaste_rodamiento,0.5
0.906,5.993514596748301e-05,-0.6650782325559416,desgaste_rodamiento,0.5
0.907,5.862203712301831e-05,-0.5374374047144772,desgaste_rodamiento,0.5
0.908,5.776001584522204e-05,-0.31671822702100483,desgaste_rodamiento,0.5
0.909,5.723920026030446e-05,-0.006600450653271507,desgaste_rodamiento,0.5
0.91,5.3879447764797215e-05,0.2701919161885724,desgaste_rodamiento,0.5
0.911,5.269068516500676e-05,0.5146252430130068,desgaste_rodamiento,0.5
0.912,5.037555001053486e-05,0.6440092815428394,desgaste_rodamiento,0.5
0.913,5.0593296927612775e-05,0.6642816017712249,desgaste_rodamiento,0.5
0.914,5.026488498090145e-05,0.5561085081781733,desgaste_rodamiento,0.5
0.915,5.147504977706084e-05,0.4152485622980824,desgaste_rodamiento,0.5
0.916,5.0723973622806484e-05,0.26650818579063046,desgaste_rodamiento,0.5
0.917,5.2487925226979207e-05,0.13047247481759605,desgaste_rodamiento,0.5
0.918,5.3356688793435214e-05,0.014357975248491443,desgaste_rodamiento,0.5
0.919,5.56312541983856e-05,-0.08485422490094598,desgaste_rodamiento,0.5
0.92,5.540057153132452e-05,-0.19881287020489513,desgaste_rodamiento,0.5
0.921,5.766027710449062e-05,-0.3664110286820114,desgaste_rodamiento,0.5
0.922,5.779640637020402e-05,-0.5068310553689767,desgaste_rodamiento,0.5
0.923,5.82961318731872e-05,-0.631718256628136,desgaste_rodamiento,0.5
0.924,5.822968704691289e-05,-0.6458787504138963,desgaste_rodamiento,0.5
0.925,5.751516903308712e-05,-0.5890058036506356,desgaste_rodamiento,0.5
0.926,5.5761659627109285e-05,-0.3763464579604627,desgaste_rodamiento,0.5
0.927,5.405235704933097e-05,-0.08073826371446327,desgaste_rodamiento,0.5
0.928,5.289633477579711e-05,0.2369733434599647,desgaste_rodamiento,0.5
0.929,5.0318065012013536e-05,0.4757097947612477,desgaste_rodamiento,0.5
0.93,4.844962378206986e-05,0.6220281098356548,desgaste_rodamiento,0.5
0.931,4.619871497809463e-05,0.6747983105567491,desgaste_rodamiento,0.5
0.932,4.526580842044758e-05,0.5649671166666816,desgaste_rodamiento,0.5
0.933,4.6679991396356724e-05,0.41881163067256627,desgaste_rodamiento,0.5
0.934,4.710743492604111e-05,0.29168591472783645,desgaste_rodamiento,0.5
0.935,4.839324356618333e-05,0.14578477662752704,desgaste_rodamiento,0.5
0.936,4.7844249710522155e-05,0.027620848355746595,desgaste_rodamiento,0.5
0.937,4.923824219935312e-05,-0.05982875868066294,desgaste_rodamiento,0.5
0.9380000000000001,4.923797344651088e-05,-0.18308010521294432,desgaste_rodamiento,0.5
0.9390000000000001,5.113052300629969e-05,-0.33408386846216415,desgaste_rodamiento,0.5
0.9400000000000001,5.286032944264888e-05,-0.4948470836715656,desgaste_rodamiento,0.5
0.9410000000000001,5.198414167289146e-05,-0.5999690087536387,desgaste_rodamiento,0.5
0.9420000000000001,5.2507500241363466e-05,-0.6536603395527303,desgaste_rodamiento,0.5
0.9430000000000001,5.090983786025871e-05,-0.5995751399179622,desgaste_rodamiento,0.5
0.9440000000000001,4.970767386580989e-05,-0.39704875852574356,desgaste_rodamiento,0.5
0.9450000000000001,4.648331049023904e-05,-0.1508557316778101,desgaste_rodamiento,0.5
0.9460000000000001,4.503961978868259e-05,0.15232485047190916,desgaste_rodamiento,0.5
0.9470000000000001,4.0305580448595975e-05,0.4297754661097905,desgaste_rodamiento,0.5
0.9480000000000001,4.034995101980569e-05,0.6089382784510081,desgaste_rodamiento,0.5
0.9490000000000001,3.765493352583936e-05,0.6622737007521448,desgaste_rodamiento,0.5
0.9500000000000001,3.885793606714632e-05,0.5972793727947464,desgaste_rodamiento,0.5
0.9510000000000001,3.818815909246649e-05,0.4721568547324291,desgaste_rodamiento,0.5
0.9520000000000001,3.813234476843484e-05,0.30223055331693394,desgaste_rodamiento,0.5
0.9530000000000001,3.949730905294199e-05,0.188277830250764,desgaste_rodamiento,0.5
0.9540000000000001,3.8406283587885825e-05,0.05633969925737864,desgaste_rodamiento,0.5
0.9550000000000001,4.136788480043992e-05,-0.036296106681360456,desgaste_rodamiento,0.5
0.9560000000000001,4.164891327713504e-05,-0.15886074378872356,desgaste_rodamiento,0.5
0.9570000000000001,4.154446191465996e-05,-0.2965108606727062,desgaste_rodamiento,0.5
0.9580000000000001,4.3146499555515305e-05,-0.4492838838214523,desgaste_rodamiento,0.5
0.9590000000000001,4.160355221968005e-05,-0.5856010615950694,desgaste_rodamiento,0.5
0.96,4.146204402779308e-05,-0.6521868007436158,desgaste_rodamiento,0.5
0.961,4.0640434367256557e-05,-0.605940733345948,desgaste_rodamiento,0.5
0.962,3.9078015489315343e-05,-0.4551594959058859,desgaste_rodamiento,0.5
0.963,3.651100864577221e-05,-0.18762596836805762,desgaste_rodamiento,0.5
0.964,3.5764166187188256e-05,0.11158603238108568,desgaste_rodamiento,0.5
0.965,3.2105013923582914e-05,0.4080794276140986,desgaste_rodamiento,0.5
0.966,3.031037455647871e-05,0.5802173249732716,desgaste_rodamiento,0.5
0.967,2.782349503437101e-05,0.6778842011345305,desgaste_rodamiento,0.5
0.968,2.5716490596641276e-05,0.6170883874785256,desgaste_rodamiento,0.5
0.969,2.6796904388501634e-05,0.48138061253615516,desgaste_rodamiento,0.5
0.97,2.5159639248257373e-05,0.3439429523276294,desgaste_rodamiento,0.5
0.971,2.699839214674016e-05,0.19091472881690452,desgaste_rodamiento,0.5
0.972,2.66995394532876e-05,0.08533326673695628,desgaste_rodamiento,0.5
0.973,3.0081774916908564e-05,-0.03487556806713628,desgaste_rodamiento,0.5
0.974,3.0098980988136842e-05,-0.1443169185819257,desgaste_rodamiento,0.5
0.975,3.0219512629189735e-05,-0.29310496065116426,desgaste_rodamiento,0.5
0.976,3.1606346914249086e-05,-0.43177801781809577,desgaste_rodamiento,0.5
0.977,3.013647312881143e-05,-0.5934038087865183,desgaste_rodamiento,0.5
0.978,3.08183349875693e-05,-0.6691941466103224,desgaste_rodamiento,0.5
0.979,2.9539656319226634e-05,-0.6280656766602962,desgaste_rodamiento,0.5
0.98,2.7917955364094957e-05,-0.48744262357925805,desgaste_rodamiento,0.5
0.981,2.6457330606413567e-05,-0.24350168286232327,desgaste_rodamiento,0.5
0.982,2.3446604620233822e-05,0.046802025631916044,desgaste_rodamiento,0.5
0.983,2.041053841099047e-05,0.34714275588464455,desgaste_rodamiento,0.5
0.984,1.64276250685078e-05,0.5603746286993394,desgaste_rodamiento,0.5
0.985,1.4913140666483113e-05,0.6443480851286681,desgaste_rodamiento,0.5
0.986,1.4104815103408166e-05,0.6475822979878045,desgaste_rodamiento,0.5
0.987,1.3471607864469721e-05,0.5304364396264155,desgaste_rodamiento,0.5
0.988,1.2322943352130376e-05,0.36864805640842047,desgaste_rodamiento,0.5
0.989,1.5256648005617614e-05,0.2227164673004585,desgaste_rodamiento,0.5
0.99,1.5099966388725801e-05,0.09932242459459074,desgaste_rodamiento,0.5
0.991,1.5081040106615732e-05,-0.029844912320039305,desgaste_rodamiento,0.5
0.992,1.538478548937618e-05,-0.1206615329899878,desgaste_rodamiento,0.5
0.993,1.5794921637771927e-05,-0.25478575879930127,desgaste_rodamiento,0.5
0.994,1.566334575304722e-05,-0.40914712736864883,desgaste_rodamiento,0.5
0.995,1.6539649041298376e-05,-0.5490684118662437,desgaste_rodamiento,0.5
0.996,1.628513967388683e-05,-0.6266122291204831,desgaste_rodamiento,0.5
0.997,1.4165762582607403e-05,-0.641481833889919,desgaste_rodamiento,0.5
0.998,1.3751722525015277e-05,-0.5355089568004725,desgaste_rodamiento,0.5
0.999,1.117654793682922e-05,-0.2931304810057833,desgaste_rodamiento,0.5
1.0,7.226915407065628e-06,0.013993554365867081,desgaste_rodamiento,0.5
1.0010000000000001,5.276312581869699e-06,0.30810264564853024,desgaste_rodamiento,0.5
1.002,3.032727027837075e-06,0.5303934706018544,desgaste_rodamiento,0.5
1.0030000000000001,2.6365268647091154e-06,0.641420894725545,desgaste_rodamiento,0.5
1.004,4.645882418934043e-08,0.6515713275251116,desgaste_rodamiento,0.5
1.0050000000000001,-2.323376326471235e-06,0.5501922627915742,desgaste_rodamiento,0.5
1.006,-1.2581999799588488e-06,0.40808285946996986,desgaste_rodamiento,0.5
1.0070000000000001,-2.64340800849354e-06,0.2543176343361131,desgaste_rodamiento,0.5
1.008,-1.5019777447550262e-07,0.12868528631796985,desgaste_rodamiento,0.5
1.0090000000000001,-6.58660875590963e-07,0.004075211520168939,desgaste_rodamiento,0.5
1.01,3.715839739202268e-07,-0.08406465585877712,desgaste_rodamiento,0.5
1.0110000000000001,2.155464280690369e-06,-0.22047161286361816,desgaste_rodamiento,0.5
1.012,6.976551802066806e-07,-0.3501050894204713,desgaste_rodamiento,0.5
1.0130000000000001,8.727723247029574e-07,-0.5285546949015608,desgaste_rodamiento,0.5
1.014,1.3127010429516732e-06,-0.615188676938484,desgaste_rodamiento,0.5
1.0150000000000001,1.7983308589863836e-06,-0.6539526241859656,desgaste_rodamiento,0.5
1.016,-1.538206558007983e-06,-0.5669248341263824,desgaste_rodamiento,0.5
1.0170000000000001,-4.533419158955751e-06,-0.35245872778659565,desgaste_rodamiento,0.5
1.018,-5.165151402734435e-06,-0.05967526014513731,desgaste_rodamiento,0.5
1.0190000000000001,-7.0477104024218e-06,0.25199791794425225,desgaste_rodamiento,0.5
1.02,-9.092770555354192e-06,0.5005289800461304,desgaste_rodamiento,0.5
1.0210000000000001,-1.2523828188241314e-05,0.6299328231823699,desgaste_rodamiento,0.5
1.022,-1.4070035196179488e-05,0.6531115724528536,desgaste_rodamiento,0.5
1.0230000000000001,-1.3818761160763596e-05,0.5905877191063219,desgaste_rodamiento,0.5
1.024,-1.6434942677041687e-05,0.4445303863266051,desgaste_rodamiento,0.5
1.025,-1.51009285763918e-05,0.27857279003846674,desgaste_rodamiento,0.5
1.026,-1.4091680479638848e-05,0.14023511903145433,desgaste_rodamiento,0.5
1.027,-1.3114239285604474e-05,0.029549641541307434,desgaste_rodamiento,0.5
1.028,-1.2979348535153247e-05,-0.07079165151976988,desgaste_rodamiento,0.5
1.029,-1.1717257767211835e-05,-0.2079531710436215,desgaste_rodamiento,0.5
1.03,-1.2939608728794777e-05,-0.3452356735527619,desgaste_rodamiento,0.5
1.031,-1.1108568084346924e-05,-0.5123742042960943,desgaste_rodamiento,0.5
1.032,-1.0252477618658447e-05,-0.6134977357589203,desgaste_rodamiento,0.5
1.033,-1.1899482797689683e-05,-0.6534028374083963,desgaste_rodamiento,0.5
1.034,-1.228799977383929e-05,-0.5918131126168519,desgaste_rodamiento,0.5
1.035,-1.3793045651194425e-05,-0.3779383878267329,desgaste_rodamiento,0.5
1.036,-1.6672288027196283e-05,-0.12474104595396747,desgaste_rodamiento,0.5
1.037,-1.880093419850293e-05,0.18007225714180924,desgaste_rodamiento,0.5
1.038,-2.213982937154726e-05,0.4593692257885103,desgaste_rodamiento,0.5
1.039,-2.3713424353160218e-05,0.6297032416733984,desgaste_rodamiento,0.5
1.04,-2.4680009848441663e-05,0.6754533052568689,desgaste_rodamiento,0.5
1.041,-2.59611977424318e-05,0.5854893045665481,desgaste_rodamiento,0.5
1.042,-2.683100402499504e-05,0.4657683649580554,desgaste_rodamiento,0.5
1.043,-2.598110110176987e-05,0.30069330816923007,desgaste_rodamiento,0.5
1.044,-2.498847772786698e-05,0.16056172425306595,desgaste_rodamiento,0.5
1.045,-2.6243208994426792e-05,0.056305664372103645,desgaste_rodamiento,0.5
1.046,-2.282723917046551e-05,-0.050637982257192626,desgaste_rodamiento,0.5
1.047,-2.2994937293627166e-05,-0.1896041057798798,desgaste_rodamiento,0.5
1.048,-2.1559780483199565e-05,-0.2999805440615863,desgaste_rodamiento,0.5
1.049,-2.0368546275428283e-05,-0.4548353872258184,desgaste_rodamiento,0.5
1.05,-2.2092117669846345e-05,-0.6059473603884098,desgaste_rodamiento,0.5
1.051,-2.1867667189505906e-05,-0.6558822709245443,desgaste_rodamiento,0.5
1.052,-2.245353916711361e-05,-0.6044538367517308,desgaste_rodamiento,0.5
1.053,-2.4360442237782402e-05,-0.4340878091503535,desgaste_rodamiento,0.5
1.054,-2.4478316346782888e-05,-0.1730831537195478,desgaste_rodamiento,0.5
1.055,-2.8787422594999505e-05,0.13343865033518185,desgaste_rodamiento,0.5
1.056,-3.089556243593001e-05,0.4152595877763555,desgaste_rodamiento,0.5
1.057,-3.2367596749521045e-05,0.6103106714727675,desgaste_rodamiento,0.5
1.058,-3.4971611236206466e-05,0.6655983528782615,desgaste_rodamiento,0.5
1.059,-3.523910485690834e-05,0.6049874387155746,desgaste_rodamiento,0.5
1.06,-3.493019102675621e-05,0.489761026791309,desgaste_rodamiento,0.5
1.061,-3.510767925247276e-05,0.29995765594848917,desgaste_rodamiento,0.5
1.062,-3.4203284289419504e-05,0.19700576935434996,desgaste_rodamiento,0.5
1.063,-3.355830690324683e-05,0.04951518536587056,desgaste_rodamiento,0.5
1.064,-3.3204526377242814e-05,-0.04145758594110713,desgaste_rodamiento,0.5
1.065,-3.068867208155325e-05,-0.1620020178173202,desgaste_rodamiento,0.5
1.066,-2.8577480933732767e-05,-0.30023258498451894,desgaste_rodamiento,0.5
1.067,-2.9118441571510962e-05,-0.4291914223649888,desgaste_rodamiento,0.5
1.068,-2.8529489265214136e-05,-0.5841242676839682,desgaste_rodamiento,0.5
1.069,-2.8238584441866064e-05,-0.6525217010450373,desgaste_rodamiento,0.5
1.07,-3.0412816965843143e-05,-0.6280493108913745,desgaste_rodamiento,0.5
1.071,-2.9455080975546643e-05,-0.4715968890997368,desgaste_rodamiento,0.5
1.072,-3.244675313548629e-05,-0.2205498842569576,desgaste_rodamiento,0.5
1.073,-3.3537878350824746e-05,0.07168046022323674,desgaste_rodamiento,0.5
1.074,-3.75851451935955e-05,0.3807199076822714,desgaste_rodamiento,0.5
1.075,-3.764242492653498e-05,0.5688363687711914,desgaste_rodamiento,0.5
1.076,-3.994930158278647e-05,0.6422633977165518,desgaste_rodamiento,0.5
1.077,-4.101345763519762e-05,0.6204358968690813,desgaste_rodamiento,0.5
1.078,-4.1510306020434e-05,0.5231683500167588,desgaste_rodamiento,0.5
1.079,-4.155365498059026e-05,0.36464809310902874,desgaste_rodamiento,0.5
1.08,-3.967024310324005e-05,0.20606266635938578,desgaste_rodamiento,0.5
1.081,-3.94071770134837e-05,0.08330254778673973,desgaste_rodamiento,0.5
1.082,-3.9789482662537496e-05,-0.022038661906192334,desgaste_rodamiento,0.5
1.083,-3.787863890185437e-05,-0.10783890375042947,desgaste_rodamiento,0.5
1.084,-3.596837916336504e-05,-0.2566098661711561,desgaste_rodamiento,0.5
1.085,-3.456260680927432e-05,-0.40815793056847527,desgaste_rodamiento,0.5
1.086,-3.413973480640359e-05,-0.5467586289617301,desgaste_rodamiento,0.5
1.087,-3.293418795522347e-05,-0.6461191773833272,desgaste_rodamiento,0.5
1.088,-3.570620260970911e-05,-0.6441058661639358,desgaste_rodamiento,0.5
1.089,-3.51074143137697e-05,-0.5143972382272085,desgaste_rodamiento,0.5
1.09,-3.8163211844439486e-05,-0.27398571113223025,desgaste_rodamiento,0.5
1.091,-3.813745913660506e-05,0.02786077552124179,desgaste_rodamiento,0.5
1.092,-4.0839218321619355e-05,0.3304493642688417,desgaste_rodamiento,0.5
1.093,-4.2303880849235814e-05,0.5454193992328301,desgaste_rodamiento,0.5
1.094,-4.468448026842143e-05,0.6588060719183074,desgaste_rodamiento,0.5
1.095,-4.383980490098043e-05,0.6370607201509119,desgaste_rodamiento,0.5
1.096,-4.415350673059936e-05,0.5338252947914581,desgaste_rodamiento,0.5
1.097,-4.403711667582631e-05,0.3640199990933818,desgaste_rodamiento,0.5
1.098,-4.365751931570071e-05,0.24352082396293123,desgaste_rodamiento,0.5
1.099,-4.18808327040088e-05,0.11068527826921735,desgaste_rodamiento,0.5
1.1,-4.144127195949858e-05,0.00998010109857866,desgaste_rodamiento,0.5
1.101,-3.876021883405008e-05,-0.13616629990990786,desgaste_rodamiento,0.5
1.102,-3.672259015313759e-05,-0.21341114743812342,desgaste_rodamiento,0.5
1.103,-3.590774118588063e-05,-0.38527099831997824,desgaste_rodamiento,0.5
1.104,-3.6311542150205506e-05,-0.5217640166411326,desgaste_rodamiento,0.5
1.105,-3.4952888245940816e-05,-0.6480242463385794,desgaste_rodamiento,0.5
1.106,-3.6264138870920606e-05,-0.6450935376003285,desgaste_rodamiento,0.5
1.107,-3.5534154127278664e-05,-0.5552065978311478,desgaste_rodamiento,0.5
1.108,-3.690583708906333e-05,-0.32926602940810673,desgaste_rodamiento,0.5
1.109,-4.0383376533305596e-05,-0.009078791579491045,desgaste_rodamiento,0.5
1.11,-4.170626357275181e-05,0.2712110133336487,desgaste_rodamiento,0.5
1.111,-4.2755045342579294e-05,0.5142767481968707,desgaste_rodamiento,0.5
1.112,-4.406412982675942e-05,0.6497182141374379,desgaste_rodamiento,0.5
1.113,-4.5475421626494386e-05,0.652840428333861,desgaste_rodamiento,0.5
1.114,-4.431197108704514e-05,0.5578830982182734,desgaste_rodamiento,0.5
1.115,-4.385034538708426e-05,0.41545118560508437,desgaste_rodamiento,0.5
1.116,-4.3134229513199276e-05,0.28392515644436256,desgaste_rodamiento,0.5
1.117,-4.2146891109084233e-05,0.1276984296131017,desgaste_rodamiento,0.5
1.118,-3.914222688121478e-05,0.020777763759768572,desgaste_rodamiento,0.5
1.119,-3.696991766463302e-05,-0.07602810841781327,desgaste_rodamiento,0.5
1.12,-3.691326530198998e-05,-0.19791628532173533,desgaste_rodamiento,0.5
1.121,-3.545582524256217e-05,-0.343422137208035,desgaste_rodamiento,0.5
1.122,-3.333572199087189e-05,-0.500726428714337,desgaste_rodamiento,0.5
1.123,-3.3105314030132724e-05,-0.6350220161553697,desgaste_rodamiento,0.5
1.124,-3.262234744340115e-05,-0.6404279214364269,desgaste_rodamiento,0.5
1.125,-3.226388663418067e-05,-0.5843688367895673,desgaste_rodamiento,0.5
1.1260000000000001,-3.520180984524067e-05,-0.3671869843340037,desgaste_rodamiento,0.5
1.127,-3.4121879478284504e-05,-0.09192830381012362,desgaste_rodamiento,0.5
1.1280000000000001,-3.6671869797051904e-05,0.22033461547332375,desgaste_rodamiento,0.5
1.129,-3.856001500602268e-05,0.4788541089735041,desgaste_rodamiento,0.5
1.1300000000000001,-3.9476648010298266e-05,0.6296013362935226,desgaste_rodamiento,0.5
1.131,-4.0034364700355354e-05,0.6587435128626825,desgaste_rodamiento,0.5
1.1320000000000001,-4.126421381994455e-05,0.5940154817146917,desgaste_rodamiento,0.5
1.133,-3.8099617945247336e-05,0.4438472888440508,desgaste_rodamiento,0.5
1.1340000000000001,-3.7981868934179826e-05,0.28362671895068553,desgaste_rodamiento,0.5
1.135,-3.6084556764335e-05,0.159665680825521,desgaste_rodamiento,0.5
1.1360000000000001,-3.387773009083536e-05,0.049506255995262184,desgaste_rodamiento,0.5
1.137,-3.345325041704997e-05,-0.07879195783016482,desgaste_rodamiento,0.5
1.1380000000000001,-3.039394625409176e-05,-0.17854403701281688,desgaste_rodamiento,0.5
1.139,-2.91644495858271e-05,-0.31991783690247494,desgaste_rodamiento,0.5
1.1400000000000001,-2.6764830821858678e-05,-0.48315130491766706,desgaste_rodamiento,0.5
1.141,-2.788070606305917e-05,-0.5929239412945297,desgaste_rodamiento,0.5
1.1420000000000001,-2.571714610967376e-05,-0.6597451435939182,desgaste_rodamiento,0.5
1.143,-2.610227522374726e-05,-0.5957436499652281,desgaste_rodamiento,0.5
1.1440000000000001,-2.5934264774279083e-05,-0.416204934266552,desgaste_rodamiento,0.5
1.145,-2.7024208370576267e-05,-0.13965342046523807,desgaste_rodamiento,0.5
1.1460000000000001,-2.931053396774786e-05,0.1561941096110345,desgaste_rodamiento,0.5
1.147,-3.067766898865435e-05,0.42111930625417326,desgaste_rodamiento,0.5
1.1480000000000001,-3.128994542171886e-05,0.6235232885531771,desgaste_rodamiento,0.5
1.149,-3.242742685553852e-05,0.6491071740525832,desgaste_rodamiento,0.5
1.1500000000000001,-3.099747776641924e-05,0.5873230685451873,desgaste_rodamiento,0.5
1.151,-3.1192590318776157e-05,0.4447466862261805,desgaste_rodamiento,0.5
1.1520000000000001,-3.1877693450715036e-05,0.3063894280328628,desgaste_rodamiento,0.5
1.153,-2.8313248408095053e-05,0.15928491574553405,desgaste_rodamiento,0.5
1.154,-2.695050804344378e-05,0.07308467718668775,desgaste_rodamiento,0.5
1.155,-2.541446358527677e-05,-0.03694857856997415,desgaste_rodamiento,0.5
1.156,-2.3105109484187117e-05,-0.1678453568976096,desgaste_rodamiento,0.5
1.157,-2.017322053611768e-05,-0.2764555669155587,desgaste_rodamiento,0.5
1.158,-1.7559846430145882e-05,-0.4425173042320404,desgaste_rodamiento,0.5
1.159,-1.701479739316759e-05,-0.5904324638584573,desgaste_rodamiento,0.5
1.16,-1.689934815080616e-05,-0.6808078358366965,desgaste_rodamiento,0.5
1.161,-1.5906108610368515e-05,-0.5939576774847211,desgaste_rodamiento,0.5
1.162,-1.705384041941845e-05,-0.46939034187296547,desgaste_rodamiento,0.5
1.163,-1.8207761641180528e-05,-0.21049568971038118,desgaste_rodamiento,0.5
1.164,-1.9866373934183913e-05,0.12231554650924445,desgaste_rodamiento,0.5
1.165,-2.166618940848582e-05,0.41662804942571946,desgaste_rodamiento,0.5
1.166,-2.1695592223685468e-05,0.5984637325034542,desgaste_rodamiento,0.5
1.167,-2.182780830488234e-05,0.6624975383529045,desgaste_rodamiento,0.5
1.168,-2.19365451194373e-05,0.6201085605343827,desgaste_rodamiento,0.5
1.169,-2.1452212352583692e-05,0.5009725080237969,desgaste_rodamiento,0.5
1.17,-2.0564485505172434e-05,0.3474736399993421,desgaste_rodamiento,0.5
1.171,-1.7660266953887337e-05,0.1985799347556049,desgaste_rodamiento,0.5
1.172,-1.7135354367158106e-05,0.07709073678790535,desgaste_rodamiento,0.5
1.173,-1.3406437745162306e-05,-0.028638375071490533,desgaste_rodamiento,0.5
1.174,-1.2607038658700276e-05,-0.14584975984302243,desgaste_rodamiento,0.5
1.175,-1.0352000655754514e-05,-0.27441600379042885,desgaste_rodamiento,0.5
1.176,-9.054041264578712e-06,-0.44081297420578236,desgaste_rodamiento,0.5
1.177,-6.822281901474943e-06,-0.5663901942050487,desgaste_rodamiento,0.5
1.178,-4.7020374425948705e-06,-0.6595374070114578,desgaste_rodamiento,0.5
1.179,-4.674322457257239e-06,-0.6435028263251075,desgaste_rodamiento,0.5
1.18,-4.590882764400389e-06,-0.491196808710031,desgaste_rodamiento,0.5
1.181,-5.771847332088404e-06,-0.23272862964835575,desgaste_rodamiento,0.5
1.182,-8.204595843349893e-06,0.06540261161438225,desgaste_rodamiento,0.5
1.183,-8.886401347581464e-06,0.3302994576842055,desgaste_rodamiento,0.5
1.184,-1.0293489242712597e-05,0.5476966125270255,desgaste_rodamiento,0.5
1.185,-9.310105088073198e-06,0.6616284435372106,desgaste_rodamiento,0.5
1.186,-1.125745431146882e-05,0.6185430111217348,desgaste_rodamiento,0.5
1.187,-9.038150377317204e-06,0.5152567881441096,desgaste_rodamiento,0.5
1.188,-7.846659913190734e-06,0.3727182960508881,desgaste_rodamiento,0.5
1.189,-5.493816669768998e-06,0.21009207268092056,desgaste_rodamiento,0.5
1.19,-5.277226076469458e-06,0.09693009287282885,desgaste_rodamiento,0.5
1.191,-2.344830724986386e-06,-0.022627820475091803,desgaste_rodamiento,0.5
1.192,9.633422306066901e-07,-0.12254479523346982,desgaste_rodamiento,0.5
1.193,7.807847530024179e-07,-0.24175629928303127,desgaste_rodamiento,0.5
1.194,1.9144125123581144e-06,-0.41102731814834387,desgaste_rodamiento,0.5
1.195,3.1614710840407663e-06,-0.5372584306908529,desgaste_rodamiento,0.5
1.196,6.180036316913266e-06,-0.6401686319943289,desgaste_rodamiento,0.5
1.197,4.650736064609611e-06,-0.6382779798994247,desgaste_rodamiento,0.5
1.198,5.610006987052199e-06,-0.5245001472628802,desgaste_rodamiento,0.5
1.199,5.448341094037532e-06,-0.28357344760236175,desgaste_rodamiento,0.5
1.2,4.0799262700870745e-06,0.0012522450264773233,desgaste_rodamiento,0.5
1.201,2.9477595570662224e-06,0.29288791164015376,desgaste_rodamiento,0.5
1.202,1.6259696194618805e-06,0.527838500891945,desgaste_rodamiento,0.5
1.203,1.6782897822339652e-06,0.6489851767286052,desgaste_rodamiento,0.5
1.204,-1.9028904439646454e-07,0.6400794132642725,desgaste_rodamiento,0.5
1.205,4.975313323900356e-07,0.5415896732651382,desgaste_rodamiento,0.5
1.206,1.4978276626611019e-06,0.38756703747461596,desgaste_rodamiento,0.5
1.207,4.252229225226084e-06,0.23787571485833972,desgaste_rodamiento,0.5
1.208,6.14464418892753e-06,0.1022191717224911,desgaste_rodamiento,0.5
1.209,7.805692428656397e-06,0.026755889507454653,desgaste_rodamiento,0.5
1.21,1.042750520796785e-05,-0.10801498709821064,desgaste_rodamiento,0.5
1.211,1.0638526469258004e-05,-0.22605008686965078,desgaste_rodamiento,0.5
1.212,1.4650256266472805e-05,-0.37341829211030036,desgaste_rodamiento,0.5
1.213,1.6077170420006386e-05,-0.5073223084782562,desgaste_rodamiento,0.5
1.214,1.655076536870338e-05,-0.6299690799226615,desgaste_rodamiento,0.5
1.215,1.7867183513544367e-05,-0.6384459399037075,desgaste_rodamiento,0.5
1.216,1.512376304266955e-05,-0.5632646126973864,desgaste_rodamiento,0.5
1.217,1.525654951083834e-05,-0.3425591592730151,desgaste_rodamiento,0.5
1.218,1.391559729445406e-05,-0.06446320741660863,desgaste_rodamiento,0.5
1.219,1.3642271720520158e-05,0.26758561258177,desgaste_rodamiento,0.5
1.22,1.1006636582078982e-05,0.4799787034159088,desgaste_rodamiento,0.5
1.221,1.1474135721145925e-05,0.6338792838192515,desgaste_rodamiento,0.5
1.222,1.1586200543279806e-05,0.6539210035338575,desgaste_rodamiento,0.5
1.223,1.13575301413921e-05,0.5673223292494904,desgaste_rodamiento,0.5
1.224,1.1938863668024827e-05,0.4199228421749557,desgaste_rodamiento,0.5
1.225,1.2349758676752081e-05,0.2685953291640425,desgaste_rodamiento,0.5
1.226,1.4176888575256277e-05,0.13767382030687392,desgaste_rodamiento,0.5
1.227,1.7692420327662185e-05,0.026295823370874896,desgaste_rodamiento,0.5
1.228,1.9324532253809918e-05,-0.06573414986518085,desgaste_rodamiento,0.5
1.229,2.065934810766007e-05,-0.17208088415856615,desgaste_rodamiento,0.5
1.23,2.2204705138115645e-05,-0.343103949416069,desgaste_rodamiento,0.5
1.231,2.2540826640665374e-05,-0.5032475231397445,desgaste_rodamiento,0.5
1.232,2.4402578510819413e-05,-0.6119446955038739,desgaste_rodamiento,0.5
1.233,2.7251919653335033e-05,-0.6281224981610265,desgaste_rodamiento,0.5
1.234,2.476313667571054e-05,-0.5902527586700878,desgaste_rodamiento,0.5
1.235,2.5216926117209546e-05,-0.3742975565908869,desgaste_rodamiento,0.5
1.236,2.4686343816835737e-05,-0.09487504035973778,desgaste_rodamiento,0.5
1.237,2.1567354865287385e-05,0.18772269462816701,desgaste_rodamiento,0.5
1.238,2.1316571625136593e-05,0.4592089238751411,desgaste_rodamiento,0.5
1.239,2.086531415381298e-05,0.6301613016155446,desgaste_rodamiento,0.5
1.24,1.9671998085527988e-05,0.6483317671417749,desgaste_rodamiento,0.5
1.241,2.1996650477286053e-05,0.5811727574217217,desgaste_rodamiento,0.5
1.242,1.9291869033105713e-05,0.4427298444497628,desgaste_rodamiento,0.5
1.243,2.2632711037456164e-05,0.2857034266206077,desgaste_rodamiento,0.5
1.244,2.331066512163833e-05,0.15241488378956392,desgaste_rodamiento,0.5
1.245,2.5859274830352145e-05,0.03412451226702873,desgaste_rodamiento,0.5
1.246,2.7518338377082935e-05,-0.055487629115731574,desgaste_rodamiento,0.5
1.247,2.8513227460564872e-05,-0.17789500832714172,desgaste_rodamiento,0.5
1.248,3.1010545145439705e-05,-0.3068540985062778,desgaste_rodamiento,0.5
1.249,3.092724945940118e-05,-0.47736824172112563,desgaste_rodamiento,0.5
1.25,3.390427570758676e-05,-0.5890791509289828,desgaste_rodamiento,0.5
1.2510000000000001,3.4238128454951496e-05,-0.644588076591731,desgaste_rodamiento,0.5
1.252,3.4438608147832024e-05,-0.6236302219047262,desgaste_rodamiento,0.5
1.2530000000000001,3.4054887851247996e-05,-0.4291631187185464,desgaste_rodamiento,0.5
1.254,3.229255651142177e-05,-0.15389902968753744,desgaste_rodamiento,0.5
1.2550000000000001,3.059391432522875e-05,0.1268785684965386,desgaste_rodamiento,0.5
1.256,2.825937060908757e-05,0.4285842570939393,desgaste_rodamiento,0.5
1.2570000000000001,2.7111310165026534e-05,0.5970443400471435,desgaste_rodamiento,0.5
1.258,2.779113485123624e-05,0.6459664421369714,desgaste_rodamiento,0.5
1.2590000000000001,2.783021744902877e-05,0.6004065841223147,desgaste_rodamiento,0.5
1.26,2.7017112142428196e-05,0.4802273911405876,desgaste_rodamiento,0.5
1.2610000000000001,2.8230671648528755e-05,0.3230175453427425,desgaste_rodamiento,0.5
1.262,2.8893390570731562e-05,0.18668555507613183,desgaste_rodamiento,0.5
1.2630000000000001,3.211119041359084e-05,0.055977139936860536,desgaste_rodamiento,0.5
1.264,3.346812643358555e-05,-0.035140539032635434,desgaste_rodamiento,0.5
1.2650000000000001,3.618491067385238e-05,-0.16130214183684122,desgaste_rodamiento,0.5
1.266,3.5666574890391795e-05,-0.28251817559856973,desgaste_rodamiento,0.5
1.2670000000000001,3.7438396364970864e-05,-0.4423925954766696,desgaste_rodamiento,0.5
1.268,3.892709869819987e-05,-0.5786577385094199,desgaste_rodamiento,0.5
1.2690000000000001,3.9749509641544225e-05,-0.6357433773855612,desgaste_rodamiento,0.5
1.27,3.897872140530238e-05,-0.6099879473785113,desgaste_rodamiento,0.5
1.2710000000000001,3.773256120178355e-05,-0.4656088472820147,desgaste_rodamiento,0.5
1.272,3.778206504672741e-05,-0.2301645374601711,desgaste_rodamiento,0.5
1.2730000000000001,3.6015965361875494e-05,0.08055598706375984,desgaste_rodamiento,0.5
1.274,3.3044108654464025e-05,0.37929241769152244,desgaste_rodamiento,0.5
1.2750000000000001,3.3279601976368795e-05,0.569185979379693,desgaste_rodamiento,0.5
1.276,3.211727404635882e-05,0.6732954537508328,desgaste_rodamiento,0.5
1.2770000000000001,3.0911387847397735e-05,0.6201012500454531,desgaste_rodamiento,0.5
1.278,3.109309715871531e-05,0.5017181727044573,desgaste_rodamiento,0.5
1.2790000000000001,3.222958057700986e-05,0.34587436126728327,desgaste_rodamiento,0.5
1.28,3.233829877289745e-05,0.2057539574812505,desgaste_rodamiento,0.5
1.281,3.447490317951859e-05,0.08282201501221935,desgaste_rodamiento,0.5
1.282,3.439792075047844e-05,-0.011187216993506003,desgaste_rodamiento,0.5
1.283,3.83207153851672e-05,-0.11551655961435571,desgaste_rodamiento,0.5
1.284,3.7996778194736115e-05,-0.26218475740973085,desgaste_rodamiento,0.5
1.285,4.166453000743029e-05,-0.4177832815345068,desgaste_rodamiento,0.5
1.286,4.125008386124955e-05,-0.5664830391303655,desgaste_rodamiento,0.5
1.287,4.182129191402896e-05,-0.6345867275791568,desgaste_rodamiento,0.5
1.288,4.136980792168908e-05,-0.6448609837067126,desgaste_rodamiento,0.5
1.289,4.084743248072919e-05,-0.5283529377980738,desgaste_rodamiento,0.5
1.29,4.0773422258423727e-05,-0.26654107721875847,desgaste_rodamiento,0.5
1.291,3.601390345272136e-05,0.05287255129077515,desgaste_rodamiento,0.5
1.292,3.699342608057531e-05,0.3196911911747901,desgaste_rodamiento,0.5
1.293,3.4575845927911954e-05,0.5471079150090316,desgaste_rodamiento,0.5
1.294,3.211365876798769e-05,0.6440717966234366,desgaste_rodamiento,0.5
1.295,3.1518102116089055e-05,0.627560954012888,desgaste_rodamiento,0.5
1.296,3.356129949142715e-05,0.5329166108032022,desgaste_rodamiento,0.5
1.297,3.207239558525712e-05,0.3728982354147119,desgaste_rodamiento,0.5
1.298,3.286187333833827e-05,0.23092835614060062,desgaste_rodamiento,0.5
1.299,3.584948501526224e-05,0.10717822847243177,desgaste_rodamiento,0.5
1.3,3.663844508528358e-05,-0.006680904536444939,desgaste_rodamiento,0.5
1.301,3.7101698245674444e-05,-0.09399251433004405,desgaste_rodamiento,0.5
1.302,3.935759550623856e-05,-0.22982220526252234,desgaste_rodamiento,0.5
1.303,3.959753358323591e-05,-0.3829901429886346,desgaste_rodamiento,0.5
1.304,4.210338740332371e-05,-0.517800355083641,desgaste_rodamiento,0.5
1.305,4.2493840524719746e-05,-0.6368301907664974,desgaste_rodamiento,0.5
1.306,4.192393825951983e-05,-0.642221801432225,desgaste_rodamiento,0.5
1.307,4.097743551915267e-05,-0.5381539718114104,desgaste_rodamiento,0.5
1.308,4.063060761746448e-05,-0.30847292462398423,desgaste_rodamiento,0.5
1.309,3.744265055115996e-05,-0.023155255404077542,desgaste_rodamiento,0.5
1.31,3.4525546197799106e-05,0.26973587531810367,desgaste_rodamiento,0.5
1.311,3.387733260678051e-05,0.5140401659832771,desgaste_rodamiento,0.5
1.312,3.3616534519198324e-05,0.6462844082015351,desgaste_rodamiento,0.5
1.313,3.031887437336327e-05,0.6434353939150955,desgaste_rodamiento,0.5
1.314,3.051888764335325e-05,0.5462436617661502,desgaste_rodamiento,0.5
1.315,3.1405523003944984e-05,0.38944656466204675,desgaste_rodamiento,0.5
1.316,3.179431455028621e-05,0.24211175060301443,desgaste_rodamiento,0.5
1.317,3.2140468633891296e-05,0.12106851329886764,desgaste_rodamiento,0.5
1.318,3.497131599784231e-05,0.012012003890996987,desgaste_rodamiento,0.5
1.319,3.716687280305689e-05,-0.08546050590822436,desgaste_rodamiento,0.5
1.32,3.677353743915929e-05,-0.20217566375451004,desgaste_rodamiento,0.5
1.321,3.7012434834129835e-05,-0.3411918322985477,desgaste_rodamiento,0.5
1.322,3.7317203324554996e-05,-0.49746409552044174,desgaste_rodamiento,0.5
1.323,3.906273178859344e-05,-0.6080379416725225,desgaste_rodamiento,0.5
1.324,3.950982256799345e-05,-0.6463609178027659,desgaste_rodamiento,0.5
1.325,3.819666582666298e-05,-0.5850028405727519,desgaste_rodamiento,0.5
1.326,3.637614376449889e-05,-0.3749763338964575,desgaste_rodamiento,0.5
1.327,3.398762661683983e-05,-0.08479865558286576,desgaste_rodamiento,0.5
1.328,3.142807874691337e-05,0.2061516372454443,desgaste_rodamiento,0.5
1.329,3.078568561722952e-05,0.47537546739380326,desgaste_rodamiento,0.5
1.33,2.9064932715701333e-05,0.6327482486582076,desgaste_rodamiento,0.5
1.331,2.5954714365145023e-05,0.6560477773109448,desgaste_rodamiento,0.5
1.332,2.7753786666284173e-05,0.5646149239900938,desgaste_rodamiento,0.5
1.333,2.699203589226845e-05,0.4439431779894581,desgaste_rodamiento,0.5
1.334,2.8131754362857667e-05,0.2793593106930598,desgaste_rodamiento,0.5
1.335,2.6900762292658873e-05,0.14152900970166687,desgaste_rodamiento,0.5
1.336,2.7946433022746224e-05,0.030056938614867974,desgaste_rodamiento,0.5
1.337,3.0014420460353008e-05,-0.0670580489575282,desgaste_rodamiento,0.5
1.338,3.1620909248702845e-05,-0.18227743369267171,desgaste_rodamiento,0.5
1.339,3.3585628761497435e-05,-0.31616092938767837,desgaste_rodamiento,0.5
1.34,3.3472903624223496e-05,-0.46761616185633303,desgaste_rodamiento,0.5
1.341,3.306686238135377e-05,-0.5950931015003618,desgaste_rodamiento,0.5
1.342,3.224430631217326e-05,-0.6430816122347867,desgaste_rodamiento,0.5
1.343,3.311584017351425e-05,-0.5763508365695141,desgaste_rodamiento,0.5
1.344,2.997814786613062e-05,-0.39934214624787323,desgaste_rodamiento,0.5
1.345,2.9997832697521495e-05,-0.15282077603627936,desgaste_rodamiento,0.5
1.346,2.6302224781479864e-05,0.1394082130064114,desgaste_rodamiento,0.5
1.347,2.5488266318087704e-05,0.4388376792704234,desgaste_rodamiento,0.5
1.348,2.2835579690065173e-05,0.5847541294259363,desgaste_rodamiento,0.5
1.349,2.0762965975899942e-05,0.6441067250029218,desgaste_rodamiento,0.5
1.35,1.963211830911104e-05,0.5735628861748013,desgaste_rodamiento,0.5
1.351,1.953775883247906e-05,0.43695293430936144,desgaste_rodamiento,0.5
1.352,2.0391143416099866e-05,0.30889841283580893,desgaste_rodamiento,0.5
1.353,2.0759339206225377e-05,0.1739433546432171,desgaste_rodamiento,0.5
1.354,2.111629535420256e-05,0.048621922456085986,desgaste_rodamiento,0.5
1.355,2.2415815072891702e-05,-0.0710487304414966,desgaste_rodamiento,0.5
1.356,2.3556022500386858e-05,-0.1605272887244988,desgaste_rodamiento,0.5
1.357,2.269908663126965e-05,-0.2858429628462873,desgaste_rodamiento,0.5
1.358,2.5263593964673485e-05,-0.455655044117005,desgaste_rodamiento,0.5
1.359,2.4390176420852037e-05,-0.572976254916209,desgaste_rodamiento,0.5
1.36,2.395878421324563e-05,-0.6441495020270454,desgaste_rodamiento,0.5
1.361,2.2634076870901324e-05,-0.6012204719714416,desgaste_rodamiento,0.5
1.362,2.1015495888401432e-05,-0.44759258281201103,desgaste_rodamiento,0.5
1.363,1.9285519611995157e-05,-0.20103236088936396,desgaste_rodamiento,0.5
1.364,1.7386931254376692e-05,0.12247564524833937,desgaste_rodamiento,0.5
1.365,1.6988447797552552e-05,0.3849019525320099,desgaste_rodamiento,0.5
1.366,1.292095461086722e-05,0.5750932736645172,desgaste_rodamiento,0.5
1.367,1.1762210317304108e-05,0.6358331243078935,desgaste_rodamiento,0.5
1.368,1.084596469864962e-05,0.596968063713873,desgaste_rodamiento,0.5
1.369,1.0163544802221171e-05,0.4712695665724145,desgaste_rodamiento,0.5
1.37,1.005970598095735e-05,0.32773879508100257,desgaste_rodamiento,0.5
1.371,9.659827850416257e-06,0.20562311115631632,desgaste_rodamiento,0.5
1.372,1.2394213336554916e-05,0.05910556819202685,desgaste_rodamiento,0.5
1.373,1.350965196246946e-05,-0.04292378052132105,desgaste_rodamiento,0.5
1.374,1.1692656826827077e-05,-0.11804032388288067,desgaste_rodamiento,0.5
1.375,1.295681688316871e-05,-0.2644404074857561,desgaste_rodamiento,0.5
1.3760000000000001,1.4084410428909869e-05,-0.41868183112922086,desgaste_rodamiento,0.5
1.377,1.377849040665307e-05,-0.5418785191737352,desgaste_rodamiento,0.5
1.3780000000000001,1.4635626739892184e-05,-0.6428910591840072,desgaste_rodamiento,0.5
1.379,1.2833718493164931e-05,-0.6032258305709077,desgaste_rodamiento,0.5
1.3800000000000001,1.3555815582588078e-05,-0.478386421278715,desgaste_rodamiento,0.5
1.381,1.0787297255103021e-05,-0.2477988376696491,desgaste_rodamiento,0.5
1.3820000000000001,7.65529560305887e-06,0.07695049543523509,desgaste_rodamiento,0.5
1.383,5.8072849202216226e-06,0.3346038616558858,desgaste_rodamiento,0.5
1.3840000000000001,3.6101194923345216e-06,0.5557732015831471,desgaste_rodamiento,0.5
1.385,5.235600621500446e-07,0.6431465439163214,desgaste_rodamiento,0.5
1.3860000000000001,-8.805305264988248e-07,0.6279049159013222,desgaste_rodamiento,0.5
1.387,-7.729879879973677e-07,0.519814753117439,desgaste_rodamiento,0.5
1.3880000000000001,-1.741135073235231e-07,0.35599079271951134,desgaste_rodamiento,0.5
1.389,-2.8673388534795514e-07,0.20383214409666545,desgaste_rodamiento,0.5
1.3900000000000001,-8.793164716718059e-07,0.09622264743571202,desgaste_rodamiento,0.5
1.391,5.768988646133709e-07,-0.015630985433854896,desgaste_rodamiento,0.5
1.3920000000000001,2.036693806928074e-06,-0.09129779012871449,desgaste_rodamiento,0.5
1.393,2.8803036483199958e-06,-0.2343987933812533,desgaste_rodamiento,0.5
1.3940000000000001,5.125912254673126e-06,-0.3865343621263939,desgaste_rodamiento,0.5
1.395,2.9350235628835896e-06,-0.5260039760208391,desgaste_rodamiento,0.5
1.3960000000000001,4.283602353290744e-06,-0.6396634828087716,desgaste_rodamiento,0.5
1.397,4.364418117984126e-06,-0.6414062891786443,desgaste_rodamiento,0.5
1.3980000000000001,3.6456257824311987e-06,-0.5057370783181967,desgaste_rodamiento,0.5
1.399,-2.7828964876798665e-07,-0.2989872163290921,desgaste_rodamiento,0.5
1.4000000000000001,-1.8744363709110549e-06,-0.010469109826779677,desgaste_rodamiento,0.5
1.401,-4.244844190503556e-06,0.29772225036151756,desgaste_rodamiento,0.5
1.4020000000000001,-6.8106229406615245e-06,0.5293628482199941,desgaste_rodamiento,0.5
1.403,-8.895684553877417e-06,0.6384028544886433,desgaste_rodamiento,0.5
1.4040000000000001,-9.756369084980522e-06,0.6354271520296253,desgaste_rodamiento,0.5
1.405,-1.263991277031312e-05,0.5193709138971265,desgaste_rodamiento,0.5
1.4060000000000001,-1.0240663023817806e-05,0.36769215112338755,desgaste_rodamiento,0.5
1.407,-1.0271817290414276e-05,0.2499226839040933,desgaste_rodamiento,0.5
1.408,-9.833285357611749e-06,0.10766106083986746,desgaste_rodamiento,0.5
1.409,-7.218311701012956e-06,0.006293301027298217,desgaste_rodamiento,0.5
1.41,-8.353725523825028e-06,-0.07777038288644507,desgaste_rodamiento,0.5
1.411,-7.240757830793199e-06,-0.20455912332159729,desgaste_rodamiento,0.5
1.412,-4.651088929505962e-06,-0.3492410395715407,desgaste_rodamiento,0.5
1.413,-6.316645662292331e-06,-0.4802070373059663,desgaste_rodamiento,0.5
1.414,-6.028438242408641e-06,-0.6187580626622359,desgaste_rodamiento,0.5
1.415,-6.193916890282583e-06,-0.6284074704931103,desgaste_rodamiento,0.5
1.416,-6.534239703517167e-06,-0.5457598139325749,desgaste_rodamiento,0.5
1.417,-8.696984066698869e-06,-0.3367285139264797,desgaste_rodamiento,0.5
1.418,-1.1955857221623022e-05,-0.039884050746761594,desgaste_rodamiento,0.5
1.419,-1.367076727551575e-05,0.2470193846350669,desgaste_rodamiento,0.5
1.42,-1.590745177315452e-05,0.4883782107109459,desgaste_rodamiento,0.5
1.421,-1.730728128645463e-05,0.6290043115815279,desgaste_rodamiento,0.5
1.422,-1.8167975268289166e-05,0.6292513098785684,desgaste_rodamiento,0.5
1.423,-1.878310843349848e-05,0.5396580998865942,desgaste_rodamiento,0.5
1.424,-2.0475371696808267e-05,0.39753395232025623,desgaste_rodamiento,0.5
1.425,-1.785222058826194e-05,0.23942011742013403,desgaste_rodamiento,0.5
1.426,-1.7695047037104384e-05,0.15127045229949207,desgaste_rodamiento,0.5
1.427,-1.5857744480248233e-05,0.015287021040558908,desgaste_rodamiento,0.5
1.428,-1.5515504921322628e-05,-0.07375169694312962,desgaste_rodamiento,0.5
1.429,-1.3984507933060208e-05,-0.18826519468534084,desgaste_rodamiento,0.5
1.43,-1.3569788414414714e-05,-0.3219140990114663,desgaste_rodamiento,0.5
1.431,-1.2247965074003652e-05,-0.4664652850589757,desgaste_rodamiento,0.5
1.432,-1.2617409634236756e-05,-0.5869012327689471,desgaste_rodamiento,0.5
1.433,-1.3358670246122447e-05,-0.6454065427184839,desgaste_rodamiento,0.5
1.434,-1.24299209404184e-05,-0.5724629708492887,desgaste_rodamiento,0.5
1.435,-1.4965238038297701e-05,-0.38072876951998363,desgaste_rodamiento,0.5
1.436,-1.715568654203131e-05,-0.11216410841273526,desgaste_rodamiento,0.5
1.437,-2.07560560075884e-05,0.2058855346000559,desgaste_rodamiento,0.5
1.438,-2.2893719376078318e-05,0.4499404658338293,desgaste_rodamiento,0.5
1.439,-2.3478668354812434e-05,0.608675288480975,desgaste_rodamiento,0.5
1.44,-2.4850418781544074e-05,0.6436050227214837,desgaste_rodamiento,0.5
1.441,-2.605537381721193e-05,0.5789825730385625,desgaste_rodamiento,0.5
1.442,-2.5486401457589854e-05,0.4354703587291293,desgaste_rodamiento,0.5
1.443,-2.38750361922188e-05,0.27084110290873575,desgaste_rodamiento,0.5
1.444,-2.369270572816855e-05,0.1551506099634416,desgaste_rodamiento,0.5
1.445,-2.401212788199623e-05,0.03732591012594642,desgaste_rodamiento,0.5
1.446,-2.2045327773522106e-05,-0.05808290925979235,desgaste_rodamiento,0.5
1.447,-2.1399947334554853e-05,-0.1560742379210838,desgaste_rodamiento,0.5
1.448,-2.0015128970334406e-05,-0.2842779082232007,desgaste_rodamiento,0.5
1.449,-1.918112820840081e-05,-0.44625510091476306,desgaste_rodamiento,0.5
1.45,-1.8737955571252792e-05,-0.5729522664340092,desgaste_rodamiento,0.5
1.451,-1.9345252893490253e-05,-0.6204808962214738,desgaste_rodamiento,0.5
1.452,-1.9091592654125747e-05,-0.5886249670569916,desgaste_rodamiento,0.5
1.453,-2.0625286898974592e-05,-0.39850147278704096,desgaste_rodamiento,0.5
1.454,-2.4122227913701597e-05,-0.15742608706788422,desgaste_rodamiento,0.5
1.455,-2.2281037287358425e-05,0.11877736471077074,desgaste_rodamiento,0.5
1.456,-2.498362173881818e-05,0.4113957794738001,desgaste_rodamiento,0.5
1.457,-2.779656220799712e-05,0.5841841214488236,desgaste_rodamiento,0.5
1.458,-2.8683561110828028e-05,0.6504042231264109,desgaste_rodamiento,0.5
1.459,-3.0149799241359668e-05,0.5909814999636122,desgaste_rodamiento,0.5
1.46,-2.789485024751943e-05,0.4573157125355775,desgaste_rodamiento,0.5
1.461,-2.7141859866822327e-05,0.2967352985020394,desgaste_rodamiento,0.5
1.462,-2.748908055916458e-05,0.17018054801624408,desgaste_rodamiento,0.5
1.463,-2.5609634339134244e-05,0.05299452574194448,desgaste_rodamiento,0.5
1.464,-2.49229776787981e-05,-0.040517489785931796,desgaste_rodamiento,0.5
1.465,-2.4732410240379986e-05,-0.13357439916985175,desgaste_rodamiento,0.5
1.466,-2.2769968487574495e-05,-0.2523052357318967,desgaste_rodamiento,0.5
1.467,-2.128415332223918e-05,-0.4137556001156162,desgaste_rodamiento,0.5
1.468,-2.0992982144916432e-05,-0.5662000212783416,desgaste_rodamiento,0.5
1.469,-2.0558504032817533e-05,-0.6272025737035393,desgaste_rodamiento,0.5
1.47,-2.0798176174916032e-05,-0.5950380723058759,desgaste_rodamiento,0.5
1.471,-2.1733310238107265e-05,-0.46811995249051647,desgaste_rodamiento,0.5
1.472,-2.309712157971768e-05,-0.2162893717582519,desgaste_rodamiento,0.5
1.473,-2.5744549413685858e-05,0.08223885568163912,desgaste_rodamiento,0.5
1.474,-2.733809377310161e-05,0.3519289413069787,desgaste_rodamiento,0.5
1.475,-2.9399378848726845e-05,0.5619606375317188,desgaste_rodamiento,0.5
1.476,-2.883009360283041e-05,0.6331279585260522,desgaste_rodamiento,0.5
1.477,-3.173815681911289e-05,0.6029771944015377,desgaste_rodamiento,0.5
1.478,-2.9182989680437858e-05,0.47396823306041697,desgaste_rodamiento,0.5
1.479,-2.8389697295339317e-05,0.3300796705894564,desgaste_rodamiento,0.5
1.48,-2.86559387322071e-05,0.20130566313844944,desgaste_rodamiento,0.5
1.481,-2.9117583544312324e-05,0.07570075406744692,desgaste_rodamiento,0.5
1.482,-2.5971403554322042e-05,0.00011065799337870927,desgaste_rodamiento,0.5
1.483,-2.426673711682717e-05,-0.12204741331588248,desgaste_rodamiento,0.5
1.484,-2.3569708863971517e-05,-0.2399286167497501,desgaste_rodamiento,0.5
1.485,-2.1964540318186116e-05,-0.37929534401546333,desgaste_rodamiento,0.5
1.486,-1.947836395466821e-05,-0.544616288476734,desgaste_rodamiento,0.5
1.487,-1.9664632869270007e-05,-0.639835775897821,desgaste_rodamiento,0.5
1.488,-2.0986091251013675e-05,-0.63396228623701,desgaste_rodamiento,0.5
1.489,-2.2246294651246917e-05,-0.4831965721185683,desgaste_rodamiento,0.5
1.49,-2.257005360183788e-05,-0.27038618950185817,desgaste_rodamiento,0.5
1.491,-2.4146806831828262e-05,0.05295820312933898,desgaste_rodamiento,0.5
1.492,-2.5365914668327676e-05,0.3074572460013837,desgaste_rodamiento,0.5
1.493,-2.7724140402492754e-05,0.5285917971507438,desgaste_rodamiento,0.5
1.494,-2.806976489211622e-05,0.6427691065015764,desgaste_rodamiento,0.5
1.495,-2.7529804106137006e-05,0.6306441239555446,desgaste_rodamiento,0.5
1.496,-2.828728047965773e-05,0.5264332206441249,desgaste_rodamiento,0.5
1.497,-2.826500529706821e-05,0.3721584625729512,desgaste_rodamiento,0.5
1.498,-2.723437160831687e-05,0.22682359243830205,desgaste_rodamiento,0.5
1.499,-2.59281621017078e-05,0.10367061395501737,desgaste_rodamiento,0.5
1.5,-2.3148416903789763e-05,0.007783610761655498,desgaste_rodamiento,0.5
1.5010000000000001,-2.2861723075119677e-05,-0.10318195301094193,desgaste_rodamiento,0.5
1.502,-2.072793500606488e-05,-0.22448175646340018,desgaste_rodamiento,0.5
1.5030000000000001,-1.926488007127016e-05,-0.3595349205543218,desgaste_rodamiento,0.5
1.504,-1.851737961475043e-05,-0.5066471993927434,desgaste_rodamiento,0.5
1.5050000000000001,-1.8445919049533898e-05,-0.6140184409265961,desgaste_rodamiento,0.5
1.506,-1.6968610768485867e-05,-0.6192161513935724,desgaste_rodamiento,0.5
1.5070000000000001,-1.7698066398379507e-05,-0.5161649068333939,desgaste_rodamiento,0.5
1.508,-1.826035239002643e-05,-0.31156145662536183,desgaste_rodamiento,0.5
1.5090000000000001,-2.044690473517289e-05,-0.012538112107246079,desgaste_rodamiento,0.5
1.51,-2.0660993630220768e-05,0.25276428196502504,desgaste_rodamiento,0.5
1.5110000000000001,-2.368390094382581e-05,0.49238820222271146,desgaste_rodamiento,0.5
1.512,-2.275335913402314e-05,0.6092868830863306,desgaste_rodamiento,0.5
1.5130000000000001,-2.5876217351633583e-05,0.6007441929174734,desgaste_rodamiento,0.5
1.514,-2.408636155126959e-05,0.5265205783438444,desgaste_rodamiento,0.5
1.5150000000000001,-2.3360136534879773e-05,0.3844350736918815,desgaste_rodamiento,0.5
1.516,-2.317284703664876e-05,0.25487712745123836,desgaste_rodamiento,0.5
1.5170000000000001,-2.076433739420029e-05,0.12285953719683193,desgaste_rodamiento,0.5
1.518,-1.84436251293232e-05,0.0066660718921911725,desgaste_rodamiento,0.5
1.5190000000000001,-1.9375800665282308e-05,-0.05971078614693176,desgaste_rodamiento,0.5
1.52,-1.5590760660404766e-05,-0.17926048108314538,desgaste_rodamiento,0.5
1.5210000000000001,-1.629250190555564e-05,-0.3247756229671746,desgaste_rodamiento,0.5
1.522,-1.3802611743005918e-05,-0.48037530617783947,desgaste_rodamiento,0.5
1.5230000000000001,-1.0884326616749981e-05,-0.6032907287616927,desgaste_rodamiento,0.5
1.524,-1.2184198601497915e-05,-0.63323660155846,desgaste_rodamiento,0.5
1.5250000000000001,-1.2858643977079796e-05,-0.5406643654202989,desgaste_rodamiento,0.5
1.526,-1.2912403246760857e-05,-0.3384735511472703,desgaste_rodamiento,0.5
1.5270000000000001,-1.2417623058917029e-05,-0.06609525615633521,desgaste_rodamiento,0.5
1.528,-1.682240432263819e-05,0.2085143444648729,desgaste_rodamiento,0.5
1.5290000000000001,-1.7579098765748146e-05,0.4472061588711616,desgaste_rodamiento,0.5
1.53,-1.6653312475454662e-05,0.6030236931864923,desgaste_rodamiento,0.5
1.5310000000000001,-1.686632146513475e-05,0.6073537875911081,desgaste_rodamiento,0.5
1.532,-1.823213522426075e-05,0.5503812694968238,desgaste_rodamiento,0.5
1.5330000000000001,-1.8392284659072196e-05,0.4095014660880787,desgaste_rodamiento,0.5
1.534,-1.4659986857808445e-05,0.2588407049053935,desgaste_rodamiento,0.5
1.5350000000000001,-1.351798031071646e-05,0.11998513381732145,desgaste_rodamiento,0.5
1.536,-1.2501128739756512e-05,0.03884647686688172,desgaste_rodamiento,0.5
1.537,-1.1845005260449087e-05,-0.06503475588873273,desgaste_rodamiento,0.5
1.538,-9.482670304073047e-06,-0.17944946454400104,desgaste_rodamiento,0.5
1.539,-7.90960174040496e-06,-0.33085957989034115,desgaste_rodamiento,0.5
1.54,-6.1486836227665676e-06,-0.45053011523617387,desgaste_rodamiento,0.5
1.541,-4.2936538617821344e-06,-0.5574300464013622,desgaste_rodamiento,0.5
1.542,-4.2363849210411044e-06,-0.6122255299764964,desgaste_rodamiento,0.5
1.543,-5.810743665700425e-06,-0.5777837374422814,desgaste_rodamiento,0.5
1.544,-4.609829695243676e-06,-0.40517940649941264,desgaste_rodamiento,0.5
1.545,-6.583869631934992e-06,-0.13013475662799986,desgaste_rodamiento,0.5
1.546,-7.720793723550353e-06,0.1511842144175245,desgaste_rodamiento,0.5
1.547,-8.529016700080635e-06,0.4222262628036552,desgaste_rodamiento,0.5
1.548,-1.1611002381209807e-05,0.5904851635242574,desgaste_rodamiento,0.5
1.549,-1.1395810908989563e-05,0.6395409404924671,desgaste_rodamiento,0.5
1.55,-1.176117446028807e-05,0.5639432640682075,desgaste_rodamiento,0.5
1.551,-1.1926979572865244e-05,0.43378290824929744,desgaste_rodamiento,0.5
1.552,-9.347941465284888e-06,0.2789902266316588,desgaste_rodamiento,0.5
1.553,-6.221983898554366e-06,0.14768272505995161,desgaste_rodamiento,0.5
1.554,-7.855275240281001e-06,0.048286862238788246,desgaste_rodamiento,0.5
1.555,-4.693073454096645e-06,-0.038256895693365975,desgaste_rodamiento,0.5
1.556,-2.3934597108304224e-06,-0.13603255950016266,desgaste_rodamiento,0.5
1.557,-1.0999346505185732e-06,-0.2823558284890935,desgaste_rodamiento,0.5
1.558,1.908677065941213e-07,-0.40677024754773156,desgaste_rodamiento,0.5
1.559,4.131752408511765e-07,-0.5568777777779548,desgaste_rodamiento,0.5
1.56,2.235927321475323e-06,-0.6245323428442678,desgaste_rodamiento,0.5
1.561,1.5446150581464823e-06,-0.5981077771099675,desgaste_rodamiento,0.5
1.562,-9.65743028463727e-08,-0.46190487066500396,desgaste_rodamiento,0.5
1.563,1.4082854454970874e-06,-0.177923673001224,desgaste_rodamiento,0.5
1.564,-1.6833759637145185e-07,0.11526674521271515,desgaste_rodamiento,0.5
1.565,-2.283684007506214e-06,0.37419734056659903,desgaste_rodamiento,0.5
1.566,-3.324850824098962e-06,0.5607930124641609,desgaste_rodamiento,0.5
1.567,-3.3799954972001546e-06,0.6311008166103127,desgaste_rodamiento,0.5
1.568,-4.137371286432461e-06,0.5648331662570698,desgaste_rodamiento,0.5
1.569,-3.127525787240146e-06,0.4546416023215529,desgaste_rodamiento,0.5
1.57,-3.043443910401793e-06,0.32037585999779467,desgaste_rodamiento,0.5
1.571,-4.3001903263822653e-07,0.1641072232626533,desgaste_rodamiento,0.5
1.572,4.394991026696207e-07,0.07050557407454487,desgaste_rodamiento,0.5
1.573,2.083082555131868e-06,-0.03836215535783619,desgaste_rodamiento,0.5
1.574,2.7191992412520544e-06,-0.1190605882968458,desgaste_rodamiento,0.5
1.575,5.5739466579291615e-06,-0.24768635839111755,desgaste_rodamiento,0.5
1.576,6.2010122382579285e-06,-0.4088934672307581,desgaste_rodamiento,0.5
1.577,7.4885607864754155e-06,-0.5194151070015137,desgaste_rodamiento,0.5
1.578,8.03735734296868e-06,-0.6235058350219173,desgaste_rodamiento,0.5
1.579,7.955626747890893e-06,-0.6119042285744279,desgaste_rodamiento,0.5
1.58,9.871541610870094e-06,-0.47057118433448053,desgaste_rodamiento,0.5
1.581,8.21436899840655e-06,-0.22544811175907578,desgaste_rodamiento,0.5
1.582,7.261966076531371e-06,0.043869896101577995,desgaste_rodamiento,0.5
1.583,3.374459660904986e-06,0.33272936383445906,desgaste_rodamiento,0.5
1.584,3.0617687152767225e-06,0.5378814198212037,desgaste_rodamiento,0.5
1.585,1.1592281605494046e-06,0.6278426606083305,desgaste_rodamiento,0.5
1.586,1.336776956513736e-06,0.5951911380919553,desgaste_rodamiento,0.5
1.587,1.5022928738948885e-06,0.4793843400138662,desgaste_rodamiento,0.5
1.588,4.014702643567308e-06,0.32907102759043705,desgaste_rodamiento,0.5
1.589,4.037612145284602e-06,0.1989046149937209,desgaste_rodamiento,0.5
1.59,6.683957856769572e-06,0.07417332456294305,desgaste_rodamiento,0.5
1.591,7.99119852589031e-06,-0.03738232398734168,desgaste_rodamiento,0.5
1.592,1.0962911847586947e-05,-0.09902496285506043,desgaste_rodamiento,0.5
1.593,9.677900604188228e-06,-0.21225623059439536,desgaste_rodamiento,0.5
1.594,1.3208518608665624e-05,-0.38730735914473846,desgaste_rodamiento,0.5
1.595,1.4256626347324763e-05,-0.5162695728614558,desgaste_rodamiento,0.5
1.596,1.3319417592436014e-05,-0.5984063352521739,desgaste_rodamiento,0.5
1.597,1.4946618619515575e-05,-0.5921627943256735,desgaste_rodamiento,0.5
1.598,1.3944173191016106e-05,-0.5034758101111418,desgaste_rodamiento,0.5
1.599,1.2481192715721722e-05,-0.2922161256533404,desgaste_rodamiento,0.5
1.6,1.0597255373758458e-05,-0.0018289644110180956,desgaste_rodamiento,0.5
1.601,9.100925655329692e-06,0.29859876677555697,desgaste_rodamiento,0.5
1.602,9.785472543397731e-06,0.4969000903318981,desgaste_rodamiento,0.5
1.603,7.19200514516156e-06,0.6040895323278551,desgaste_rodamiento,0.5
1.604,7.309867074257042e-06,0.5987718159751599,desgaste_rodamiento,0.5
1.605,6.2409011730380264e-06,0.49538383738085084,desgaste_rodamiento,0.5
1.606,6.913885603550345e-06,0.36356842412729606,desgaste_rodamiento,0.5
1.607,9.425068098245442e-06,0.2363658332774118,desgaste_rodamiento,0.5
1.608,8.958782530470005e-06,0.10587287249319756,desgaste_rodamiento,0.5
1.609,1.1224661771540451e-05,0.005573436245510693,desgaste_rodamiento,0.5
1.61,1.317065490291389e-05,-0.08702746150638395,desgaste_rodamiento,0.5
1.611,1.4781742768351052e-05,-0.2119616272445682,desgaste_rodamiento,0.5
1.612,1.5959119009857864e-05,-0.3259408500190643,desgaste_rodamiento,0.5
1.613,1.7507352495081962e-05,-0.4806087050715979,desgaste_rodamiento,0.5
1.614,1.8446296038872933e-05,-0.5917016214283183,desgaste_rodamiento,0.5
1.615,1.865423203734786e-05,-0.5855839674128573,desgaste_rodamiento,0.5
1.616,1.6917540319698567e-05,-0.5278222648856834,desgaste_rodamiento,0.5
1.617,1.6474462601083743e-05,-0.33791471368577103,desgaste_rodamiento,0.5
1.618,1.618964798042338e-05,-0.05800446922551615,desgaste_rodamiento,0.5
1.619,1.4349409122540019e-05,0.24707188215497938,desgaste_rodamiento,0.5
1.62,1.1104480723352558e-05,0.4707222397019649,desgaste_rodamiento,0.5
1.621,1.126193222512022e-05,0.5850052949715756,desgaste_rodamiento,0.5
1.622,8.856375108085377e-06,0.6199374304401165,desgaste_rodamiento,0.5
1.623,1.036908352469871e-05,0.5185625847566885,desgaste_rodamiento,0.5
1.624,1.2314996579762577e-05,0.40595712984453636,desgaste_rodamiento,0.5
1.625,1.1136350064416594e-05,0.253638619169762,desgaste_rodamiento,0.5
1.6260000000000001,1.254257766386638e-05,0.11643883154125015,desgaste_rodamiento,0.5
1.627,1.5259891042129946e-05,0.036960892686242204,desgaste_rodamiento,0.5
1.6280000000000001,1.5067593827546646e-05,-0.06512221229405463,desgaste_rodamiento,0.5
1.629,1.7305803816356962e-05,-0.16398089617415218,desgaste_rodamiento,0.5
1.6300000000000001,1.966919093964737e-05,-0.3014195705763004,desgaste_rodamiento,0.5
1.631,1.9915952599043685e-05,-0.46083256435317865,desgaste_rodamiento,0.5
1.6320000000000001,2.101811090773294e-05,-0.5787804638022542,desgaste_rodamiento,0.5
1.633,2.2036091864097875e-05,-0.6079477923698596,desgaste_rodamiento,0.5
1.6340000000000001,2.1459147497023563e-05,-0.5571745095737044,desgaste_rodamiento,0.5
1.635,2.0426393506005078e-05,-0.3770106140893459,desgaste_rodamiento,0.5
1.6360000000000001,1.858099372810844e-05,-0.1163033732782807,desgaste_rodamiento,0.5
1.637,1.74899190014129e-05,0.1889498692411797,desgaste_rodamiento,0.5
1.6380000000000001,1.551787143782469e-05,0.45311572795772365,desgaste_rodamiento,0.5
1.639,1.4685398933632e-05,0.5721330173880202,desgaste_rodamiento,0.5
1.6400000000000001,1.3191393387092942e-05,0.6148983970552034,desgaste_rodamiento,0.5
1.641,1.3257285568719098e-05,0.5578805201928028,desgaste_rodamiento,0.5
1.6420000000000001,1.3056026697807886e-05,0.41098280673279936,desgaste_rodamiento,0.5
1.643,1.46711509558067e-05,0.27065610912980703,desgaste_rodamiento,0.5
1.6440000000000001,1.5305834627824932e-05,0.1291612841632462,desgaste_rodamiento,0.5
1.645,1.6490968412388827e-05,0.044425937728745174,desgaste_rodamiento,0.5
1.6460000000000001,1.9034452226583445e-05,-0.05023425563285536,desgaste_rodamiento,0.5
1.647,2.048549957283073e-05,-0.14001898216942063,desgaste_rodamiento,0.5
1.6480000000000001,2.2304333425127777e-05,-0.26650507397848294,desgaste_rodamiento,0.5
1.649,2.2548413298305168e-05,-0.39821798845084405,desgaste_rodamiento,0.5
1.6500000000000001,2.4005070083437116e-05,-0.546453524739469,desgaste_rodamiento,0.5
1.651,2.4459866214013997e-05,-0.6118308298872641,desgaste_rodamiento,0.5
1.6520000000000001,2.4148355271896307e-05,-0.5707084806127737,desgaste_rodamiento,0.5
1.653,2.2346243698242585e-05,-0.4158908877386946,desgaste_rodamiento,0.5
1.6540000000000001,2.1764879465974757e-05,-0.15521457023541965,desgaste_rodamiento,0.5
1.655,2.0314885397886937e-05,0.12968443668238372,desgaste_rodamiento,0.5
1.6560000000000001,1.841886101997432e-05,0.3939939491891682,desgaste_rodamiento,0.5
1.657,1.5465321736581355e-05,0.5755363067574788,desgaste_rodamiento,0.5
1.6580000000000001,1.6295122533754606e-05,0.6050855440130544,desgaste_rodamiento,0.5
1.659,1.756267106380587e-05,0.5715847426784628,desgaste_rodamiento,0.5
1.6600000000000001,1.5893784603807917e-05,0.4489443365284506,desgaste_rodamiento,0.5
1.661,1.6405353555699372e-05,0.2887246268454722,desgaste_rodamiento,0.5
1.6620000000000001,1.840008340698489e-05,0.1381015663305184,desgaste_rodamiento,0.5
1.663,1.9715511894115848e-05,0.05014229637051266,desgaste_rodamiento,0.5
1.6640000000000001,2.1835571310056602e-05,-0.01870526067772045,desgaste_rodamiento,0.5
1.665,2.1422661922997414e-05,-0.1286737593759083,desgaste_rodamiento,0.5
1.666,2.4315150355944373e-05,-0.2612878482849523,desgaste_rodamiento,0.5
1.667,2.5377043535480936e-05,-0.400425877368058,desgaste_rodamiento,0.5
1.668,2.5651889690239357e-05,-0.5215273839978233,desgaste_rodamiento,0.5
1.669,2.6370739200941472e-05,-0.6027630773508694,desgaste_rodamiento,0.5
1.67,2.669445856009216e-05,-0.5896397439006669,desgaste_rodamiento,0.5
1.671,2.576261304467699e-05,-0.45194858671179583,desgaste_rodamiento,0.5
1.672,2.2894803219561197e-05,-0.2127792068854419,desgaste_rodamiento,0.5
1.673,2.2726153051267934e-05,0.07056135670002196,desgaste_rodamiento,0.5
1.674,2.0311168073983614e-05,0.3654831976356227,desgaste_rodamiento,0.5
1.675,1.8897521514563317e-05,0.5348809252306014,desgaste_rodamiento,0.5
1.676,1.7825165329876972e-05,0.624249807365006,desgaste_rodamiento,0.5
1.677,1.7158680185201752e-05,0.5894734864889531,desgaste_rodamiento,0.5
1.678,1.829637302810825e-05,0.46893990819117787,desgaste_rodamiento,0.5
1.679,1.7950314523454406e-05,0.3097163200511649,desgaste_rodamiento,0.5
1.68,1.8171580557767394e-05,0.18358822009281284,desgaste_rodamiento,0.5
1.681,1.9976904719428206e-05,0.0722816570741004,desgaste_rodamiento,0.5
1.682,2.1785938466723555e-05,-0.024639948564991375,desgaste_rodamiento,0.5
1.683,2.397510417098159e-05,-0.1049535899654343,desgaste_rodamiento,0.5
1.684,2.4809333632888036e-05,-0.23696069001704928,desgaste_rodamiento,0.5
1.685,2.4827010889679174e-05,-0.3545839331960532,desgaste_rodamiento,0.5
1.686,2.8202841473451013e-05,-0.5103740330753961,desgaste_rodamiento,0.5
1.687,2.6901523227075523e-05,-0.5958856594348744,desgaste_rodamiento,0.5
1.688,2.7505285324390273e-05,-0.5947979893625303,desgaste_rodamiento,0.5
1.689,2.5646426755796464e-05,-0.48309484841900996,desgaste_rodamiento,0.5
1.69,2.485503007915912e-05,-0.25126917349476074,desgaste_rodamiento,0.5
1.691,2.3405762020405737e-05,0.021840361665704588,desgaste_rodamiento,0.5
1.692,2.1894361357171024e-05,0.3125806684610233,desgaste_rodamiento,0.5
1.693,2.0136106426889693e-05,0.4966823392432546,desgaste_rodamiento,0.5
1.694,1.8766635337341388e-05,0.6065839195301014,desgaste_rodamiento,0.5
1.695,1.7176031239831156e-05,0.6051159109485781,desgaste_rodamiento,0.5
1.696,1.6905010879002053e-05,0.47106557299359597,desgaste_rodamiento,0.5
1.697,1.8046454495901814e-05,0.33158540259161734,desgaste_rodamiento,0.5
1.698,1.9351338149628593e-05,0.20562471264768648,desgaste_rodamiento,0.5
1.699,1.9579582147812903e-05,0.09097694967018975,desgaste_rodamiento,0.5
1.7,2.1812781952148523e-05,0.0035063009927281345,desgaste_rodamiento,0.5
1.701,2.339906330967706e-05,-0.08419444176238752,desgaste_rodamiento,0.5
1.702,2.283079632658757e-05,-0.19378156721301468,desgaste_rodamiento,0.5
1.703,2.3986285301333123e-05,-0.32654304510840204,desgaste_rodamiento,0.5
1.704,2.5343853791513896e-05,-0.4758708675529708,desgaste_rodamiento,0.5
1.705,2.610422030161586e-05,-0.5867568532132279,desgaste_rodamiento,0.5
1.706,2.5351331946326846e-05,-0.5971226446677613,desgaste_rodamiento,0.5
1.707,2.6058359402940507e-05,-0.48984755135232577,desgaste_rodamiento,0.5
1.708,2.4083662575559183e-05,-0.30436969727029195,desgaste_rodamiento,0.5
1.709,2.2125292361598875e-05,-0.036255561995305205,desgaste_rodamiento,0.5
1.71,1.9162461771161324e-05,0.2673419597218883,desgaste_rodamiento,0.5
1.711,1.7530940775057432e-05,0.4774148803665924,desgaste_rodamiento,0.5
1.712,1.7397257113370145e-05,0.5730682300068236,desgaste_rodamiento,0.5
1.713,1.4732246291501625e-05,0.6028204234534246,desgaste_rodamiento,0.5
1.714,1.688959722483116e-05,0.49648694155352424,desgaste_rodamiento,0.5
1.715,1.629947588995719e-05,0.36181460954257294,desgaste_rodamiento,0.5
1.716,1.9618914260424275e-05,0.22542454574643855,desgaste_rodamiento,0.5
1.717,1.9918135712280675e-05,0.10821253414491767,desgaste_rodamiento,0.5
1.718,1.9192025357773832e-05,0.02238111879177136,desgaste_rodamiento,0.5
1.719,2.0480277978513492e-05,-0.07539489933374337,desgaste_rodamiento,0.5
1.72,2.2517779521378028e-05,-0.17112976955154582,desgaste_rodamiento,0.5
1.721,2.412338805879102e-05,-0.31176706285102024,desgaste_rodamiento,0.5
1.722,2.2376307603648405e-05,-0.4456051575397569,desgaste_rodamiento,0.5
1.723,2.2692993495233322e-05,-0.5616985049928988,desgaste_rodamiento,0.5
1.724,2.3497521493355334e-05,-0.6153553928120139,desgaste_rodamiento,0.5
1.725,2.373881196405227e-05,-0.5222972833737618,desgaste_rodamiento,0.5
1.726,2.242316129822833e-05,-0.35159117157407155,desgaste_rodamiento,0.5
1.727,2.117550973827952e-05,-0.07099384338936328,desgaste_rodamiento,0.5
1.728,1.7546810748543385e-05,0.21058596947981573,desgaste_rodamiento,0.5
1.729,1.4868128853563086e-05,0.46210097756184754,desgaste_rodamiento,0.5
1.73,1.5799086886286803e-05,0.5782245257621034,desgaste_rodamiento,0.5
1.731,1.3536870655389614e-05,0.596407631020226,desgaste_rodamiento,0.5
1.732,1.2238061685267885e-05,0.5208034530340407,desgaste_rodamiento,0.5
1.733,1.4056340942467886e-05,0.38387255841806855,desgaste_rodamiento,0.5
1.734,1.5163417563423353e-05,0.2523597947640279,desgaste_rodamiento,0.5
1.735,1.5393837516489533e-05,0.1078364097292216,desgaste_rodamiento,0.5
1.736,1.6238526041356057e-05,0.01987606615713728,desgaste_rodamiento,0.5
1.737,1.7625025531796337e-05,-0.06464051540957551,desgaste_rodamiento,0.5
1.738,1.8593807031050263e-05,-0.14412089675026124,desgaste_rodamiento,0.5
1.739,1.8863099363001695e-05,-0.2641786083639649,desgaste_rodamiento,0.5
1.74,2.015490838347968e-05,-0.42617597142120983,desgaste_rodamiento,0.5
1.741,2.1554669685570586e-05,-0.5504111292189993,desgaste_rodamiento,0.5
1.742,2.1365779151552057e-05,-0.603527408237929,desgaste_rodamiento,0.5
1.743,2.0629057209013638e-05,-0.5417197210246688,desgaste_rodamiento,0.5
1.744,1.8540844179647114e-05,-0.39565412741257294,desgaste_rodamiento,0.5
1.745,1.7496054395226828e-05,-0.1282859047732828,desgaste_rodamiento,0.5
1.746,1.4044662688699884e-05,0.16594071979290292,desgaste_rodamiento,0.5
1.747,1.393081674454026e-05,0.41067922641585847,desgaste_rodamiento,0.5
1.748,1.3262585869582895e-05,0.5642052823883843,desgaste_rodamiento,0.5
1.749,9.911473007658776e-06,0.6122068907170404,desgaste_rodamiento,0.5
1.75,1.0041972576439287e-05,0.5112360203065083,desgaste_rodamiento,0.5
1.7510000000000001,1.075347721915668e-05,0.4174748999389846,desgaste_rodamiento,0.5
1.752,1.1930315902741175e-05,0.26063525919022185,desgaste_rodamiento,0.5
1.7530000000000001,1.143948318939996e-05,0.12402671271666771,desgaste_rodamiento,0.5
1.754,1.2248222230498969e-05,0.05064585892142825,desgaste_rodamiento,0.5
1.7550000000000001,1.235386673409512e-05,-0.024000891317501702,desgaste_rodamiento,0.5
1.756,1.5019991723953059e-05,-0.13361775550466407,desgaste_rodamiento,0.5
1.7570000000000001,1.749018085731315e-05,-0.24465136532680684,desgaste_rodamiento,0.5
1.758,1.6949688421204994e-05,-0.38058216617647317,desgaste_rodamiento,0.5
1.7590000000000001,1.7205049853893436e-05,-0.514125779691039,desgaste_rodamiento,0.5
1.76,1.7504221127448702e-05,-0.5823071261616344,desgaste_rodamiento,0.5
1.7610000000000001,1.6731141139795953e-05,-0.5619158143477823,desgaste_rodamiento,0.5
1.762,1.5028990973309372e-05,-0.4224516079298508,desgaste_rodamiento,0.5
1.7630000000000001,1.4693053760922102e-05,-0.19689289328468215,desgaste_rodamiento,0.5
1.764,1.2341723847962991e-05,0.10204998929057328,desgaste_rodamiento,0.5
1.7650000000000001,1.0240948004295323e-05,0.35629580181574255,desgaste_rodamiento,0.5
1.766,7.771157233820628e-06,0.5620929021595753,desgaste_rodamiento,0.5
1.7670000000000001,8.267983045676861e-06,0.5993082668381939,desgaste_rodamiento,0.5
1.768,7.10966109849453e-06,0.5546162554451338,desgaste_rodamiento,0.5
1.7690000000000001,6.084139756480106e-06,0.43937270626048425,desgaste_rodamiento,0.5
1.77,7.66874900564103e-06,0.29088275977707767,desgaste_rodamiento,0.5
1.7710000000000001,7.285787240498931e-06,0.1783113433028222,desgaste_rodamiento,0.5
1.772,8.061111547750598e-06,0.05457283290339141,desgaste_rodamiento,0.5
1.7730000000000001,9.183031710481636e-06,-0.020285855670294187,desgaste_rodamiento,0.5
1.774,9.52800273441657e-06,-0.11953704196618624,desgaste_rodamiento,0.5
1.7750000000000001,1.228152097860619e-05,-0.2412277875198736,desgaste_rodamiento,0.5
1.776,1.13835014371465e-05,-0.3741384547586459,desgaste_rodamiento,0.5
1.7770000000000001,1.2381899992977737e-05,-0.5042086478281431,desgaste_rodamiento,0.5
1.778,1.1837600079284754e-05,-0.5939433761241704,desgaste_rodamiento,0.5
1.7790000000000001,1.2906377735257325e-05,-0.5880695274550474,desgaste_rodamiento,0.5
1.78,1.1812835114820378e-05,-0.47052479361843086,desgaste_rodamiento,0.5
1.7810000000000001,1.0105728990101251e-05,-0.23010987006333541,desgaste_rodamiento,0.5
1.782,7.637405954003338e-06,0.03725642356878195,desgaste_rodamiento,0.5
1.7830000000000001,5.5215630050102094e-06,0.32879646811862195,desgaste_rodamiento,0.5
1.784,4.94017806634928e-06,0.5155850253578901,desgaste_rodamiento,0.5
1.7850000000000001,2.7572650238647835e-06,0.5818027182888793,desgaste_rodamiento,0.5
1.786,2.561076896600257e-06,0.562994183600426,desgaste_rodamiento,0.5
1.7870000000000001,1.368394438062959e-06,0.4486163095040374,desgaste_rodamiento,0.5
1.788,2.402164132613569e-06,0.31723171918030246,desgaste_rodamiento,0.5
1.7890000000000001,3.859337017807775e-06,0.1945147441998159,desgaste_rodamiento,0.5
1.79,4.168216406729001e-06,0.057598583346860965,desgaste_rodamiento,0.5
1.7910000000000001,4.384851046103035e-06,-0.006149320787156162,desgaste_rodamiento,0.5
1.792,5.896992525740448e-06,-0.09479626068843018,desgaste_rodamiento,0.5
1.793,6.465020751013663e-06,-0.19625129901306423,desgaste_rodamiento,0.5
1.794,7.441722587902013e-06,-0.3372358134401189,desgaste_rodamiento,0.5
1.795,7.70242814797946e-06,-0.4862693755139239,desgaste_rodamiento,0.5
1.796,7.940891757059987e-06,-0.580493571864595,desgaste_rodamiento,0.5
1.797,7.808291092764126e-06,-0.5967611316380999,desgaste_rodamiento,0.5
1.798,5.876965484859067e-06,-0.4751828497166143,desgaste_rodamiento,0.5
1.799,4.315105323908189e-06,-0.27528761116574907,desgaste_rodamiento,0.5
1.8,2.112228065702169e-06,0.019011906857551254,desgaste_rodamiento,0.5
1.801,-9.352973875937257e-08,0.27479291035054443,desgaste_rodamiento,0.5
1.802,-1.6802389461432215e-06,0.4784779508802499,desgaste_rodamiento,0.5
1.803,-2.1350130450671465e-06,0.5728922061852874,desgaste_rodamiento,0.5
1.804,-3.922999419070334e-06,0.55809767969262,desgaste_rodamiento,0.5
1.805,-3.2624562491792763e-06,0.4614328144396899,desgaste_rodamiento,0.5
1.806,-3.5326528811283676e-06,0.34046811511864555,desgaste_rodamiento,0.5
1.807,-4.561714297753643e-06,0.20666885567670804,desgaste_rodamiento,0.5
1.808,-1.7934775820829096e-06,0.07650313336737952,desgaste_rodamiento,0.5
1.809,-7.668529264917551e-07,0.016165502464212365,desgaste_rodamiento,0.5
1.81,-1.1914025325856577e-06,-0.0802576656132696,desgaste_rodamiento,0.5
1.811,8.04072012628876e-07,-0.17762802010299306,desgaste_rodamiento,0.5
1.812,6.184461788100811e-07,-0.2948906948969948,desgaste_rodamiento,0.5
1.813,1.897121253651396e-06,-0.44337910570048417,desgaste_rodamiento,0.5
1.814,1.0383184607189983e-06,-0.564621934235745,desgaste_rodamiento,0.5
1.815,3.112120519555261e-07,-0.601297258086638,desgaste_rodamiento,0.5
1.816,4.792819971247735e-07,-0.5330066273676213,desgaste_rodamiento,0.5
1.817,-7.948989276958784e-07,-0.32637044229629114,desgaste_rodamiento,0.5
1.818,-2.902454930697378e-06,-0.0540772811287004,desgaste_rodamiento,0.5
1.819,-5.5872715424970145e-06,0.21782345483793852,desgaste_rodamiento,0.5
1.82,-6.987709756336701e-06,0.45163721968463816,desgaste_rodamiento,0.5
1.821,-8.118650514730074e-06,0.5767253038868487,desgaste_rodamiento,0.5
1.822,-9.493605212893687e-06,0.5810363405676567,desgaste_rodamiento,0.5
1.823,-9.87369491185679e-06,0.49049822653530367,desgaste_rodamiento,0.5
1.824,-1.0543901139492317e-05,0.3632205160642154,desgaste_rodamiento,0.5
1.825,-8.729462320688296e-06,0.22716653536775094,desgaste_rodamiento,0.5
1.826,-9.812088617836012e-06,0.0979016563905993,desgaste_rodamiento,0.5
1.827,-7.67343966754946e-06,0.03558229601245564,desgaste_rodamiento,0.5
1.828,-6.207042900060524e-06,-0.05970535635083015,desgaste_rodamiento,0.5
1.829,-5.817138395642923e-06,-0.15630372956457728,desgaste_rodamiento,0.5
1.83,-5.529921883886731e-06,-0.2761156536886166,desgaste_rodamiento,0.5
1.831,-5.1908942458229636e-06,-0.4226346971186061,desgaste_rodamiento,0.5
1.832,-3.7466008446131345e-06,-0.5343146624257349,desgaste_rodamiento,0.5
1.833,-5.852039134334939e-06,-0.5891510157666642,desgaste_rodamiento,0.5
1.834,-6.2932342307574965e-06,-0.5391060465138728,desgaste_rodamiento,0.5
1.835,-7.203348764456319e-06,-0.3563680578326123,desgaste_rodamiento,0.5
1.836,-7.745499170898946e-06,-0.11460048581680257,desgaste_rodamiento,0.5
1.837,-1.0419846352072035e-05,0.17954862070143957,desgaste_rodamiento,0.5
1.838,-1.34254686827326e-05,0.4167936063448257,desgaste_rodamiento,0.5
1.839,-1.4599899253155252e-05,0.5580543614665492,desgaste_rodamiento,0.5
1.84,-1.6010362546366905e-05,0.5860624846495388,desgaste_rodamiento,0.5
1.841,-1.668717346024883e-05,0.4962208289541379,desgaste_rodamiento,0.5
1.842,-1.5460003500482975e-05,0.3795584941686747,desgaste_rodamiento,0.5
1.843,-1.687028906115697e-05,0.24547870025502264,desgaste_rodamiento,0.5
1.844,-1.3899896245155116e-05,0.12751351922250528,desgaste_rodamiento,0.5
1.845,-1.360786535626207e-05,0.025359176772214654,desgaste_rodamiento,0.5
1.846,-1.2444081802247206e-05,-0.03030362091968937,desgaste_rodamiento,0.5
1.847,-1.2666745074919046e-05,-0.14385290960429328,desgaste_rodamiento,0.5
1.848,-1.15566163606758e-05,-0.2464415226843497,desgaste_rodamiento,0.5
1.849,-1.1851946528075296e-05,-0.39266295025237447,desgaste_rodamiento,0.5
1.85,-1.0800970608955017e-05,-0.5298068094840355,desgaste_rodamiento,0.5
1.851,-1.0118423492112774e-05,-0.5701215626527109,desgaste_rodamiento,0.5
1.852,-1.0146121290824236e-05,-0.5622878877397223,desgaste_rodamiento,0.5
1.853,-1.3184441891596666e-05,-0.38842512070753177,desgaste_rodamiento,0.5
1.854,-1.429216463315304e-05,-0.14316327921852928,desgaste_rodamiento,0.5
1.855,-1.605995463346434e-05,0.12139588962436215,desgaste_rodamiento,0.5
1.856,-1.894339085177761e-05,0.39225500518496026,desgaste_rodamiento,0.5
1.857,-1.9098220487952426e-05,0.5380802264528416,desgaste_rodamiento,0.5
1.858,-2.129412932569025e-05,0.5910246534426821,desgaste_rodamiento,0.5
1.859,-2.151675276540279e-05,0.5337318306292947,desgaste_rodamiento,0.5
1.86,-2.1772004752428073e-05,0.4067640380105933,desgaste_rodamiento,0.5
1.861,-2.161200596019505e-05,0.2750136629819594,desgaste_rodamiento,0.5
1.862,-2.025319228215301e-05,0.15164858790080002,desgaste_rodamiento,0.5
1.863,-1.943391923813967e-05,0.032377680260435505,desgaste_rodamiento,0.5
1.864,-1.848021784455234e-05,-0.014976884941160782,desgaste_rodamiento,0.5
1.865,-1.766789030930076e-05,-0.13182283853613466,desgaste_rodamiento,0.5
1.866,-1.5855416105815758e-05,-0.21968561332764894,desgaste_rodamiento,0.5
1.867,-1.3997379840372261e-05,-0.35729915291008857,desgaste_rodamiento,0.5
1.868,-1.4602786418503668e-05,-0.5116686820752824,desgaste_rodamiento,0.5
1.869,-1.3829919928294857e-05,-0.5842502253008318,desgaste_rodamiento,0.5
1.87,-1.6071509489688075e-05,-0.5746298581352619,desgaste_rodamiento,0.5
1.871,-1.588772064613549e-05,-0.43396923748752786,desgaste_rodamiento,0.5
1.872,-1.8339492327070057e-05,-0.2046549227914936,desgaste_rodamiento,0.5
1.873,-2.043607843558056e-05,0.08482290909236408,desgaste_rodamiento,0.5
1.874,-2.1731972067303735e-05,0.34994184744549955,desgaste_rodamiento,0.5
1.875,-2.188033712177363e-05,0.5313051976653286,desgaste_rodamiento,0.5
1.8760000000000001,-2.3243748527832613e-05,0.5798817118518793,desgaste_rodamiento,0.5
1.877,-2.4390482302865162e-05,0.5429115605134744,desgaste_rodamiento,0.5
1.8780000000000001,-2.5799069585532738e-05,0.4136423956460953,desgaste_rodamiento,0.5
1.879,-2.4348705424425777e-05,0.28164065526082976,desgaste_rodamiento,0.5
1.8800000000000001,-2.318383239602631e-05,0.1718966623597827,desgaste_rodamiento,0.5
1.881,-2.226604612621017e-05,0.08046208001707181,desgaste_rodamiento,0.5
1.8820000000000001,-2.26627322490523e-05,-0.026095957865973712,desgaste_rodamiento,0.5
1.883,-2.0760872327357956e-05,-0.10241118466466347,desgaste_rodamiento,0.5
1.8840000000000001,-1.902082366228299e-05,-0.20523798937657725,desgaste_rodamiento,0.5
1.885,-1.7600575058741214e-05,-0.33735699126345525,desgaste_rodamiento,0.5
1.8860000000000001,-1.89921179157659e-05,-0.48452098258173987,desgaste_rodamiento,0.5
1.887,-1.7161777650681958e-05,-0.5648163672335703,desgaste_rodamiento,0.5
1.8880000000000001,-1.7162598481381518e-05,-0.5774040997215668,desgaste_rodamiento,0.5
1.889,-1.7423231374895984e-05,-0.46251800810622534,desgaste_rodamiento,0.5
1.8900000000000001,-1.8856331227421678e-05,-0.2425263439326687,desgaste_rodamiento,0.5
1.891,-2.0599993628493605e-05,0.02572336133706531,desgaste_rodamiento,0.5
1.8920000000000001,-2.3414060266961238e-05,0.2885956569577605,desgaste_rodamiento,0.5
1.893,-2.5851164636451174e-05,0.4894397947074226,desgaste_rodamiento,0.5
1.8940000000000001,-2.589056360879953e-05,0.578442466411071,desgaste_rodamiento,0.5
1.895,-2.54800715693204e-05,0.5527131525585097,desgaste_rodamiento,0.5
1.8960000000000001,-2.526205221355844e-05,0.4493126232215279,desgaste_rodamiento,0.5
1.897,-2.535817049659194e-05,0.32877692539451453,desgaste_rodamiento,0.5
1.8980000000000001,-2.4752696828747844e-05,0.18714734750560916,desgaste_rodamiento,0.5
1.899,-2.370656188133432e-05,0.07615213419438782,desgaste_rodamiento,0.5
1.9000000000000001,-2.3202156131099307e-05,0.0069695440451029165,desgaste_rodamiento,0.5
1.901,-2.1614259109679235e-05,-0.08234002483723767,desgaste_rodamiento,0.5
1.9020000000000001,-1.9013404601299434e-05,-0.1694113328812945,desgaste_rodamiento,0.5
1.903,-1.9905951988300877e-05,-0.3082927920748986,desgaste_rodamiento,0.5
1.9040000000000001,-1.70858912153539e-05,-0.4517544319943503,desgaste_rodamiento,0.5
1.905,-1.8073922642327927e-05,-0.5504037531485109,desgaste_rodamiento,0.5
1.9060000000000001,-1.6821465512584145e-05,-0.5934034188884088,desgaste_rodamiento,0.5
1.907,-1.9477755042891243e-05,-0.5003672004866038,desgaste_rodamiento,0.5
1.9080000000000001,-1.90690874516171e-05,-0.30398498278648156,desgaste_rodamiento,0.5
1.909,-2.158531472057739e-05,-0.024141992205078372,desgaste_rodamiento,0.5
1.9100000000000001,-2.376616467434809e-05,0.2643555225459847,desgaste_rodamiento,0.5
1.911,-2.4053928337011547e-05,0.48259461299469936,desgaste_rodamiento,0.5
1.9120000000000001,-2.4601696641185978e-05,0.5759025506641351,desgaste_rodamiento,0.5
1.913,-2.662841249451519e-05,0.5701290539423423,desgaste_rodamiento,0.5
1.9140000000000001,-2.716376978601514e-05,0.4541048915733396,desgaste_rodamiento,0.5
1.915,-2.5603285789820867e-05,0.33058517305416885,desgaste_rodamiento,0.5
1.9160000000000001,-2.471927973478746e-05,0.19369790630699327,desgaste_rodamiento,0.5
1.917,-2.3088415226679917e-05,0.08818337798918952,desgaste_rodamiento,0.5
1.9180000000000001,-2.1491463446109544e-05,0.011720377189710088,desgaste_rodamiento,0.5
1.919,-2.091729595488583e-05,-0.06738259922010932,desgaste_rodamiento,0.5
1.92,-1.813921833514036e-05,-0.17839404943683568,desgaste_rodamiento,0.5
1.921,-1.8184899274468717e-05,-0.2768318741620487,desgaste_rodamiento,0.5
1.922,-1.7662121822169744e-05,-0.43459357629103534,desgaste_rodamiento,0.5
1.923,-1.800580691312786e-05,-0.5355078258964737,desgaste_rodamiento,0.5
1.924,-1.6837960790958493e-05,-0.5580259191844502,desgaste_rodamiento,0.5
1.925,-1.730283131626979e-05,-0.5210583855876765,desgaste_rodamiento,0.5
1.926,-1.725147229574233e-05,-0.3587075825974447,desgaste_rodamiento,0.5
1.927,-1.9001573978280734e-05,-0.07909815521078836,desgaste_rodamiento,0.5
1.928,-2.1836335523268117e-05,0.21042421520967317,desgaste_rodamiento,0.5
1.929,-2.231226862796375e-05,0.44634737058253754,desgaste_rodamiento,0.5
1.93,-2.3099551507487563e-05,0.5437491709410808,desgaste_rodamiento,0.5
1.931,-2.311639423436161e-05,0.5758756263488908,desgaste_rodamiento,0.5
1.932,-2.3708947880917743e-05,0.48620035276321477,desgaste_rodamiento,0.5
1.933,-2.3372710520490817e-05,0.35811347221410095,desgaste_rodamiento,0.5
1.934,-2.304585526919371e-05,0.24876761156017207,desgaste_rodamiento,0.5
1.935,-2.1627365862947964e-05,0.09524027089178844,desgaste_rodamiento,0.5
1.936,-1.962758733790865e-05,0.02915839614719976,desgaste_rodamiento,0.5
1.937,-2.018810696435147e-05,-0.042683022685413574,desgaste_rodamiento,0.5
1.938,-1.8034376726511495e-05,-0.12654161467685912,desgaste_rodamiento,0.5
1.939,-1.704351803883607e-05,-0.2563697732290152,desgaste_rodamiento,0.5
1.94,-1.5034900116597982e-05,-0.3932301973705933,desgaste_rodamiento,0.5
1.941,-1.3580498500355406e-05,-0.5223382145586616,desgaste_rodamiento,0.5
1.942,-1.4620292754195371e-05,-0.5733381648480634,desgaste_rodamiento,0.5
1.943,-1.617911119659876e-05,-0.5340118416959322,desgaste_rodamiento,0.5
1.944,-1.541663659302121e-05,-0.3655425706488214,desgaste_rodamiento,0.5
1.945,-1.5593399069658014e-05,-0.12961570118411203,desgaste_rodamiento,0.5
1.946,-1.730669324180842e-05,0.15426786340623175,desgaste_rodamiento,0.5
1.947,-1.879691262414522e-05,0.3899070700767775,desgaste_rodamiento,0.5
1.948,-2.0464957094674587e-05,0.5501468761748516,desgaste_rodamiento,0.5
1.949,-2.187406585890615e-05,0.5730694395761258,desgaste_rodamiento,0.5
1.95,-2.0589297061214788e-05,0.4901155848907103,desgaste_rodamiento,0.5
1.951,-2.1155904886847795e-05,0.39468071979879654,desgaste_rodamiento,0.5
1.952,-1.795441643223252e-05,0.23466024088950413,desgaste_rodamiento,0.5
1.953,-1.7968846919032404e-05,0.12029175129317843,desgaste_rodamiento,0.5
1.954,-1.7450551917410087e-05,0.03386813783775,desgaste_rodamiento,0.5
1.955,-1.5998226341807162e-05,-0.019225151908333408,desgaste_rodamiento,0.5
1.956,-1.41184918986599e-05,-0.1389113824774845,desgaste_rodamiento,0.5
1.957,-1.2828195884255963e-05,-0.19992356105497205,desgaste_rodamiento,0.5
1.958,-1.0557263806171533e-05,-0.3577752160435115,desgaste_rodamiento,0.5
1.959,-1.0306910058570506e-05,-0.4945349512404868,desgaste_rodamiento,0.5
1.96,-1.0486526454123899e-05,-0.5702167192736014,desgaste_rodamiento,0.5
1.961,-8.483239664614184e-06,-0.542346985570118,desgaste_rodamiento,0.5
1.962,-1.0441516150710482e-05,-0.40162269625062935,desgaste_rodamiento,0.5
1.963,-1.0909040419907808e-05,-0.16775348175740654,desgaste_rodamiento,0.5
1.964,-1.3256386789873076e-05,0.10623450958521621,desgaste_rodamiento,0.5
1.965,-1.3837165007179048e-05,0.35173829180251603,desgaste_rodamiento,0.5
1.966,-1.496373619906431e-05,0.5161062964831475,desgaste_rodamiento,0.5
1.967,-1.7290884178872322e-05,0.5714650423914572,desgaste_rodamiento,0.5
1.968,-1.4409939378066906e-05,0.5208787836947554,desgaste_rodamiento,0.5
1.969,-1.4509560721699777e-05,0.41578479675993746,desgaste_rodamiento,0.5
1.97,-1.4876366306315917e-05,0.27159657888289906,desgaste_rodamiento,0.5
1.971,-1.4146975001938748e-05,0.11473090792370656,desgaste_rodamiento,0.5
1.972,-1.1579991111670238e-05,0.05973434287079185,desgaste_rodamiento,0.5
1.973,-1.0230453219704312e-05,-0.017398605361644136,desgaste_rodamiento,0.5
1.974,-8.45561626310247e-06,-0.09923817618667008,desgaste_rodamiento,0.5
1.975,-7.06994618809525e-06,-0.2102146633193058,desgaste_rodamiento,0.5
1.976,-5.483545430055399e-06,-0.32900572230601527,desgaste_rodamiento,0.5
1.977,-3.6836504111587753e-06,-0.4637945357643951,desgaste_rodamiento,0.5
1.978,-3.6672344443184897e-06,-0.5676299253019595,desgaste_rodamiento,0.5
1.979,-4.728214070101129e-06,-0.551664010162837,desgaste_rodamiento,0.5
1.98,-3.2726799906481395e-06,-0.44811394903083496,desgaste_rodamiento,0.5
1.981,-3.9527010129567145e-06,-0.23449828289679223,desgaste_rodamiento,0.5
1.982,-4.020794862903645e-06,0.044105584910901656,desgaste_rodamiento,0.5
1.983,-8.595019130380079e-06,0.3176035734805056,desgaste_rodamiento,0.5
1.984,-8.680205340811339e-06,0.5032290860930762,desgaste_rodamiento,0.5
1.985,-1.1156813484532906e-05,0.5740858558689077,desgaste_rodamiento,0.5
1.986,-9.306093452677e-06,0.542793389929852,desgaste_rodamiento,0.5
1.987,-9.757641834874294e-06,0.43124598801255276,desgaste_rodamiento,0.5
1.988,-6.994143952864853e-06,0.2816165153292709,desgaste_rodamiento,0.5
1.989,-7.816383590243197e-06,0.16654425277170337,desgaste_rodamiento,0.5
1.99,-7.056177424832034e-06,0.0748301873944097,desgaste_rodamiento,0.5
1.991,-4.548772842543092e-06,0.001211707253113199,desgaste_rodamiento,0.5
1.992,-4.0825591666551105e-06,-0.0699536635193942,desgaste_rodamiento,0.5
1.993,-4.2504335379757394e-07,-0.1754828247145789,desgaste_rodamiento,0.5
1.994,-1.120884180416448e-06,-0.30881555648283093,desgaste_rodamiento,0.5
1.995,1.669650548532757e-06,-0.43756583939179006,desgaste_rodamiento,0.5
1.996,8.92901704616403e-07,-0.5472447060807232,desgaste_rodamiento,0.5
1.997,2.5728614724930583e-06,-0.5710413756439043,desgaste_rodamiento,0.5
1.998,3.843454623677748e-06,-0.4678860044459961,desgaste_rodamiento,0.5
1.999,2.122888261949509e-06,-0.27248479383915064,desgaste_rodamiento,0.5
