t,x,F,falla,severidad
0.0,-1.0777646915944625e-05,0.004967141530112327,desbalanceo,0.5
0.001,-2.3041351890405735e-06,-0.00012600704841447255,desbalanceo,0.5
0.002,-1.2641503363221018e-05,0.00899015071878055,desbalanceo,0.5
0.003,-4.898943383613121e-06,0.019000180098738568,desbalanceo,0.5
0.004,-3.018619859470026e-05,0.002684944218049007,desbalanceo,0.5
0.005,3.4797140134814965e-06,0.003941678471636963,desbalanceo,0.5
0.006,1.315990812871912e-07,0.023331713328957143,desbalanceo,0.5
0.007,-1.2879697268418352e-05,0.016470430067013965,desbalanceo,0.5
0.008,1.0757133890147752e-05,0.0053577903988274046,desbalanceo,0.5
0.009000000000000001,1.5281258565138662e-05,0.016734533470417003,desbalanceo,0.5
0.01,-2.5253636917973966e-05,0.007931095589504958,desbalanceo,0.5
0.011,-1.1663370480425741e-05,0.009164248585150555,desbalanceo,0.5
0.012,-1.1653301515565933e-05,0.01749736997385461,desbalanceo,0.5
0.013000000000000001,-1.4253662002564677e-05,-0.0027989331024012506,desbalanceo,0.5
0.014,1.4122711179272793e-05,0.00034072746880195806,desbalanceo,0.5
0.015,-2.0811649565248043e-06,0.013222974730841747,desbalanceo,0.5
0.016,-3.0723956928073855e-06,0.009973384245289936,desbalanceo,0.5
0.017,-3.068828278373913e-05,0.024499908813293014,desbalanceo,0.5
0.018000000000000002,1.1606686788488764e-05,0.013532822802228195,desbalanceo,0.5
0.019,-1.8134830384073998e-05,0.009745536064513132,desbalanceo,0.5
0.02,2.7978803515848495e-06,0.039780445157676696,desbalanceo,0.5
0.021,6.4871086826726476e-06,0.024121447145166387,desbalanceo,0.5
0.022,2.4028506323034444e-05,0.02830960659127624,desbalanceo,0.5
0.023,-1.830676858472041e-05,0.014641812212305223,desbalanceo,0.5
0.024,-4.5319159181097805e-05,0.02470028491890535,desbalanceo,0.5
0.025,6.128323930050659e-06,0.0325079981358097,desbalanceo,0.5
0.026000000000000002,3.2276634728244195e-05,0.021143331950255608,desbalanceo,0.5
0.027,2.367867331719251e-05,0.037664572232559784,desbalanceo,0.5
0.028,7.642406140147118e-06,0.029155351742355878,desbalanceo,0.5
0.029,-3.1265605850525198e-06,0.03349876343419497,desbalanceo,0.5
0.03,1.8060194105870852e-05,0.031652406230304506,desbalanceo,0.5
0.031,-9.876241904883569e-06,0.05744582818125747,desbalanceo,0.5
0.032,1.3797240996428178e-05,0.04004144407018768,desbalanceo,0.5
0.033,1.4836197542178577e-05,0.030852466443535495,desbalanceo,0.5
0.034,2.4298585680559928e-05,0.05090796714170111,desbalanceo,0.5
0.035,5.207170320141174e-05,0.03172680012016944,desbalanceo,0.5
0.036000000000000004,1.4967628434430309e-05,0.047276360922082074,desbalanceo,0.5
0.037,1.2991998682436466e-06,0.026843275281415353,desbalanceo,0.5
0.038,9.768653291779748e-06,0.0344101242203315,desbalanceo,0.5
0.039,-1.7282092330727104e-05,0.05091235534480561,desbalanceo,0.5
0.04,6.868647291644451e-07,0.05757991059925643,desbalanceo,0.5
0.041,6.1120521235411155e-06,0.053160166411445,desbalanceo,0.5
0.042,5.19923620426097e-06,0.05154097001564889,desbalanceo,0.5
0.043000000000000003,1.696430332754236e-05,0.050937109018128264,desbalanceo,0.5
0.044,2.417645990409025e-06,0.040413336556224325,desbalanceo,0.5
0.045,3.449387011786788e-05,0.04925023567227366,desbalanceo,0.5
0.046,1.7695505273075227e-05,0.05309211561467025,desbalanceo,0.5
0.047,1.8682425887090444e-05,0.06951924888978425,desbalanceo,0.5
0.048,1.4789393955352251e-05,0.06363342402776453,desbalanceo,0.5
0.049,2.375386979218813e-05,0.04381573875234768,desbalanceo,0.5
0.05,3.574608838417837e-05,0.06593555731390505,desbalanceo,0.5
0.051000000000000004,1.0080046797760913e-05,0.06009214374301413,desbalanceo,0.5
0.052000000000000005,1.4817564796820433e-05,0.058421660560251734,desbalanceo,0.5
0.053,2.1926325951547782e-05,0.07255521603501813,desbalanceo,0.5
0.054,6.799157214624847e-06,0.07799567300290632,desbalanceo,0.5
0.055,1.6779360260645504e-05,0.0782453491320351,desbalanceo,0.5
0.056,2.3898359384447207e-05,0.0617868818894366,desbalanceo,0.5
0.057,4.715960336708629e-05,0.06833307505085363,desbalanceo,0.5
0.058,3.914929865966082e-05,0.07598360080989121,desbalanceo,0.5
0.059000000000000004,3.9865841180376675e-05,0.08367180494710472,desbalanceo,0.5
0.06,5.2245503096764645e-05,0.07036961146866295,desbalanceo,0.5
0.061,3.841921589863042e-05,0.07454937074356945,desbalanceo,0.5
0.062,4.885329890316113e-05,0.06658681742876842,desbalanceo,0.5
0.063,4.303802043437468e-05,0.0669319010889188,desbalanceo,0.5
0.064,5.103933238524024e-05,0.08826261272671049,desbalanceo,0.5
0.065,3.968179167348232e-05,0.09494272248671012,desbalanceo,0.5
0.066,1.2310604348485151e-05,0.08190276272489012,desbalanceo,0.5
0.067,5.1426948348428824e-05,0.09390030222030447,desbalanceo,0.5
0.068,7.868082482916155e-05,0.08872300387641449,desbalanceo,0.5
0.069,7.322879596759695e-05,0.07989667107454057,desbalanceo,0.5
0.07,7.639343890734595e-05,0.09120259781008816,desbalanceo,0.5
0.07100000000000001,8.33219390269328e-05,0.1042093222269651,desbalanceo,0.5
0.07200000000000001,6.768911311948659e-05,0.08971054618804851,desbalanceo,0.5
0.073,7.218402081696673e-05,0.10695462190389489,desbalanceo,0.5
0.074,6.201165309742063e-05,0.06634963536507181,desbalanceo,0.5
0.075,6.972681891479805e-05,0.10200452835105688,desbalanceo,0.5
0.076,8.756450239614545e-05,0.09589390028337529,desbalanceo,0.5
0.077,9.998962065246622e-05,0.0932707853373788,desbalanceo,0.5
0.078,8.16535602695809e-05,0.09841539235461083,desbalanceo,0.5
0.079,7.987065313895753e-05,0.07885851125932664,desbalanceo,0.5
0.08,9.0304713697601e-05,0.09777338097850523,desbalanceo,0.5
0.081,0.00010319346685781022,0.10477660222957723,desbalanceo,0.5
0.082,7.392332152672623e-05,0.11721926440007392,desbalanceo,0.5
0.083,6.377285003640411e-05,0.09849193356739,desbalanceo,0.5
0.084,9.517047953315784e-05,0.09682346946069392,desbalanceo,0.5
0.085,8.807164704371608e-05,0.10112405632223676,desbalanceo,0.5
0.08600000000000001,0.00010311197717266143,0.11652831432365338,desbalanceo,0.5
0.08700000000000001,0.00011260599645794578,0.11189390934727217,desbalanceo,0.5
0.088,0.0001115516882658683,0.1045403336322474,desbalanceo,0.5
0.089,0.000145866059996946,0.11620157333956015,desbalanceo,0.5
0.09,0.0001318647450610061,0.11327005736815612,desbalanceo,0.5
0.091,0.00013549060184796498,0.12321552778692461,desbalanceo,0.5
0.092,0.00014475162968461222,0.10773774970784897,desbalanceo,0.5
0.093,0.0001208410477367722,0.11271026232576842,desbalanceo,0.5
0.094,0.00015987650963382273,0.11329379941223788,desbalanceo,0.5
0.095,0.0001464205405497996,0.10380711625198588,desbalanceo,0.5
0.096,0.00016273826907395604,0.12263023456757954,desbalanceo,0.5
0.097,0.0001394003207078499,0.12350572549693206,desbalanceo,0.5
0.098,0.00013625961088362768,0.12217181687982101,desbalanceo,0.5
0.099,0.0001787449860836094,0.12099968272830922,desbalanceo,0.5
0.1,0.00017639912318075131,0.1104160742558534,desbalanceo,0.5
0.101,0.00016075941837049955,0.12158690558880805,desbalanceo,0.5
0.10200000000000001,0.00016610879537918392,0.12358913398227118,desbalanceo,0.5
0.10300000000000001,0.00020285890691282786,0.12021576364757866,desbalanceo,0.5
0.10400000000000001,0.00017088015260247202,0.12784726695186313,desbalanceo,0.5
0.105,0.00022112857007169283,0.13472154458229926,desbalanceo,0.5
0.106,0.00018564681325495243,0.15076312487440652,desbalanceo,0.5
0.107,0.00021540685099801643,0.13486658543213068,desbalanceo,0.5
0.108,0.00020524001347150333,0.13691515794204256,desbalanceo,0.5
0.109,0.00022545894162732553,0.13481334059910413,desbalanceo,0.5
0.11,0.00021256419180016667,0.11758752602350805,desbalanceo,0.5
0.111,0.000224133319989466,0.13772682425177918,desbalanceo,0.5
0.112,0.00023293011578980746,0.13981027006322583,desbalanceo,0.5
0.113,0.00022189706034092028,0.16505566789723586,desbalanceo,0.5
0.114,0.00025541009547711593,0.1397141835129827,desbalanceo,0.5
0.115,0.00024115288187187022,0.14586707428682097,desbalanceo,0.5
0.116,0.0002515288091398548,0.14371754592350386,desbalanceo,0.5
0.117,0.00024521072835627773,0.13359019480162504,desbalanceo,0.5
0.11800000000000001,0.00022615172383695704,0.15791675743199873,desbalanceo,0.5
0.11900000000000001,0.00027004472473580424,0.15521865003188662,desbalanceo,0.5
0.12,0.0003177260544730906,0.15681965966599445,desbalanceo,0.5
0.121,0.00029793638630005987,0.14102470997967084,desbalanceo,0.5
0.122,0.00029137097379430013,0.16535498958562597,desbalanceo,0.5
0.123,0.0002938197220015891,0.1385162091946616,desbalanceo,0.5
0.124,0.0003047808341590579,0.15961016929170296,desbalanceo,0.5
0.125,0.0003196255822909532,0.17685223212092738,desbalanceo,0.5
0.126,0.00029859463934787603,0.14624758289801262,desbalanceo,0.5
0.127,0.000341855116559093,0.15169442572268688,desbalanceo,0.5
0.128,0.0003421698644390063,0.15955755393366028,desbalanceo,0.5
0.129,0.0003489609333651628,0.1547290952184158,desbalanceo,0.5
0.13,0.0003513052145588251,0.145459196962812,desbalanceo,0.5
0.131,0.0003514826979183649,0.1628526024032809,desbalanceo,0.5
0.132,0.0003688310933354534,0.15274423260472902,desbalanceo,0.5
0.133,0.000374515931842493,0.16930264068377074,desbalanceo,0.5
0.134,0.00036645637455067653,0.15657106406932017,desbalanceo,0.5
0.135,0.00037005010779921944,0.18246237775159455,desbalanceo,0.5
0.136,0.0003879958830252319,0.16032735918665755,desbalanceo,0.5
0.137,0.0004183245445053089,0.16613526034537549,desbalanceo,0.5
0.138,0.00038110193622801217,0.17868614994402432,desbalanceo,0.5
0.139,0.00038480068391480855,0.1594365496177845,desbalanceo,0.5
0.14,0.00041825793007051025,0.17521311377907348,desbalanceo,0.5
0.14100000000000001,0.00042389478763442254,0.18720236416292593,desbalanceo,0.5
0.14200000000000002,0.000433369116780762,0.15924762090165515,desbalanceo,0.5
0.14300000000000002,0.00044207143358707644,0.1783593968107188,desbalanceo,0.5
0.14400000000000002,0.00044223793846350493,0.18030157341481476,desbalanceo,0.5
0.145,0.00047726379784800973,0.1867097376307122,desbalanceo,0.5
0.146,0.00043566744569514956,0.1677098353703776,desbalanceo,0.5
0.147,0.0004557889404831574,0.16806167397919813,desbalanceo,0.5
0.148,0.00047519709324006856,0.1876716114079691,desbalanceo,0.5
0.149,0.0004584948766896818,0.18660705009018874,desbalanceo,0.5
0.15,0.0004898522703721933,0.18732618539234347,desbalanceo,0.5
0.151,0.0005271690794350283,0.1894688324078253,desbalanceo,0.5
0.152,0.0005090216195877253,0.1803862303893006,desbalanceo,0.5
0.153,0.0005204581211684206,0.19069016971989003,desbalanceo,0.5
0.154,0.000504792404765487,0.19247853446556648,desbalanceo,0.5
0.155,0.000523250936912483,0.18358348837534164,desbalanceo,0.5
0.156,0.0005353260195439381,0.21056295033395117,desbalanceo,0.5
0.157,0.0005445194420825532,0.19782074095510982,desbalanceo,0.5
0.158,0.0005783809403212081,0.18234558117437755,desbalanceo,0.5
0.159,0.0005751954854791684,0.20199934853807291,desbalanceo,0.5
0.16,0.000556961398955621,0.1868611779954115,desbalanceo,0.5
0.161,0.0005870874725583388,0.205652002965131,desbalanceo,0.5
0.162,0.0005995940042104992,0.21053924898312243,desbalanceo,0.5
0.163,0.0006183781199924844,0.19191757436928245,desbalanceo,0.5
0.164,0.0006339849787521379,0.21092822536637804,desbalanceo,0.5
0.165,0.0006011663467145247,0.20659129610072444,desbalanceo,0.5
0.166,0.0006130839863309907,0.21185206150789845,desbalanceo,0.5
0.167,0.0006146521002172746,0.22376630722115623,desbalanceo,0.5
0.168,0.0006397370074675646,0.20351035223028388,desbalanceo,0.5
0.169,0.0006597042211820743,0.199591660358538,desbalanceo,0.5
0.17,0.0006768342111838616,0.19939759304898694,desbalanceo,0.5
0.171,0.0006686976892694038,0.20129727069346726,desbalanceo,0.5
0.17200000000000001,0.0006736620241968614,0.20984590763327268,desbalanceo,0.5
0.17300000000000001,0.0006900719895649566,0.21518890478623232,desbalanceo,0.5
0.17400000000000002,0.0006832290805058684,0.21570365661665478,desbalanceo,0.5
0.17500000000000002,0.0007388550480248904,0.22236684213028968,desbalanceo,0.5
0.176,0.0006888090309176999,0.215382181171636,desbalanceo,0.5
0.177,0.0007264201634042264,0.23094354140723747,desbalanceo,0.5
0.178,0.0007648037452958118,0.21491655063800338,desbalanceo,0.5
0.179,0.000741668116148957,0.24591860311348873,desbalanceo,0.5
0.18,0.0007476172230011344,0.22612624574411422,desbalanceo,0.5
0.181,0.0007540727064806014,0.21244952007064094,desbalanceo,0.5
0.182,0.0007660440491514311,0.21146255078848494,desbalanceo,0.5
0.183,0.0007999909310937456,0.2281454310469791,desbalanceo,0.5
0.184,0.0007519358529560621,0.22223415539186991,desbalanceo,0.5
0.185,0.0008209037798724726,0.23275570400453985,desbalanceo,0.5
0.186,0.0007828955733979366,0.23149382484738454,desbalanceo,0.5
0.187,0.0008105876989133082,0.22717773699317492,desbalanceo,0.5
0.188,0.0008172245449549911,0.22058148870668004,desbalanceo,0.5
0.189,0.0008427096382822831,0.21504316993609343,desbalanceo,0.5
0.19,0.0008170404306219628,0.22686751977330136,desbalanceo,0.5
0.191,0.0008591628552368883,0.24103648946018683,desbalanceo,0.5
0.192,0.0008933426067991822,0.23575207059883296,desbalanceo,0.5
0.193,0.0008485245418024363,0.2222911707433758,desbalanceo,0.5
0.194,0.0008825676311078384,0.2376165812183386,desbalanceo,0.5
0.195,0.0008782258176104824,0.24087294157602798,desbalanceo,0.5
0.196,0.0009048499047488859,0.2293149659677158,desbalanceo,0.5
0.197,0.0009076208905634809,0.24082333502405684,desbalanceo,0.5
0.198,0.0009063415679733153,0.2409994802289968,desbalanceo,0.5
0.199,0.0009336354716660144,0.230117758961804,desbalanceo,0.5
0.2,0.000963908684038939,0.2462541586348275,desbalanceo,0.5
0.201,0.0009413108696423221,0.2494117019714327,desbalanceo,0.5
0.202,0.0009650994546279432,0.25576068380011907,desbalanceo,0.5
0.203,0.0009422208291693273,0.25659324394215133,desbalanceo,0.5
0.20400000000000001,0.0009568563457258466,0.23340231360670932,desbalanceo,0.5
0.20500000000000002,0.000988913717264583,0.23892326699052444,desbalanceo,0.5
0.20600000000000002,0.0010142919514697455,0.25457310084164575,desbalanceo,0.5
0.20700000000000002,0.0010054946251843444,0.2556805535823598,desbalanceo,0.5
0.20800000000000002,0.0010040313130895064,0.2568118264208561,desbalanceo,0.5
0.209,0.0010182205280728804,0.29130602399668304,desbalanceo,0.5
0.21,0.0010074836758102714,0.2596036722539528,desbalanceo,0.5
0.211,0.0010463122564078225,0.2663651746169207,desbalanceo,0.5
0.212,0.0010599588089917665,0.2656629744259534,desbalanceo,0.5
0.213,0.0010478631825923315,0.26374898989438567,desbalanceo,0.5
0.214,0.0010567718676539545,0.25519318205623986,desbalanceo,0.5
0.215,0.0010776967698695212,0.2670450348865739,desbalanceo,0.5
0.216,0.0010756409466525626,0.25283522430972266,desbalanceo,0.5
0.217,0.0010906945053801545,0.25930208430253565,desbalanceo,0.5
0.218,0.0011343776632906978,0.2579220835049679,desbalanceo,0.5
0.219,0.0011060001541604552,0.2646985582562616,desbalanceo,0.5
0.22,0.0011132792474503237,0.28812914425168423,desbalanceo,0.5
0.221,0.001117704822977879,0.2474112868128937,desbalanceo,0.5
0.222,0.0011489378322054081,0.2740465538259745,desbalanceo,0.5
0.223,0.0011431487988122595,0.2521554340319363,desbalanceo,0.5
0.224,0.0011446252516514135,0.26466053716478083,desbalanceo,0.5
0.225,0.0011849914754146562,0.28136524175794764,desbalanceo,0.5
0.226,0.0011954414197531886,0.272213027471605,desbalanceo,0.5
0.227,0.0011720506404957556,0.26188587717107487,desbalanceo,0.5
0.228,0.001160655903592369,0.2666019863659733,desbalanceo,0.5
0.229,0.0012153058205008748,0.28164129496637974,desbalanceo,0.5
0.23,0.0011970315998890268,0.26863053537100495,desbalanceo,0.5
0.231,0.0012292810296409384,0.2791862566809506,desbalanceo,0.5
0.232,0.0011938729081802627,0.27856343787080123,desbalanceo,0.5
0.233,0.0012481926125751926,0.272676338986659,desbalanceo,0.5
0.234,0.0012231918368674954,0.3017149753767066,desbalanceo,0.5
0.23500000000000001,0.0012627385282627888,0.287696480493467,desbalanceo,0.5
0.23600000000000002,0.0012598222081791034,0.2621861787038504,desbalanceo,0.5
0.23700000000000002,0.0012528385612527858,0.28538101528970716,desbalanceo,0.5
0.23800000000000002,0.00126998790096001,0.2779760231064729,desbalanceo,0.5
0.23900000000000002,0.0012958134300243142,0.29419417953494015,desbalanceo,0.5
0.24,0.001294876693046432,0.27881913484731524,desbalanceo,0.5
0.241,0.0013107981119238768,0.28667000627573197,desbalanceo,0.5
0.242,0.0013412502471999701,0.29393879916643234,desbalanceo,0.5
0.243,0.001292917570056774,0.29861655605655807,desbalanceo,0.5
0.244,0.0013518463597148248,0.27902463467026317,desbalanceo,0.5
0.245,0.0013357901670077719,0.28874969274307916,desbalanceo,0.5
0.246,0.0013278125909626287,0.28841086494349266,desbalanceo,0.5
0.247,0.0013289042252123825,0.2876911401454777,desbalanceo,0.5
0.248,0.0013550429569324127,0.31294158563353885,desbalanceo,0.5
0.249,0.001380648792353579,0.3003979623355383,desbalanceo,0.5
0.25,0.0013717332501434617,0.28479889381717655,desbalanceo,0.5
0.251,0.001405664645574283,0.3076444220202401,desbalanceo,0.5
0.252,0.0013660948263247146,0.3207439096902174,desbalanceo,0.5
0.253,0.0013967428195274367,0.3109020164154343,desbalanceo,0.5
0.254,0.0013845796368310841,0.28643714610941756,desbalanceo,0.5
0.255,0.0014179513052075005,0.2978404478299099,desbalanceo,0.5
0.256,0.00143381090307692,0.3164022986436535,desbalanceo,0.5
0.257,0.001420389636883636,0.2977053418771141,desbalanceo,0.5
0.258,0.0013929313859787733,0.3102675259809948,desbalanceo,0.5
0.259,0.0014450115458827554,0.3146214081929404,desbalanceo,0.5
0.26,0.0014560867291366659,0.29864993471482126,desbalanceo,0.5
0.261,0.001462785572680821,0.3083665884865602,desbalanceo,0.5
0.262,0.0014832081744478552,0.27759019715132566,desbalanceo,0.5
0.263,0.0014534557479591727,0.30079844358731045,desbalanceo,0.5
0.264,0.0014883967323031841,0.30955450394662576,desbalanceo,0.5
0.265,0.0015034900632045097,0.30063863019151543,desbalanceo,0.5
0.266,0.0014629072948090611,0.3304752577832272,desbalanceo,0.5
0.267,0.0015031812490329355,0.3008828149826676,desbalanceo,0.5
0.268,0.0014967464852142511,0.31181526431483203,desbalanceo,0.5
0.269,0.001510133474599366,0.31855298690301254,desbalanceo,0.5
0.27,0.0015235563910227326,0.33268657263778445,desbalanceo,0.5
0.271,0.0015167423430564862,0.30494185867290063,desbalanceo,0.5
0.272,0.0015201795529356517,0.33195713512860725,desbalanceo,0.5
0.273,0.0015378872933110009,0.32145121780084535,desbalanceo,0.5
0.274,0.0015263005100937773,0.3125555576137114,desbalanceo,0.5
0.275,0.001532563337672696,0.3280117983513514,desbalanceo,0.5
0.276,0.0015669088680245,0.326399837813355,desbalanceo,0.5
0.277,0.0015438281384647498,0.31942390232508033,desbalanceo,0.5
0.278,0.0015788317504397058,0.3271392704139543,desbalanceo,0.5
0.279,0.0015815365641597672,0.3236016355418049,desbalanceo,0.5
0.28,0.0015524881213221447,0.32960180565141717,desbalanceo,0.5
0.281,0.001575032823761216,0.3360981336503636,desbalanceo,0.5
0.28200000000000003,0.0016106540969099438,0.34634551907882777,desbalanceo,0.5
0.28300000000000003,0.0015816146919412414,0.31911404454809383,desbalanceo,0.5
0.28400000000000003,0.0015954771315997327,0.3538277018220957,desbalanceo,0.5
0.28500000000000003,0.0016158114342707136,0.31397997386573145,desbalanceo,0.5
0.28600000000000003,0.0016264138455836595,0.3329847952810347,desbalanceo,0.5
0.28700000000000003,0.0016152845327889937,0.3413859186031598,desbalanceo,0.5
0.28800000000000003,0.001615082056920134,0.33931106682330964,desbalanceo,0.5
0.289,0.0016525758449886015,0.33127085123313954,desbalanceo,0.5
0.29,0.0016628045559363652,0.33641161428073835,desbalanceo,0.5
0.291,0.0016557709096895904,0.334556105260958,desbalanceo,0.5
0.292,0.0016465291925980082,0.3345840277471839,desbalanceo,0.5
0.293,0.00163720756291775,0.34996353531025187,desbalanceo,0.5
0.294,0.0016417232905337831,0.34602578197888423,desbalanceo,0.5
0.295,0.0016681213408071649,0.33651291315601756,desbalanceo,0.5
0.296,0.0016711843720930355,0.35342265452998006,desbalanceo,0.5
0.297,0.0016915312205723883,0.34848255780955023,desbalanceo,0.5
0.298,0.0016841254787535532,0.35451934626598036,desbalanceo,0.5
0.299,0.001654265518246214,0.3536664271319689,desbalanceo,0.5
0.3,0.0016994997124380115,0.34005784891679475,desbalanceo,0.5
0.301,0.0016711492117818672,0.3437218911484462,desbalanceo,0.5
0.302,0.0016852440631999692,0.35777077788334644,desbalanceo,0.5
0.303,0.0016995857097865644,0.3573739180848574,desbalanceo,0.5
0.304,0.0017315998363355237,0.35203180197868006,desbalanceo,0.5
0.305,0.0017534657115352594,0.35438291871457245,desbalanceo,0.5
0.306,0.001717513918062211,0.366953340877198,desbalanceo,0.5
0.307,0.0017088449134177207,0.3492262407561093,desbalanceo,0.5
0.308,0.0017241694805196523,0.36157640249469364,desbalanceo,0.5
0.309,0.0017336026149715699,0.3550451831500173,desbalanceo,0.5
0.31,0.0017180384702401561,0.35585018123919876,desbalanceo,0.5
0.311,0.0017554598084164855,0.36997284366060257,desbalanceo,0.5
0.312,0.0017340557509797334,0.36819551445191845,desbalanceo,0.5
0.313,0.0017418448881579864,0.3690309127888413,desbalanceo,0.5
0.314,0.0017479810296170619,0.374903255319675,desbalanceo,0.5
0.315,0.0017474694607041508,0.3630093375568654,desbalanceo,0.5
0.316,0.0017574544515550977,0.3705678375532404,desbalanceo,0.5
0.317,0.0017374647510092418,0.36159282152935146,desbalanceo,0.5
0.318,0.0017415906900270861,0.36888250219199026,desbalanceo,0.5
0.319,0.0017360543623630984,0.3652829217873723,desbalanceo,0.5
0.32,0.0017636741796042206,0.3684959855260871,desbalanceo,0.5
0.321,0.0017720623501970394,0.3744174253596259,desbalanceo,0.5
0.322,0.0017698398857510435,0.36122162900262667,desbalanceo,0.5
0.323,0.0017920946420659884,0.39126383665258235,desbalanceo,0.5
0.324,0.0017680448570832061,0.3612140613168729,desbalanceo,0.5
0.325,0.0017815136902777644,0.36006475927371395,desbalanceo,0.5
0.326,0.0017560365173941803,0.38471829931201323,desbalanceo,0.5
0.327,0.0017698387312031932,0.3819824934838294,desbalanceo,0.5
0.328,0.0017896166374988052,0.3812338673737152,desbalanceo,0.5
0.329,0.0017945010393317282,0.38220104956067785,desbalanceo,0.5
0.33,0.0017786281134892022,0.37671817053832624,desbalanceo,0.5
0.331,0.0017844869913139854,0.3687892528267446,desbalanceo,0.5
0.332,0.0017636372789822336,0.37943911083060794,desbalanceo,0.5
0.333,0.001784334925958607,0.3728268232432031,desbalanceo,0.5
0.334,0.0018063453852592553,0.3902651151892059,desbalanceo,0.5
0.335,0.0018033488730795052,0.37995691992239355,desbalanceo,0.5
0.336,0.0018041329143983595,0.3740841920503841,desbalanceo,0.5
0.337,0.001798840090664711,0.38003506630822786,desbalanceo,0.5
0.338,0.001799993398533414,0.38828608644081053,desbalanceo,0.5
0.339,0.001791111298681625,0.3794254560657274,desbalanceo,0.5
0.34,0.0018145155577760854,0.37774450592610087,desbalanceo,0.5
0.341,0.0018117199596455807,0.3893056649611639,desbalanceo,0.5
0.342,0.0018144292599482908,0.3902186122968431,desbalanceo,0.5
0.343,0.0017996953826458302,0.38359773545951664,desbalanceo,0.5
0.34400000000000003,0.0017751747033915649,0.384853067799813,desbalanceo,0.5
0.34500000000000003,0.001828452313802503,0.39277829302940415,desbalanceo,0.5
0.34600000000000003,0.0018046261870075084,0.3768693483539737,desbalanceo,0.5
0.34700000000000003,0.001799764017715393,0.3781660036222956,desbalanceo,0.5
0.34800000000000003,0.0018257979469981393,0.3859446964198621,desbalanceo,0.5
0.34900000000000003,0.0018095968969683478,0.3918812082505544,desbalanceo,0.5
0.35000000000000003,0.0018338378382263601,0.3980093366422096,desbalanceo,0.5
0.35100000000000003,0.0018277786811151072,0.4105364406864457,desbalanceo,0.5
0.352,0.001829806525274678,0.4052401248353575,desbalanceo,0.5
0.353,0.0017980104095984151,0.39594282220389393,desbalanceo,0.5
0.354,0.0018400336405807094,0.3982287494112916,desbalanceo,0.5
0.355,0.0018256776945439043,0.38926834320480946,desbalanceo,0.5
0.356,0.0018163755363535467,0.3999812485283988,desbalanceo,0.5
0.357,0.0018252655701951237,0.3981505505294417,desbalanceo,0.5
0.358,0.0017952775945953002,0.40513308987720564,desbalanceo,0.5
0.359,0.0018307591986135648,0.39450036886480067,desbalanceo,0.5
0.36,0.001808358594063686,0.40883092050181297,desbalanceo,0.5
0.361,0.001803702412932775,0.4198276209571714,desbalanceo,0.5
0.362,0.0018014604683584754,0.404273402609929,desbalanceo,0.5
0.363,0.0018439494768299097,0.4102368857882627,desbalanceo,0.5
0.364,0.0018165261267100666,0.41397796158329836,desbalanceo,0.5
0.365,0.0018513989079221916,0.40391905510801773,desbalanceo,0.5
0.366,0.0018186670872197234,0.4110249043180258,desbalanceo,0.5
0.367,0.0018002250251335954,0.4097606011586914,desbalanceo,0.5
0.368,0.001809867797389894,0.4114601102457605,desbalanceo,0.5
0.369,0.0018475953378845889,0.4035998944851173,desbalanceo,0.5
0.37,0.0018255115850524983,0.4124197045942525,desbalanceo,0.5
0.371,0.0018193390910472029,0.41799716028234885,desbalanceo,0.5
0.372,0.001830700659673454,0.42836914849704605,desbalanceo,0.5
0.373,0.0018361827320285133,0.42428891281595177,desbalanceo,0.5
0.374,0.0018460119973856457,0.43706447492397976,desbalanceo,0.5
0.375,0.0018512788072098752,0.40869357075761364,desbalanceo,0.5
0.376,0.0018223674751684216,0.4259225956364695,desbalanceo,0.5
0.377,0.0018068631526434126,0.4198630956710172,desbalanceo,0.5
0.378,0.0018213211755251754,0.4407559313834594,desbalanceo,0.5
0.379,0.0018319475275204416,0.41160108237556664,desbalanceo,0.5
0.38,0.001812255710781013,0.4121109433874952,desbalanceo,0.5
0.381,0.001812169363495717,0.41533626201483526,desbalanceo,0.5
0.382,0.0018327050181907508,0.4009111846586721,desbalanceo,0.5
0.383,0.001826169202548451,0.41771046859803096,desbalanceo,0.5
0.384,0.0018271557849963498,0.4161924893163331,desbalanceo,0.5
0.385,0.0018141763614339642,0.4261014678563741,desbalanceo,0.5
0.386,0.0018222321241229524,0.42882671750596235,desbalanceo,0.5
0.387,0.0018107587322799545,0.4449804043632898,desbalanceo,0.5
0.388,0.0018393124399885997,0.436530379827237,desbalanceo,0.5
0.389,0.0018412095768442277,0.4220624544146861,desbalanceo,0.5
0.39,0.0017947756216757434,0.4196505946512895,desbalanceo,0.5
0.391,0.0018089407865068579,0.43435508117215005,desbalanceo,0.5
0.392,0.001799400328637222,0.41703260002485704,desbalanceo,0.5
0.393,0.0018123994583066887,0.4493464537995867,desbalanceo,0.5
0.394,0.0018209152062175049,0.44362108968010827,desbalanceo,0.5
0.395,0.0017985758585489084,0.42792763946300005,desbalanceo,0.5
0.396,0.0018064569246977486,0.416278640292591,desbalanceo,0.5
0.397,0.0018045729757883574,0.4477371779375021,desbalanceo,0.5
0.398,0.0018233211039525707,0.43383940030877305,desbalanceo,0.5
0.399,0.0018205258478099168,0.4481471793554254,desbalanceo,0.5
0.4,0.001807297478778285,0.4206068270025659,desbalanceo,0.5
0.401,0.0018210267973036648,0.4313373075833718,desbalanceo,0.5
0.402,0.0018088419775593217,0.43816131290291194,desbalanceo,0.5
0.403,0.0018125836384231475,0.4393543608251616,desbalanceo,0.5
0.404,0.0018429757694760085,0.4351574370777336,desbalanceo,0.5
0.405,0.0018369935201228151,0.4466579829942438,desbalanceo,0.5
0.406,0.0017941786027311887,0.4305225232941761,desbalanceo,0.5
0.40700000000000003,0.0018274871810170397,0.4405420257755465,desbalanceo,0.5
0.40800000000000003,0.0018265022769675563,0.44393371619848476,desbalanceo,0.5
0.40900000000000003,0.0017945246719431437,0.44863793080854186,desbalanceo,0.5
0.41000000000000003,0.0018252278763161624,0.4513703142953724,desbalanceo,0.5
0.41100000000000003,0.001836015934872097,0.4337662052473753,desbalanceo,0.5
0.41200000000000003,0.001792852101449068,0.43042777987506897,desbalanceo,0.5
0.41300000000000003,0.0017954161572208665,0.45929981716001744,desbalanceo,0.5
0.41400000000000003,0.0018255969543277835,0.45059814555379807,desbalanceo,0.5
0.41500000000000004,0.0018129862133259963,0.44053992290410404,desbalanceo,0.5
0.41600000000000004,0.0018167558411096702,0.46428391442751904,desbalanceo,0.5
0.417,0.00181269735534264,0.4506745682250028,desbalanceo,0.5
0.418,0.0018128176799858083,0.4620540389958048,desbalanceo,0.5
0.419,0.0017847392481362481,0.4516773125777989,desbalanceo,0.5
0.42,0.0018219761152226475,0.47234848024460274,desbalanceo,0.5
0.421,0.0018232902598776671,0.47003109257997105,desbalanceo,0.5
0.422,0.0018003478144460387,0.45072253307831084,desbalanceo,0.5
0.423,0.0018027207771575307,0.46366017906418266,desbalanceo,0.5
0.424,0.0017783926069323856,0.46112832597821973,desbalanceo,0.5
0.425,0.0018104788719009517,0.46908877828989193,desbalanceo,0.5
0.426,0.0018108602407788184,0.4464789210297959,desbalanceo,0.5
0.427,0.0018002081251418988,0.46371215724588755,desbalanceo,0.5
0.428,0.0018186331737826847,0.4681571660305387,desbalanceo,0.5
0.429,0.0017948604347160478,0.44070459375246157,desbalanceo,0.5
0.43,0.0018087228949952002,0.4471762573320069,desbalanceo,0.5
0.431,0.0017829514546287895,0.43933115837531805,desbalanceo,0.5
0.432,0.0017983694633488822,0.4577418308361337,desbalanceo,0.5
0.433,0.0017954856945656046,0.46832151959690443,desbalanceo,0.5
0.434,0.0018014087943195025,0.4768776417624656,desbalanceo,0.5
0.435,0.0017914880150424195,0.4633007671221515,desbalanceo,0.5
0.436,0.0017948882482733595,0.47954949426991217,desbalanceo,0.5
0.437,0.0018098017614969113,0.45016361271023203,desbalanceo,0.5
0.438,0.001789295562783551,0.44762985793732885,desbalanceo,0.5
0.439,0.0017702795240051525,0.4648050245353683,desbalanceo,0.5
0.44,0.0018235238606190754,0.4698957369730412,desbalanceo,0.5
0.441,0.0018173432866358974,0.4664204753550658,desbalanceo,0.5
0.442,0.0017743850346158287,0.4467630992244898,desbalanceo,0.5
0.443,0.0018057580438869533,0.4672341719149493,desbalanceo,0.5
0.444,0.001786469659551108,0.4557662817626245,desbalanceo,0.5
0.445,0.0017984735964797613,0.4761910567784059,desbalanceo,0.5
0.446,0.0017987570790484499,0.47384141604711383,desbalanceo,0.5
0.447,0.0017901441376205233,0.46145548351764176,desbalanceo,0.5
0.448,0.0017812257797687422,0.4663922032425354,desbalanceo,0.5
0.449,0.0017825861500996923,0.461613069230079,desbalanceo,0.5
0.45,0.001778878941490107,0.4722504842816308,desbalanceo,0.5
0.451,0.0017801456059213605,0.48309850582774266,desbalanceo,0.5
0.452,0.0017923064127696867,0.46435736389777105,desbalanceo,0.5
0.453,0.001781939120953978,0.4799203634482031,desbalanceo,0.5
0.454,0.0018042665955079356,0.47024032607460375,desbalanceo,0.5
0.455,0.0018171677267067503,0.4682749057907572,desbalanceo,0.5
0.456,0.0017842419879940245,0.47579178813143036,desbalanceo,0.5
0.457,0.0017974258502662082,0.46716584977617504,desbalanceo,0.5
0.458,0.0018017135381022302,0.4726356827738126,desbalanceo,0.5
0.459,0.001801430607083113,0.4668450192080402,desbalanceo,0.5
0.46,0.0017952944911629992,0.4991203891881615,desbalanceo,0.5
0.461,0.0018061632945286584,0.4804728284774041,desbalanceo,0.5
0.462,0.001802278537126402,0.4737677063217754,desbalanceo,0.5
0.463,0.0017751304819669264,0.4835472402866066,desbalanceo,0.5
0.464,0.001809103073871404,0.4809243497982188,desbalanceo,0.5
0.465,0.00180977299716486,0.48047583077524453,desbalanceo,0.5
0.466,0.001783845750242391,0.48946279564388057,desbalanceo,0.5
0.467,0.0017970938913434706,0.49152951106859566,desbalanceo,0.5
0.468,0.0018079011164922048,0.4792804293394497,desbalanceo,0.5
0.46900000000000003,0.0017941982475854668,0.479455964866817,desbalanceo,0.5
0.47000000000000003,0.001815248528139451,0.4830900344738322,desbalanceo,0.5
0.47100000000000003,0.001836472350943505,0.4634454398051402,desbalanceo,0.5
0.47200000000000003,0.0017868383338795596,0.4719345348100026,desbalanceo,0.5
0.47300000000000003,0.0017780084575189218,0.5013746742121548,desbalanceo,0.5
0.47400000000000003,0.001805613718376077,0.5047727850751685,desbalanceo,0.5
0.47500000000000003,0.0018130525877544216,0.48644761243087625,desbalanceo,0.5
0.47600000000000003,0.0017986680289253244,0.49531609403085936,desbalanceo,0.5
0.47700000000000004,0.0018264137098464109,0.4932732624275474,desbalanceo,0.5
0.47800000000000004,0.0017827596354108985,0.5215574885934344,desbalanceo,0.5
0.47900000000000004,0.0018161596509900738,0.5025700306486152,desbalanceo,0.5
0.48,0.0017964640171369475,0.4906983863137774,desbalanceo,0.5
0.481,0.0018346666954319548,0.48302311647279544,desbalanceo,0.5
0.482,0.00184015226134301,0.47711269258597466,desbalanceo,0.5
0.483,0.0017972654568938356,0.4958081016368189,desbalanceo,0.5
0.484,0.0018019265015569914,0.48680394023173384,desbalanceo,0.5
0.485,0.0018256586136541364,0.48073656426553735,desbalanceo,0.5
0.486,0.0018070300653385684,0.4890826958368967,desbalanceo,0.5
0.487,0.001813792687894305,0.4853199359889163,desbalanceo,0.5
0.488,0.001816268110930071,0.5135914901532165,desbalanceo,0.5
0.489,0.001786614357039913,0.5061187940015771,desbalanceo,0.5
0.49,0.0018184907277224729,0.4978026559378507,desbalanceo,0.5
0.491,0.0018092063349790858,0.5132594714020928,desbalanceo,0.5
0.492,0.001813903317124427,0.49980902096570745,desbalanceo,0.5
0.493,0.0018464326347484745,0.4909954624531991,desbalanceo,0.5
0.494,0.001804987848671162,0.5154101690217211,desbalanceo,0.5
0.495,0.0018397322944535555,0.5061363081945235,desbalanceo,0.5
0.496,0.0018240620151013785,0.4909406799867324,desbalanceo,0.5
0.497,0.0018258575071643287,0.49997334133945165,desbalanceo,0.5
0.498,0.0018447898558739385,0.49368178356575365,desbalanceo,0.5
0.499,0.0018394927772364205,0.48916885674609933,desbalanceo,0.5
0.5,0.0018451000504884595,0.5128151660685901,desbalanceo,0.5
0.501,0.0018534183271935903,0.523201740738218,desbalanceo,0.5
0.502,0.0018347086427149511,0.4906737281763661,desbalanceo,0.5
0.503,0.0018323075581433044,0.5108385703581548,desbalanceo,0.5
0.504,0.0018268846427258363,0.4992495695439968,desbalanceo,0.5
0.505,0.0018332032677315139,0.5014295004972048,desbalanceo,0.5
0.506,0.0018956681666924345,0.5009192147529433,desbalanceo,0.5
0.507,0.0018707164546857213,0.49874328524180905,desbalanceo,0.5
0.508,0.0018315770828638712,0.5084060861828589,desbalanceo,0.5
0.509,0.0018343720033963241,0.5001466824811482,desbalanceo,0.5
0.51,0.001865555354215625,0.5116937011942526,desbalanceo,0.5
0.511,0.0018690240130703412,0.5090173354715968,desbalanceo,0.5
0.512,0.0018715213706859413,0.5076584528713778,desbalanceo,0.5
0.513,0.0018612062584097832,0.5014981454605721,desbalanceo,0.5
0.514,0.0018658301286016497,0.5053295483227102,desbalanceo,0.5
0.515,0.0018756618179304727,0.5191722830967777,desbalanceo,0.5
0.516,0.0018744410546182517,0.5171462804606698,desbalanceo,0.5
0.517,0.0018403376408880946,0.5028779213079814,desbalanceo,0.5
0.518,0.0018748319280969454,0.51416078831409,desbalanceo,0.5
0.519,0.0018676866521626582,0.5211929532530906,desbalanceo,0.5
0.52,0.0018869006733643074,0.4974942701637328,desbalanceo,0.5
0.521,0.0019346228144406445,0.5201287890073745,desbalanceo,0.5
0.522,0.0018957410942561767,0.5085734357296573,desbalanceo,0.5
0.523,0.00188781886666633,0.5214077673581594,desbalanceo,0.5
0.524,0.0019105298876665447,0.5085689165849469,desbalanceo,0.5
0.525,0.0019065546308715416,0.4986500337711668,desbalanceo,0.5
0.526,0.0019086199901024621,0.5009183952167807,desbalanceo,0.5
0.527,0.0019146917303829924,0.5181672511282539,desbalanceo,0.5
0.528,0.0019409575608402257,0.5207738250677777,desbalanceo,0.5
0.529,0.001893246099687189,0.5096212476028049,desbalanceo,0.5
0.53,0.0019220655762285728,0.5255357667675407,desbalanceo,0.5
0.531,0.0019029652271864894,0.5030176835306941,desbalanceo,0.5
0.532,0.0019299033783274674,0.5194527409300915,desbalanceo,0.5
0.533,0.0019096864145851378,0.5084816436303471,desbalanceo,0.5
0.534,0.0019210379019858673,0.5145493223850407,desbalanceo,0.5
0.535,0.0019263695159673754,0.5220151583272521,desbalanceo,0.5
0.536,0.0019500728031117353,0.5134081356372528,desbalanceo,0.5
0.537,0.0019526082857058956,0.5186354202746115,desbalanceo,0.5
0.538,0.0019215459593352462,0.5330102182293076,desbalanceo,0.5
0.539,0.0019458328277381668,0.5176422931150311,desbalanceo,0.5
0.54,0.0019371940903215275,0.5322296611330529,desbalanceo,0.5
0.541,0.0019320356295661405,0.5130348054899798,desbalanceo,0.5
0.542,0.0019522990472651332,0.5300866549716345,desbalanceo,0.5
0.543,0.001954510629697638,0.5396586430132897,desbalanceo,0.5
0.544,0.002001889484946951,0.5009784592212767,desbalanceo,0.5
0.545,0.0019738111687507484,0.5181755022453707,desbalanceo,0.5
0.546,0.0019486752383134224,0.5323623291879391,desbalanceo,0.5
0.547,0.0019654492102668605,0.5250059091039042,desbalanceo,0.5
0.548,0.001994602869410883,0.5311901780887611,desbalanceo,0.5
0.549,0.0020155041549069627,0.5218788246482462,desbalanceo,0.5
0.55,0.001960750590823367,0.5292221317640152,desbalanceo,0.5
0.551,0.0019599873169992427,0.5272346185834055,desbalanceo,0.5
0.552,0.002023821327740516,0.5409019677535022,desbalanceo,0.5
0.553,0.0020041709508217993,0.532198710415153,desbalanceo,0.5
0.554,0.0019881242308670884,0.5334584816046475,desbalanceo,0.5
0.555,0.002014584096554281,0.5263892360085355,desbalanceo,0.5
0.556,0.001968070291667935,0.5260550913433308,desbalanceo,0.5
0.557,0.0020143154106795885,0.5270263164096308,desbalanceo,0.5
0.558,0.0020236352082541,0.5357147607826208,desbalanceo,0.5
0.559,0.002037323656562994,0.5279763315833632,desbalanceo,0.5
0.56,0.0020105791111459125,0.535497457566162,desbalanceo,0.5
0.561,0.0020323501878197034,0.5537648447900785,desbalanceo,0.5
0.562,0.0020204659224758057,0.5421308064897492,desbalanceo,0.5
0.5630000000000001,0.0020436095036873068,0.5305656412922248,desbalanceo,0.5
0.5640000000000001,0.002029561921262735,0.5462419271786434,desbalanceo,0.5
0.5650000000000001,0.0020416881466056446,0.5305505394491665,desbalanceo,0.5
0.5660000000000001,0.0020366812320108583,0.5146491466405816,desbalanceo,0.5
0.5670000000000001,0.002067354744627258,0.5253462210147548,desbalanceo,0.5
0.5680000000000001,0.002075053380169797,0.5171134501084821,desbalanceo,0.5
0.5690000000000001,0.0020620000903417025,0.5326981124976914,desbalanceo,0.5
0.5700000000000001,0.0020707591125625107,0.5367869017518725,desbalanceo,0.5
0.5710000000000001,0.002051445720390449,0.5537541541017104,desbalanceo,0.5
0.5720000000000001,0.002074232531835375,0.5406437099439223,desbalanceo,0.5
0.5730000000000001,0.0020826892149370343,0.5355656781817197,desbalanceo,0.5
0.5740000000000001,0.0021298165964828866,0.5464305784258588,desbalanceo,0.5
0.5750000000000001,0.0020747419579507332,0.5164026004099451,desbalanceo,0.5
0.5760000000000001,0.002120381823819757,0.5412451215865962,desbalanceo,0.5
0.577,0.0021174442510887063,0.5469702419636538,desbalanceo,0.5
0.578,0.0021105520037994047,0.5248459330109374,desbalanceo,0.5
0.579,0.0021386942307175497,0.5514371326969079,desbalanceo,0.5
0.58,0.002121121616217492,0.5437499444320839,desbalanceo,0.5
0.581,0.002125972364947542,0.5365750805672449,desbalanceo,0.5
0.582,0.002123500604317587,0.5474163489504116,desbalanceo,0.5
0.583,0.002148478880916707,0.5641536206781912,desbalanceo,0.5
0.584,0.0021510721929928287,0.5436211076994937,desbalanceo,0.5
0.585,0.002128224312312632,0.5446379953254281,desbalanceo,0.5
0.586,0.0021218045661254405,0.537913116088607,desbalanceo,0.5
0.587,0.0021442798289806626,0.5343568083788421,desbalanceo,0.5
0.588,0.0021394047593926518,0.5515047286726409,desbalanceo,0.5
0.589,0.002155821650232751,0.5349842422188715,desbalanceo,0.5
0.59,0.0021812523954749773,0.5446020444672806,desbalanceo,0.5
0.591,0.002158862890044364,0.5394487010167132,desbalanceo,0.5
0.592,0.0021701423694090415,0.5493515590455086,desbalanceo,0.5
0.593,0.00217641688608191,0.5482324592177047,desbalanceo,0.5
0.594,0.0021937033760772843,0.5556029072324673,desbalanceo,0.5
0.595,0.002148969961946667,0.5404566058662442,desbalanceo,0.5
0.596,0.0021798293139797943,0.5431848752146237,desbalanceo,0.5
0.597,0.0021975581692159443,0.5364204349947883,desbalanceo,0.5
0.598,0.0022180047485819156,0.5420871802500218,desbalanceo,0.5
0.599,0.002195648415731111,0.5506227518497422,desbalanceo,0.5
0.6,0.002178193273390568,0.5547368607982003,desbalanceo,0.5
0.601,0.002222688448460042,0.5382601430363388,desbalanceo,0.5
0.602,0.0022072952892702234,0.5564902713657875,desbalanceo,0.5
0.603,0.0022030812834086676,0.5616606012023231,desbalanceo,0.5
0.604,0.002216743026534163,0.5525461769979956,desbalanceo,0.5
0.605,0.0022284017922091066,0.5674849867001059,desbalanceo,0.5
0.606,0.0022263342092397652,0.5412819328211897,desbalanceo,0.5
0.607,0.002205416451294978,0.5368736700336966,desbalanceo,0.5
0.608,0.0022595573068406195,0.5318310032534789,desbalanceo,0.5
0.609,0.0022701756050306776,0.5648742343747654,desbalanceo,0.5
0.61,0.0022647989710609328,0.5567506306191861,desbalanceo,0.5
0.611,0.0022408095322073193,0.549941907873763,desbalanceo,0.5
0.612,0.002260313553911608,0.5535858195740054,desbalanceo,0.5
0.613,0.0022679717927332494,0.539817220251974,desbalanceo,0.5
0.614,0.0022821601980008953,0.5758132071231923,desbalanceo,0.5
0.615,0.0022877863012428666,0.5529290754546623,desbalanceo,0.5
0.616,0.0022699097865362247,0.5530095881287544,desbalanceo,0.5
0.617,0.002287432284692617,0.5594496837596594,desbalanceo,0.5
0.618,0.002297902226773738,0.5572760885325986,desbalanceo,0.5
0.619,0.0023183071414811475,0.5549764170917393,desbalanceo,0.5
0.62,0.0023107623390804266,0.5451020154660655,desbalanceo,0.5
0.621,0.0023165360482774165,0.5579882299161171,desbalanceo,0.5
0.622,0.0023096788899470895,0.5723581814173304,desbalanceo,0.5
0.623,0.0023352444016713453,0.5672541314525427,desbalanceo,0.5
0.624,0.002323651541244376,0.569991396889469,desbalanceo,0.5
0.625,0.002307736559137188,0.5492045792636537,desbalanceo,0.5
0.626,0.0023482341981113557,0.5446754996982631,desbalanceo,0.5
0.627,0.0023412903363101913,0.5535660977519429,desbalanceo,0.5
0.628,0.002327362560791672,0.5556312430343531,desbalanceo,0.5
0.629,0.0023310374223315623,0.5662635447043685,desbalanceo,0.5
0.63,0.0023476593064485148,0.5386422282395841,desbalanceo,0.5
0.631,0.002354520349594481,0.5711052329324757,desbalanceo,0.5
0.632,0.0023544467318730405,0.5544701169284185,desbalanceo,0.5
0.633,0.0023604135157644203,0.5520194631733505,desbalanceo,0.5
0.634,0.00238669250521537,0.5464029206841146,desbalanceo,0.5
0.635,0.0023807343599320818,0.54020870172613,desbalanceo,0.5
0.636,0.0023706994065322436,0.565219892591453,desbalanceo,0.5
0.637,0.0023866710827768847,0.5579498999004077,desbalanceo,0.5
0.638,0.0023591223712779844,0.5445432607639732,desbalanceo,0.5
0.639,0.002385874202047077,0.5447158485321456,desbalanceo,0.5
0.64,0.002412272801288752,0.5545301736280092,desbalanceo,0.5
0.641,0.002383735589171189,0.574797239052664,desbalanceo,0.5
0.642,0.002377480150324005,0.5557277332255154,desbalanceo,0.5
0.643,0.002384365483940777,0.5435064608734389,desbalanceo,0.5
0.644,0.0023810976930543934,0.5562923251366377,desbalanceo,0.5
0.645,0.002389633327993246,0.5562320081573675,desbalanceo,0.5
0.646,0.00239987189582509,0.5321974892200279,desbalanceo,0.5
0.647,0.0023869211391433745,0.5588281435246047,desbalanceo,0.5
0.648,0.0024131243045387996,0.5572641092179487,desbalanceo,0.5
0.649,0.002430752250142853,0.5667355073481781,desbalanceo,0.5
0.65,0.0024052941575153286,0.5784606217547547,desbalanceo,0.5
0.651,0.0024474412461992657,0.5714319572224107,desbalanceo,0.5
0.652,0.002434719513877435,0.5576702962661308,desbalanceo,0.5
0.653,0.0024463538812785606,0.5494844315744587,desbalanceo,0.5
0.654,0.002422687184823051,0.5864714285679334,desbalanceo,0.5
0.655,0.0024500770324289937,0.5615157882859736,desbalanceo,0.5
0.656,0.002422222649963414,0.5612463049811987,desbalanceo,0.5
0.657,0.0024570342594982934,0.5610468051975879,desbalanceo,0.5
0.658,0.0024486906281847853,0.5634475847733982,desbalanceo,0.5
0.659,0.0024578569817705546,0.5601994524494414,desbalanceo,0.5
0.66,0.0024332905114342798,0.556080395439749,desbalanceo,0.5
0.661,0.0024407476578242326,0.5565200258193512,desbalanceo,0.5
0.662,0.0024674938722007767,0.56183032429798,desbalanceo,0.5
0.663,0.002445695512759931,0.5568904943796206,desbalanceo,0.5
0.664,0.002471048717337019,0.5553608139700749,desbalanceo,0.5
0.665,0.0024445964183058967,0.5637157497027252,desbalanceo,0.5
0.666,0.0024826702054751,0.5602614981269743,desbalanceo,0.5
0.667,0.0024521167934127837,0.5780086716474735,desbalanceo,0.5
0.668,0.002483222427527324,0.5366141650772402,desbalanceo,0.5
0.669,0.0024869508496557307,0.5741917043882355,desbalanceo,0.5
0.67,0.0024683398803142507,0.5758879131946634,desbalanceo,0.5
0.671,0.002491210251383298,0.5428412384388785,desbalanceo,0.5
0.672,0.0024884774046350496,0.5602939998230072,desbalanceo,0.5
0.673,0.0024780540890813026,0.5601498590424625,desbalanceo,0.5
0.674,0.0024728341245674962,0.5499302010769704,desbalanceo,0.5
0.675,0.00245982007390773,0.5563658613136037,desbalanceo,0.5
0.676,0.0024988784404718764,0.5531746412195055,desbalanceo,0.5
0.677,0.002470405652363477,0.5819371384031059,desbalanceo,0.5
0.678,0.002498941691535297,0.5739029165109636,desbalanceo,0.5
0.679,0.0024952086107171436,0.5773910479768926,desbalanceo,0.5
0.68,0.0025122048004995456,0.5720192494876664,desbalanceo,0.5
0.681,0.0024984461547531474,0.5536367118791705,desbalanceo,0.5
0.682,0.002499855356750729,0.5598043981624885,desbalanceo,0.5
0.683,0.0025185793734930914,0.5700633897423342,desbalanceo,0.5
0.684,0.0025139713838158457,0.5530660830126799,desbalanceo,0.5
0.685,0.0025153357718773303,0.5725327376525303,desbalanceo,0.5
0.686,0.0025193867393984407,0.5631125685218962,desbalanceo,0.5
0.687,0.0024889366127727216,0.5618783621248087,desbalanceo,0.5
0.6880000000000001,0.0025270211155201277,0.5728445977788835,desbalanceo,0.5
0.6890000000000001,0.0025261541801232796,0.5702837409783752,desbalanceo,0.5
0.6900000000000001,0.0025015335212313873,0.5623352395273402,desbalanceo,0.5
0.6910000000000001,0.0025151946652555396,0.5776396777965654,desbalanceo,0.5
0.6920000000000001,0.002519737774206273,0.5553349120344928,desbalanceo,0.5
0.6930000000000001,0.002519435435567798,0.5724017556272321,desbalanceo,0.5
0.6940000000000001,0.0025280689219244635,0.57226795682878,desbalanceo,0.5
0.6950000000000001,0.0025466933934788984,0.5633337167502552,desbalanceo,0.5
0.6960000000000001,0.0025421590827792323,0.569780442236771,desbalanceo,0.5
0.6970000000000001,0.0025049332908620636,0.5540956028864261,desbalanceo,0.5
0.6980000000000001,0.002536735158680933,0.5759323330462021,desbalanceo,0.5
0.6990000000000001,0.002548886222089842,0.564926065079039,desbalanceo,0.5
0.7000000000000001,0.002534657100898681,0.5616285810452356,desbalanceo,0.5
0.7010000000000001,0.0025466487933856266,0.577424331380071,desbalanceo,0.5
0.7020000000000001,0.002562050862541529,0.5599669350130996,desbalanceo,0.5
0.7030000000000001,0.0025469088339794416,0.5529995985530047,desbalanceo,0.5
0.704,0.002535116075292681,0.5515894680710243,desbalanceo,0.5
0.705,0.0025483124429239315,0.5732851182055325,desbalanceo,0.5
0.706,0.0025343770003835382,0.5544876965682286,desbalanceo,0.5
0.707,0.0025328187397771836,0.5849046177629734,desbalanceo,0.5
0.708,0.0025271447853015038,0.546599784110956,desbalanceo,0.5
0.709,0.002557968036613476,0.584443762478341,desbalanceo,0.5
0.71,0.0025201434889437035,0.5696472144086876,desbalanceo,0.5
0.711,0.0025578162610889097,0.5666254718856457,desbalanceo,0.5
0.712,0.0025414270402294844,0.5621966997355888,desbalanceo,0.5
0.713,0.0025111398892138244,0.5716882656975942,desbalanceo,0.5
0.714,0.0025393185209202215,0.5673692998649388,desbalanceo,0.5
0.715,0.0024998455691868865,0.5788251384770374,desbalanceo,0.5
0.716,0.0025432185345510413,0.5689786014057753,desbalanceo,0.5
0.717,0.002547179695018052,0.5693812823668275,desbalanceo,0.5
0.718,0.002523353222769911,0.5642818191241888,desbalanceo,0.5
0.719,0.0025344830447964106,0.5673859002686884,desbalanceo,0.5
0.72,0.0025633468767695716,0.5710685303382987,desbalanceo,0.5
0.721,0.0025236687300519314,0.5509217278826923,desbalanceo,0.5
0.722,0.0025143644418550047,0.5545722019109903,desbalanceo,0.5
0.723,0.0025543732071730972,0.5755150887184635,desbalanceo,0.5
0.724,0.0025614460567978804,0.5698172433035551,desbalanceo,0.5
0.725,0.0025295221917880674,0.5662926483890185,desbalanceo,0.5
0.726,0.0025448992192450203,0.5683384678019823,desbalanceo,0.5
0.727,0.002549402115712917,0.5716493483483993,desbalanceo,0.5
0.728,0.0025153189835074447,0.5627930956498198,desbalanceo,0.5
0.729,0.0025185516062285955,0.5604225669355215,desbalanceo,0.5
0.73,0.002545012430459609,0.5701767513132684,desbalanceo,0.5
0.731,0.0025512726490923023,0.5584450206663818,desbalanceo,0.5
0.732,0.0025323139431963787,0.5723194930725234,desbalanceo,0.5
0.733,0.002508180505678267,0.5512171162372715,desbalanceo,0.5
0.734,0.0025527829386960323,0.5785382674210979,desbalanceo,0.5
0.735,0.0025113727684539077,0.5729742189702286,desbalanceo,0.5
0.736,0.0025132390736862594,0.5708078512573237,desbalanceo,0.5
0.737,0.0025227453274822165,0.5780715525449123,desbalanceo,0.5
0.738,0.0025407373172049385,0.5848942573314587,desbalanceo,0.5
0.739,0.0025281715336175643,0.5783758674889445,desbalanceo,0.5
0.74,0.002519736492019244,0.5498138646418859,desbalanceo,0.5
0.741,0.0025190294954860588,0.5554150659762223,desbalanceo,0.5
0.742,0.0025107846421399344,0.561948669547811,desbalanceo,0.5
0.743,0.002517397227735691,0.5684415789351651,desbalanceo,0.5
0.744,0.0024664552516857306,0.5733388676208124,desbalanceo,0.5
0.745,0.002500400546435933,0.5608842466034568,desbalanceo,0.5
0.746,0.0025072399779385106,0.5699865605087946,desbalanceo,0.5
0.747,0.0024832184899467855,0.5605400749673376,desbalanceo,0.5
0.748,0.0025059132844962562,0.5619515434865308,desbalanceo,0.5
0.749,0.002494584747489987,0.5539707360864333,desbalanceo,0.5
0.75,0.0025239167730388293,0.5587734509725165,desbalanceo,0.5
0.751,0.0025189946618191803,0.55445518713695,desbalanceo,0.5
0.752,0.0024843842815200135,0.5581773663572831,desbalanceo,0.5
0.753,0.00248729038890028,0.578434401048324,desbalanceo,0.5
0.754,0.002486354778059069,0.5583636994702348,desbalanceo,0.5
0.755,0.0024781204628251535,0.5941390379572815,desbalanceo,0.5
0.756,0.0024862047873056075,0.5727037515480603,desbalanceo,0.5
0.757,0.0024687231541030614,0.56957211790547,desbalanceo,0.5
0.758,0.0024604773084134076,0.5590911945267988,desbalanceo,0.5
0.759,0.0024861194593029314,0.5746267209584313,desbalanceo,0.5
0.76,0.002483842758813196,0.5618139305710512,desbalanceo,0.5
0.761,0.0024585308959561717,0.5687349331529081,desbalanceo,0.5
0.762,0.002483197659418823,0.5930580487495186,desbalanceo,0.5
0.763,0.0024563345080599193,0.5664368176135249,desbalanceo,0.5
0.764,0.0024679435225819966,0.5788282107101159,desbalanceo,0.5
0.765,0.0024744520210000205,0.5602396243467542,desbalanceo,0.5
0.766,0.0024582417300440494,0.5668552678924877,desbalanceo,0.5
0.767,0.00246341924846999,0.5848447791490436,desbalanceo,0.5
0.768,0.0024452727907858162,0.5607965807655662,desbalanceo,0.5
0.769,0.0024477076202900983,0.5851180768020372,desbalanceo,0.5
0.77,0.0024448578012665127,0.5739963145680362,desbalanceo,0.5
0.771,0.0024335063573663316,0.5612171983562049,desbalanceo,0.5
0.772,0.0024398502564330253,0.5730868841275948,desbalanceo,0.5
0.773,0.002415169079199845,0.5764071643978759,desbalanceo,0.5
0.774,0.002429243399201405,0.5728164080659216,desbalanceo,0.5
0.775,0.0024297081260418146,0.5508106280118651,desbalanceo,0.5
0.776,0.002427303710482957,0.5591539513041051,desbalanceo,0.5
0.777,0.002424635386199988,0.5638604685150173,desbalanceo,0.5
0.778,0.0024245685410471097,0.565499539228647,desbalanceo,0.5
0.779,0.0024302426068193695,0.572356702881827,desbalanceo,0.5
0.78,0.002433559877938457,0.5678309929487487,desbalanceo,0.5
0.781,0.0024062166604718166,0.5526024359529115,desbalanceo,0.5
0.782,0.002394338909140739,0.5696576531514236,desbalanceo,0.5
0.783,0.0023938392100820364,0.5718592286417076,desbalanceo,0.5
0.784,0.002399604297635947,0.5712468766193477,desbalanceo,0.5
0.785,0.0023986548091472102,0.5763502877199987,desbalanceo,0.5
0.786,0.0023888577698204807,0.5737731206892308,desbalanceo,0.5
0.787,0.002377323609747232,0.5699150319638235,desbalanceo,0.5
0.788,0.0023875813810193777,0.564508822438866,desbalanceo,0.5
0.789,0.0023945887708200094,0.5484860379718689,desbalanceo,0.5
0.79,0.0023979927444045595,0.569274919653045,desbalanceo,0.5
0.791,0.002376373035145382,0.5669366299304761,desbalanceo,0.5
0.792,0.0023754397023237708,0.5674544855235167,desbalanceo,0.5
0.793,0.002363985504896813,0.5518480870466271,desbalanceo,0.5
0.794,0.0023749996287597804,0.553679817691287,desbalanceo,0.5
0.795,0.0023586537792722895,0.574894659644964,desbalanceo,0.5
0.796,0.002378025220769078,0.5638382684152086,desbalanceo,0.5
0.797,0.002337039042528026,0.5709174597073263,desbalanceo,0.5
0.798,0.002356464205336631,0.5642522163358494,desbalanceo,0.5
0.799,0.0023636599479022464,0.5641311240065916,desbalanceo,0.5
0.8,0.0023584240312835274,0.5730788840512077,desbalanceo,0.5
0.801,0.0023951063538530165,0.5583960385899104,desbalanceo,0.5
0.802,0.002354321428457435,0.5643760931925346,desbalanceo,0.5
0.803,0.0023293169673146543,0.5586484949385491,desbalanceo,0.5
0.804,0.0023404153317884064,0.5587806139976265,desbalanceo,0.5
0.805,0.002310166634119612,0.559886152731306,desbalanceo,0.5
0.806,0.0023338024700432563,0.5650494818392225,desbalanceo,0.5
0.807,0.0023183517640817525,0.557888903752455,desbalanceo,0.5
0.808,0.002342813550103265,0.5750801759980702,desbalanceo,0.5
0.809,0.0023159789555120248,0.5534207486693862,desbalanceo,0.5
0.81,0.00231943283934463,0.5603402976353711,desbalanceo,0.5
0.811,0.0023076867521633917,0.557651884587118,desbalanceo,0.5
0.812,0.0023421162758289937,0.5763571470961807,desbalanceo,0.5
0.8130000000000001,0.0023057608845188995,0.5636890843839739,desbalanceo,0.5
0.8140000000000001,0.002336675746620447,0.571876148967762,desbalanceo,0.5
0.8150000000000001,0.002316957740953408,0.5465342687005096,desbalanceo,0.5
0.8160000000000001,0.002308191257072431,0.5638905491775209,desbalanceo,0.5
0.8170000000000001,0.002302909739014996,0.5699445371306543,desbalanceo,0.5
0.8180000000000001,0.002299843020364268,0.561697263638807,desbalanceo,0.5
0.8190000000000001,0.0022593247470402266,0.5713534373436434,desbalanceo,0.5
0.8200000000000001,0.002282189332959211,0.5553479775843173,desbalanceo,0.5
0.8210000000000001,0.002296682039834781,0.5744345870057815,desbalanceo,0.5
0.8220000000000001,0.0022789675429032707,0.5831483697766285,desbalanceo,0.5
0.8230000000000001,0.002253896258255093,0.5563473076928019,desbalanceo,0.5
0.8240000000000001,0.002272082443193916,0.5553350050732295,desbalanceo,0.5
0.8250000000000001,0.002296713539599262,0.574136247705393,desbalanceo,0.5
0.8260000000000001,0.0022860178170416934,0.5752085361297073,desbalanceo,0.5
0.8270000000000001,0.002261747781665521,0.5539926686750871,desbalanceo,0.5
0.8280000000000001,0.0022745602107917076,0.5548259010412722,desbalanceo,0.5
0.8290000000000001,0.002250159272885815,0.5560144728464725,desbalanceo,0.5
0.8300000000000001,0.00222545264976568,0.5451904164811119,desbalanceo,0.5
0.8310000000000001,0.0022345353380937992,0.549249061203227,desbalanceo,0.5
0.8320000000000001,0.0022708789728120935,0.5481928919944803,desbalanceo,0.5
0.833,0.002238196105268082,0.5503531064296259,desbalanceo,0.5
0.834,0.0022353246029300417,0.5574790825679131,desbalanceo,0.5
0.835,0.002231069973573128,0.55996099859868,desbalanceo,0.5
0.836,0.0022629104717662475,0.572914850041602,desbalanceo,0.5
0.837,0.0022551497252618264,0.5472153761032069,desbalanceo,0.5
0.838,0.0022613076050075342,0.5668292930079986,desbalanceo,0.5
0.839,0.0022200590994507726,0.5546314177777412,desbalanceo,0.5
0.84,0.0022240421920874296,0.5560599945830486,desbalanceo,0.5
0.841,0.0021918518164463917,0.5630842439123416,desbalanceo,0.5
0.842,0.002236393419550365,0.5448883415363825,desbalanceo,0.5
0.843,0.002190945929938762,0.5597172710340522,desbalanceo,0.5
0.844,0.002209828503283862,0.5573334101519833,desbalanceo,0.5
0.845,0.0021856529621210106,0.5603672215134388,desbalanceo,0.5
0.846,0.0021905898364106588,0.5581063260600625,desbalanceo,0.5
0.847,0.0021834670549444146,0.5795376853598934,desbalanceo,0.5
0.848,0.0021840026898181635,0.548375445708047,desbalanceo,0.5
0.849,0.002182001709638822,0.5492091585078082,desbalanceo,0.5
0.85,0.002178770441972137,0.5480521298955228,desbalanceo,0.5
0.851,0.0021977529411572744,0.5484912993516105,desbalanceo,0.5
0.852,0.0021637566350819312,0.5474328666315029,desbalanceo,0.5
0.853,0.0021818708824892833,0.5654557062608789,desbalanceo,0.5
0.854,0.0021947735054001394,0.5675275258742982,desbalanceo,0.5
0.855,0.0021641548528049405,0.5473701060258171,desbalanceo,0.5
0.856,0.0021579282220137125,0.5445072456598862,desbalanceo,0.5
0.857,0.002162765039328069,0.5572963399848954,desbalanceo,0.5
0.858,0.002182354346625751,0.5468094913639459,desbalanceo,0.5
0.859,0.0021637218982749704,0.5584087354881048,desbalanceo,0.5
0.86,0.0021492683247039414,0.5538545049126475,desbalanceo,0.5
0.861,0.0021626255424712056,0.5364118566184917,desbalanceo,0.5
0.862,0.002134476924494479,0.5667865423069839,desbalanceo,0.5
0.863,0.002160144453682501,0.5690106328100444,desbalanceo,0.5
0.864,0.002153028771953928,0.5446625120282454,desbalanceo,0.5
0.865,0.002138862022993621,0.5466501070738018,desbalanceo,0.5
0.866,0.002127679549328014,0.5531206850330623,desbalanceo,0.5
0.867,0.0021242277929009196,0.5533396960264103,desbalanceo,0.5
0.868,0.002144264416868374,0.5563118602465138,desbalanceo,0.5
0.869,0.0021527228010793974,0.5695579485465635,desbalanceo,0.5
0.87,0.002120350453642534,0.5474141166311595,desbalanceo,0.5
0.871,0.0021352959740107923,0.5409265061870419,desbalanceo,0.5
0.872,0.0020921427333218594,0.5348403839375585,desbalanceo,0.5
0.873,0.0021136212953944498,0.5410465851510802,desbalanceo,0.5
0.874,0.0021199713937748907,0.5477451407993437,desbalanceo,0.5
0.875,0.0021034850960958253,0.5657407336915565,desbalanceo,0.5
0.876,0.002100633866374071,0.5423360100595755,desbalanceo,0.5
0.877,0.00210253657674277,0.54946519794827,desbalanceo,0.5
0.878,0.002115501619104806,0.5467765161731419,desbalanceo,0.5
0.879,0.0021055195678596613,0.5585363398305367,desbalanceo,0.5
0.88,0.002070489620142381,0.5716316325257822,desbalanceo,0.5
0.881,0.0020701228291881246,0.5407617648746529,desbalanceo,0.5
0.882,0.00209208508417898,0.5408824496466892,desbalanceo,0.5
0.883,0.0021069013255159237,0.555923095415495,desbalanceo,0.5
0.884,0.0020535948282378834,0.5520032992009155,desbalanceo,0.5
0.885,0.0020873724372109984,0.5633526142990168,desbalanceo,0.5
0.886,0.00208489046350193,0.5504242427075183,desbalanceo,0.5
0.887,0.002113436796297327,0.54068972684119,desbalanceo,0.5
0.888,0.002083146020185504,0.5498851540477033,desbalanceo,0.5
0.889,0.00209345558446355,0.5547598746580407,desbalanceo,0.5
0.89,0.0020876871262096326,0.5515701729261544,desbalanceo,0.5
0.891,0.0020495547279342796,0.5481288868765771,desbalanceo,0.5
0.892,0.0020939991273940402,0.5534119761488385,desbalanceo,0.5
0.893,0.0020833850124114036,0.5541255591356363,desbalanceo,0.5
0.894,0.0020863136236198548,0.5559398624731111,desbalanceo,0.5
0.895,0.002139173031735764,0.5482893401938665,desbalanceo,0.5
0.896,0.0020415730238908755,0.539813332771847,desbalanceo,0.5
0.897,0.0021007478834788804,0.5426322302840733,desbalanceo,0.5
0.898,0.0020670369580924044,0.5529090746107889,desbalanceo,0.5
0.899,0.0020746588657704758,0.5323518355442503,desbalanceo,0.5
0.9,0.0020678285345599023,0.54388345254254,desbalanceo,0.5
0.901,0.0020602944128124178,0.5359371825378801,desbalanceo,0.5
0.902,0.0020565138406521996,0.5398301982294045,desbalanceo,0.5
0.903,0.0020694437428164097,0.5519977802279755,desbalanceo,0.5
0.904,0.0020385788135301426,0.5407931002857114,desbalanceo,0.5
0.905,0.0020734304690495685,0.5390136636386593,desbalanceo,0.5
0.906,0.002053491275206925,0.5246162700004224,desbalanceo,0.5
0.907,0.002040807233247058,0.5453412491860246,desbalanceo,0.5
0.908,0.0020504029519852122,0.5439957904832327,desbalanceo,0.5
0.909,0.002076434994510926,0.5588340882568371,desbalanceo,0.5
0.91,0.0020466473748531897,0.533782712414633,desbalanceo,0.5
0.911,0.00205978059585326,0.5387093173592656,desbalanceo,0.5
0.912,0.0020412878520017367,0.538667340013032,desbalanceo,0.5
0.913,0.002063985323219806,0.5516020990454914,desbalanceo,0.5
0.914,0.002061802727220786,0.5345270521853561,desbalanceo,0.5
0.915,0.0020793790514122565,0.5379210464354968,desbalanceo,0.5
0.916,0.0020461100781452466,0.5408590065754033,desbalanceo,0.5
0.917,0.002058663565577218,0.5362937338736734,desbalanceo,0.5
0.918,0.0020486677119207464,0.5296093027622836,desbalanceo,0.5
0.919,0.002066929274433039,0.5356589344494223,desbalanceo,0.5
0.92,0.0020339397157963005,0.5440971512305649,desbalanceo,0.5
0.921,0.0020565177055527745,0.5227368878068653,desbalanceo,0.5
0.922,0.002040754748976045,0.5339713567341917,desbalanceo,0.5
0.923,0.002042100613317339,0.5252784874296834,desbalanceo,0.5
0.924,0.0020438797605302813,0.543866618127714,desbalanceo,0.5
0.925,0.002045763753203301,0.5163191640080111,desbalanceo,0.5
0.926,0.0020392300467316476,0.5255951250499423,desbalanceo,0.5
0.927,0.0020438800700000393,0.5345882062874054,desbalanceo,0.5
0.928,0.0020650389860308337,0.5461015096947548,desbalanceo,0.5
0.929,0.0020550115688302605,0.5294173908194839,desbalanceo,0.5
0.93,0.0020526227282396036,0.5241499686701393,desbalanceo,0.5
0.931,0.0020309699225028593,0.5481390559405503,desbalanceo,0.5
0.932,0.002023574967309595,0.5144713226826452,desbalanceo,0.5
0.933,0.00205257473930894,0.5065858380284024,desbalanceo,0.5
0.934,0.002050873339941157,0.5325949418117316,desbalanceo,0.5
0.935,0.0020599793566256457,0.522793622940814,desbalanceo,0.5
0.936,0.0020264377087484985,0.517219677396504,desbalanceo,0.5
0.937,0.00203204009998722,0.5341318872943788,desbalanceo,0.5
0.9380000000000001,0.00200918325058125,0.5291011284484952,desbalanceo,0.5
0.9390000000000001,0.0020287702178175162,0.5206356191002602,desbalanceo,0.5
0.9400000000000001,0.0020506455896526373,0.5130851355026897,desbalanceo,0.5
0.9410000000000001,0.0020270104774075264,0.5342230212221915,desbalanceo,0.5
0.9420000000000001,0.0020444208680952813,0.53160922692625,desbalanceo,0.5
0.9430000000000001,0.0020309275138676143,0.5237227268682105,desbalanceo,0.5
0.9440000000000001,0.002038938696895952,0.5427866333783543,desbalanceo,0.5
0.9450000000000001,0.0020152748752905367,0.5132237056251205,desbalanceo,0.5
0.9460000000000001,0.0020348109201762427,0.5082721078199589,desbalanceo,0.5
0.9470000000000001,0.0019855691330038974,0.5162096058587712,desbalanceo,0.5
0.9480000000000001,0.00203020833261775,0.5222726786326924,desbalanceo,0.5
0.9490000000000001,0.0020070584204329553,0.5247603151666131,desbalanceo,0.5
0.9500000000000001,0.002052251447421682,0.5195114760440354,desbalanceo,0.5
0.9510000000000001,0.0020453467732266424,0.5250398450479915,desbalanceo,0.5
0.9520000000000001,0.0020403443228393537,0.5085978942565161,desbalanceo,0.5
0.9530000000000001,0.002057146664242003,0.5351434793596067,desbalanceo,0.5
0.9540000000000001,0.0020177125261482405,0.519475418215074,desbalanceo,0.5
0.9550000000000001,0.00206077061892681,0.5310595413146537,desbalanceo,0.5
0.9560000000000001,0.0020478002743069645,0.5229020502470854,desbalanceo,0.5
0.9570000000000001,0.002029210973320474,0.523629108014356,desbalanceo,0.5
0.9580000000000001,0.002051203154177735,0.5243445973948851,desbalanceo,0.5
0.9590000000000001,0.00201552701802296,0.5227079331729821,desbalanceo,0.5
0.96,0.00202015821033803,0.5242405768474568,desbalanceo,0.5
0.961,0.002023761639268092,0.530685959411945,desbalanceo,0.5
0.962,0.0020252145432531404,0.5189393183503511,desbalanceo,0.5
0.963,0.0020169971227216943,0.523642408952647,desbalanceo,0.5
0.964,0.002053609254820646,0.5152318758426375,desbalanceo,0.5
0.965,0.002030194162909203,0.5301058675434206,desbalanceo,0.5
0.966,0.0020402135440741897,0.5085148406804512,desbalanceo,0.5
0.967,0.0020257601083955128,0.532860846569649,desbalanceo,0.5
0.968,0.0020060982912452753,0.5140211560242475,desbalanceo,0.5
0.969,0.0020397871379698343,0.49968489707813996,desbalanceo,0.5
0.97,0.0020052718387370046,0.5148422286278701,desbalanceo,0.5
0.971,0.0020350258225747806,0.5063178326310612,desbalanceo,0.5
0.972,0.002014611887082911,0.5211005823115611,desbalanceo,0.5
0.973,0.002068520156686789,0.5057323420789096,desbalanceo,0.5
0.974,0.0020516992266003432,0.507359824574346,desbalanceo,0.5
0.975,0.00203919693803972,0.49248797517008286,desbalanceo,0.5
0.976,0.0020580343910920522,0.5064206939569939,desbalanceo,0.5
0.977,0.002024702318351353,0.4862639942126487,desbalanceo,0.5
0.978,0.00204722914966998,0.49422144979979016,desbalanceo,0.5
0.979,0.0020420723712684277,0.5172209799488997,desbalanceo,0.5
0.98,0.002043428587977268,0.5170298596987711,desbalanceo,0.5
0.981,0.002059868991588204,0.512980132405817,desbalanceo,0.5
0.982,0.002051607686186716,0.4986081725661398,desbalanceo,0.5
0.983,0.002044881821033677,0.5073518807660133,desbalanceo,0.5
0.984,0.00201421347229041,0.5073427169777098,desbalanceo,0.5
0.985,0.00202566528253651,0.49534353582352125,desbalanceo,0.5
0.986,0.002039388742094407,0.5215083029838433,desbalanceo,0.5
0.987,0.0020431998369848845,0.5147937816285237,desbalanceo,0.5
0.988,0.0020240438440298856,0.503355061852598,desbalanceo,0.5
0.989,0.00208096160294285,0.505376817569802,desbalanceo,0.5
0.99,0.002067050194797714,0.506733758182025,desbalanceo,0.5
0.991,0.0020528369904272694,0.4837732722911749,desbalanceo,0.5
0.992,0.0020447468952433053,0.5012582625932028,desbalanceo,0.5
0.993,0.002040568851552417,0.49644833857494847,desbalanceo,0.5
0.994,0.002029114117651399,0.49278885941283707,desbalanceo,0.5
0.995,0.002045888425653244,0.49952967349030836,desbalanceo,0.5
0.996,0.002049100029835018,0.5198519016790667,desbalanceo,0.5
0.997,0.002025502436906339,0.5078165727354397,desbalanceo,0.5
0.998,0.002051005870679757,0.49522821429793507,desbalanceo,0.5
0.999,0.0020435365361263233,0.5061964490862952,desbalanceo,0.5
1.0,0.002015900067281915,0.51399355436586,desbalanceo,0.5
1.0010000000000001,0.002032963217464885,0.5087744818560975,desbalanceo,0.5
1.002,0.0020404444740015192,0.499651364705297,desbalanceo,0.5
1.0030000000000001,0.0020775271102931115,0.4921113848157706,desbalanceo,0.5
1.004,0.0020566161244609743,0.5050874575817016,desbalanceo,0.5
1.0050000000000001,0.0020267450446881507,0.5015633350798392,desbalanceo,0.5
1.006,0.0020561496750100034,0.506102459797441,desbalanceo,0.5
1.0070000000000001,0.0020240184042490937,0.5030230862439946,desbalanceo,0.5
1.008,0.0020663249466810383,0.5066865349386007,desbalanceo,0.5
1.0090000000000001,0.002041845430826138,0.49035709882873,desbalanceo,0.5
1.01,0.0020481865019788743,0.5084006430354544,desbalanceo,0.5
1.0110000000000001,0.0020711534738859835,0.496718762814439,desbalanceo,0.5
1.012,0.0020297489263901114,0.515010257516167,desbalanceo,0.5
1.0130000000000001,0.0020282985657999676,0.4868794749483183,desbalanceo,0.5
1.014,0.0020415837276821598,0.5106435225024648,desbalanceo,0.5
1.0150000000000001,0.002067766410798837,0.49477435533718034,desbalanceo,0.5
1.016,0.0020272259650153486,0.48579126687854013,desbalanceo,0.5
1.0170000000000001,0.002006540774206342,0.4869756290592617,desbalanceo,0.5
1.018,0.002044798216759977,0.4881189005708814,desbalanceo,0.5
1.0190000000000001,0.0020610391288733917,0.4950707698349352,desbalanceo,0.5
1.02,0.002071608019752032,0.4955630571338238,desbalanceo,0.5
1.0210000000000001,0.002045260665404722,0.4841021539626576,desbalanceo,0.5
1.022,0.0020462747781968705,0.48909892439771574,desbalanceo,0.5
1.0230000000000001,0.0020714298231417033,0.5102673595001986,desbalanceo,0.5
1.024,0.0020233256461449993,0.5056211471921118,desbalanceo,0.5
1.025,0.0020471321457625033,0.4922088904579251,desbalanceo,0.5
1.026,0.0020565278586821777,0.48772451021772845,desbalanceo,0.5
1.027,0.00206079581094115,0.48804249849649417,desbalanceo,0.5
1.028,0.0020456054599030365,0.49247396758375506,desbalanceo,0.5
1.029,0.0020543947679541024,0.4756063623827551,desbalanceo,0.5
1.03,0.002014203481463229,0.48275492510897444,desbalanceo,0.5
1.031,0.0020434674852945426,0.46813615918382484,desbalanceo,0.5
1.032,0.0020612319426900915,0.4883064523013793,desbalanceo,0.5
1.033,0.002038303740074673,0.49027731806244157,desbalanceo,0.5
1.034,0.002054898802088825,0.4784635527954722,desbalanceo,0.5
1.035,0.002061041485358408,0.4985242696945125,desbalanceo,0.5
1.036,0.0020483731763750097,0.47001466069344183,desbalanceo,0.5
1.037,0.00205647273775898,0.46711541913197535,desbalanceo,0.5
1.038,0.0020382565194753226,0.48348947681047516,desbalanceo,0.5
1.039,0.002050167750035197,0.49120067715477544,desbalanceo,0.5
1.04,0.002063028958315365,0.49705265609406885,desbalanceo,0.5
1.041,0.002055603879302721,0.47510717588402873,desbalanceo,0.5
1.042,0.0020435256112759197,0.4899644251991913,desbalanceo,0.5
1.043,0.002056233137927703,0.47827309427866543,desbalanceo,0.5
1.044,0.002063805545074743,0.4764114365785087,desbalanceo,0.5
1.045,0.0020193916468042848,0.4864528127923645,desbalanceo,0.5
1.046,0.002070307187549573,0.4836169240174582,desbalanceo,0.5
1.047,0.002046108125910217,0.4608062381974405,desbalanceo,0.5
1.048,0.002057904484203649,0.4908110152594524,desbalanceo,0.5
1.049,0.0020698311342141865,0.489320969503235,desbalanceo,0.5
1.05,0.00202841576857103,0.46873787009543405,desbalanceo,0.5
1.051,0.0020385523511703063,0.4784239752882145,desbalanceo,0.5
1.052,0.0020448053682719765,0.4788776911006098,desbalanceo,0.5
1.053,0.0020364069177418384,0.47601458736738683,desbalanceo,0.5
1.054,0.0020760925341187417,0.4673742745769319,desbalanceo,0.5
1.055,0.00203416799953582,0.4656295895251787,desbalanceo,0.5
1.056,0.0020383852544136566,0.47155780501538036,desbalanceo,0.5
1.057,0.002049890296781696,0.4830071886193351,desbalanceo,0.5
1.058,0.0020267860325458693,0.47618148760446655,desbalanceo,0.5
1.059,0.00203898295239404,0.466503970049829,desbalanceo,0.5
1.06,0.0020496579129963234,0.47739077222016474,desbalanceo,0.5
1.061,0.002038536411328618,0.44065107983196994,desbalanceo,0.5
1.062,0.002041575023453747,0.4800859378992461,desbalanceo,0.5
1.063,0.0020337896888615132,0.4506619766489784,desbalanceo,0.5
1.064,0.0020172003203118532,0.4638946019994577,desbalanceo,0.5
1.065,0.002045597765238933,0.45578127763112497,desbalanceo,0.5
1.066,0.0020675247681726247,0.45348919992302494,desbalanceo,0.5
1.067,0.002038805287746455,0.47750139834766503,desbalanceo,0.5
1.068,0.0020410735048588618,0.46067231669707237,desbalanceo,0.5
1.069,0.002047469648311729,0.46826965295831774,desbalanceo,0.5
1.07,0.002015047766234865,0.4637897857293166,desbalanceo,0.5
1.071,0.0020613497996707767,0.46848287386537096,desbalanceo,0.5
1.072,0.0020362320714207034,0.4639332600281996,desbalanceo,0.5
1.073,0.0020578453895340344,0.44978680060088067,desbalanceo,0.5
1.074,0.002018848959928403,0.47203018371415245,desbalanceo,0.5
1.075,0.002058286576170236,0.4565798580674642,desbalanceo,0.5
1.076,0.002040317953846962,0.4454006337447506,desbalanceo,0.5
1.077,0.00203540598627208,0.45613345515683945,desbalanceo,0.5
1.078,0.002028898337059586,0.4748694886604438,desbalanceo,0.5
1.079,0.002019750266159209,0.4678105268643831,desbalanceo,0.5
1.08,0.0020414102337019437,0.455267346238432,desbalanceo,0.5
1.081,0.0020229810949333503,0.4547059928767059,desbalanceo,0.5
1.082,0.001987793679620549,0.4544260706906002,desbalanceo,0.5
1.083,0.0019997714854095394,0.47785290601350033,desbalanceo,0.5
1.084,0.002013020605560831,0.4603469441135843,desbalanceo,0.5
1.085,0.002019292283707215,0.46026933266009223,desbalanceo,0.5
1.086,0.0020117631272002657,0.46571224525343147,desbalanceo,0.5
1.087,0.002030415946621155,0.45723696949997306,desbalanceo,0.5
1.088,0.0019780727551372097,0.45169750106251977,desbalanceo,0.5
1.089,0.0020097307124781077,0.4517624507971528,desbalanceo,0.5
1.09,0.0019765992330217567,0.4524471503582538,desbalanceo,0.5
1.091,0.002015885599524625,0.4522273458886453,desbalanceo,0.5
1.092,0.0020003519802098127,0.45931146536719886,desbalanceo,0.5
1.093,0.0020066241022158302,0.4519894315793946,desbalanceo,0.5
1.094,0.0019841671013350326,0.4582303821338959,desbalanceo,0.5
1.095,0.0020163773361903405,0.4495300347863209,desbalanceo,0.5
1.096,0.0020105436651202337,0.4505559870355626,desbalanceo,0.5
1.097,0.002001152434366372,0.42921928288419864,desbalanceo,0.5
1.098,0.001987643891918348,0.4577954458572489,desbalanceo,0.5
1.099,0.00199679755178934,0.4515271627635836,desbalanceo,0.5
1.1,0.001974054660922616,0.4574717222399232,desbalanceo,0.5
1.101,0.0019967607893037974,0.41795764946566133,desbalanceo,0.5
1.102,0.0020071516661844717,0.46723177609692107,desbalanceo,0.5
1.103,0.001995586723687323,0.4443792069884651,desbalanceo,0.5
1.104,0.001964497237828389,0.4562832588002278,desbalanceo,0.5
1.105,0.0019795259774133414,0.4342279565872701,desbalanceo,0.5
1.106,0.0019506899806821555,0.45017960271687874,desbalanceo,0.5
1.107,0.001978003309010317,0.4329418231417872,desbalanceo,0.5
1.108,0.0019735536699059335,0.43666167628909297,desbalanceo,0.5
1.109,0.0019339615854182643,0.4614623432863979,desbalanceo,0.5
1.11,0.0019426803317986936,0.43983715103295973,desbalanceo,0.5
1.111,0.001954093323688907,0.44333953521656383,desbalanceo,0.5
1.112,0.0019511602125530767,0.4492864060953126,desbalanceo,0.5
1.113,0.0019339728343681017,0.4449623655374754,desbalanceo,0.5
1.114,0.001956775603526652,0.44092885384831676,desbalanceo,0.5
1.115,0.0019518337332350064,0.4424926979325416,desbalanceo,0.5
1.116,0.0019419364130859845,0.46229497654305995,desbalanceo,0.5
1.117,0.0019301683110767246,0.4371016798727013,desbalanceo,0.5
1.118,0.0019561432993786838,0.4391052245276574,desbalanceo,0.5
1.119,0.0019629623164375046,0.44701646799645595,desbalanceo,0.5
1.12,0.0019259229544067887,0.4469802017912224,desbalanceo,0.5
1.121,0.0019209488320050898,0.44720959708054453,desbalanceo,0.5
1.122,0.001935615224248226,0.4411402856328212,desbalanceo,0.5
1.123,0.0019190860527587008,0.42273596618092746,desbalanceo,0.5
1.124,0.0019195648084330138,0.4499127097164078,desbalanceo,0.5
1.125,0.0019305523314868968,0.4215266714166649,desbalanceo,0.5
1.1260000000000001,0.0018851899194897704,0.43542756749725303,desbalanceo,0.5
1.127,0.0019335954450766181,0.4242689030608961,desbalanceo,0.5
1.1280000000000001,0.0019105583366243188,0.43058009270061315,desbalanceo,0.5
1.129,0.0018996372687113622,0.4339182854325759,desbalanceo,0.5
1.1300000000000001,0.0019015559758973532,0.4332527938701685,desbalanceo,0.5
1.131,0.0018991243315352924,0.4336663695300734,desbalanceo,0.5
1.1320000000000001,0.0018688027981141476,0.4449915994962731,desbalanceo,0.5
1.133,0.0019169904622480666,0.4327965438418198,desbalanceo,0.5
1.1340000000000001,0.0018904539358244048,0.42522574235200206,desbalanceo,0.5
1.135,0.001893500733027424,0.43671368677451267,desbalanceo,0.5
1.1360000000000001,0.0018982243510696263,0.43837242952435046,desbalanceo,0.5
1.137,0.0018633186075246845,0.4136059638291896,desbalanceo,0.5
1.1380000000000001,0.0018837285279280983,0.43125977246863983,desbalanceo,0.5
1.139,0.0018684150220556902,0.431700646065982,desbalanceo,0.5
1.1400000000000001,0.0018826955087639478,0.4211158522010129,desbalanceo,0.5
1.141,0.0018316841963885288,0.43725055031112736,desbalanceo,0.5
1.1420000000000001,0.0018604952864049397,0.42139435223214255,desbalanceo,0.5
1.143,0.001848866619968556,0.42355153416880537,desbalanceo,0.5
1.1440000000000001,0.001861770963346644,0.41996535315280986,desbalanceo,0.5
1.145,0.0018587255676569745,0.42125160848235205,desbalanceo,0.5
1.1460000000000001,0.0018362478356888437,0.4095322632137771,desbalanceo,0.5
1.147,0.0018324611891734706,0.40549315541079145,desbalanceo,0.5
1.1480000000000001,0.0018383077894706767,0.4352368237098081,desbalanceo,0.5
1.149,0.0018219786611101418,0.41021973172747617,desbalanceo,0.5
1.1500000000000001,0.0018459245392471793,0.40817246174334315,desbalanceo,0.5
1.151,0.001822746509347399,0.39594899662149924,desbalanceo,0.5
1.1520000000000001,0.0017783494314232344,0.4104892698872187,desbalanceo,0.5
1.153,0.0018148413295592468,0.40304346071441194,desbalanceo,0.5
1.154,0.0018002818408603995,0.43208946779911056,desbalanceo,0.5
1.155,0.001786831358555422,0.4251619354886116,desbalanceo,0.5
1.156,0.0017891168798108027,0.4075762049684759,desbalanceo,0.5
1.157,0.001806590893690389,0.43637551030196126,desbalanceo,0.5
1.158,0.0018220111516289274,0.4230617555215398,desbalanceo,0.5
1.159,0.0018017515592981496,0.40938824436216115,desbalanceo,0.5
1.16,0.0017829996026673383,0.3870344723003226,desbalanceo,0.5
1.161,0.0017958497290842916,0.43432944469258433,desbalanceo,0.5
1.162,0.001777111250346493,0.39691530663799696,desbalanceo,0.5
1.163,0.0017692009520123952,0.39374758354775485,desbalanceo,0.5
1.164,0.001757673207135426,0.41981734696907025,desbalanceo,0.5
1.165,0.0017439227605020834,0.4333787748069852,desbalanceo,0.5
1.166,0.0017614453414424446,0.42221312802503896,desbalanceo,0.5
1.167,0.0017659736783485764,0.41339818567297776,desbalanceo,0.5
1.168,0.0017576794365615287,0.4130948825879258,desbalanceo,0.5
1.169,0.001748337604684165,0.4150692940499323,desbalanceo,0.5
1.17,0.0017356251131434568,0.41351178276421113,desbalanceo,0.5
1.171,0.001756164238415842,0.4081213331404678,desbalanceo,0.5
1.172,0.001721149628536587,0.40573792011729776,desbalanceo,0.5
1.173,0.0017502657712667343,0.40345604062617746,desbalanceo,0.5
1.174,0.0017175665193555688,0.39592796599752067,desbalanceo,0.5
1.175,0.0017172186623453317,0.4000460827507636,desbalanceo,0.5
1.176,0.0017014588994787988,0.3853080731568948,desbalanceo,0.5
1.177,0.0017124860899865963,0.40063864344573114,desbalanceo,0.5
1.178,0.001731650679621742,0.3911201221769068,desbalanceo,0.5
1.179,0.0017198847411546245,0.3893537332106115,desbalanceo,0.5
1.18,0.0017228183630795895,0.40157176510315684,desbalanceo,0.5
1.181,0.0017110628262552254,0.41307565220843784,desbalanceo,0.5
1.182,0.0016806327605695165,0.4077212141680132,desbalanceo,0.5
1.183,0.0016884906021645198,0.3822150783045504,desbalanceo,0.5
1.184,0.0016768215367172635,0.38740546113284424,desbalanceo,0.5
1.185,0.001705994501430025,0.4060907389113219,desbalanceo,0.5
1.186,0.0016611189847934315,0.38623906844916356,desbalanceo,0.5
1.187,0.0016899452776440403,0.3931981614978798,desbalanceo,0.5
1.188,0.001685373411700415,0.40032520429643265,desbalanceo,0.5
1.189,0.001695756701321684,0.38452107319057327,desbalanceo,0.5
1.19,0.0016554314470730665,0.3946377557828052,desbalanceo,0.5
1.191,0.0016687483410575226,0.37962288172257613,desbalanceo,0.5
1.192,0.0016891909931535467,0.386328253564796,desbalanceo,0.5
1.193,0.0016382851669653044,0.39491820446893816,desbalanceo,0.5
1.194,0.0016190068924367468,0.3751685691091915,desbalanceo,0.5
1.195,0.0016088529335094967,0.3948810457326128,desbalanceo,0.5
1.196,0.0016455803467529846,0.3896573872560025,desbalanceo,0.5
1.197,0.001599480508974095,0.39475581105221613,desbalanceo,0.5
1.198,0.0016189319069250996,0.3908468828631986,desbalanceo,0.5
1.199,0.001627189501960996,0.4016256639641694,desbalanceo,0.5
1.2,0.001618502299965534,0.38861271533018493,desbalanceo,0.5
1.201,0.0016176789399922672,0.38244232239349324,desbalanceo,0.5
1.202,0.0016097727654187483,0.3873349615565498,desbalanceo,0.5
1.203,0.0016219711684169968,0.39092028111145743,desbalanceo,0.5
1.204,0.0015816894733488415,0.38535092573977664,desbalanceo,0.5
1.205,0.0015814197086117165,0.3846429804259085,desbalanceo,0.5
1.206,0.0015752274949937474,0.3765916037105948,desbalanceo,0.5
1.207,0.0015961443060068868,0.3763566914150203,desbalanceo,0.5
1.208,0.0015925891106634029,0.36833355512518445,desbalanceo,0.5
1.209,0.0015807336206019992,0.3992290140962336,desbalanceo,0.5
1.21,0.001587740081455864,0.36866798901191344,desbalanceo,0.5
1.211,0.0015453654153436502,0.3735506842753183,desbalanceo,0.5
1.212,0.0015860977174625192,0.37266852297066033,desbalanceo,0.5
1.213,0.0015791091966937865,0.3881744475480168,desbalanceo,0.5
1.214,0.001561850894412259,0.37564806821438773,desbalanceo,0.5
1.215,0.0015738715937360015,0.3904471042904784,desbalanceo,0.5
1.216,0.001514315250509977,0.37060665751038857,desbalanceo,0.5
1.217,0.0015277254625874282,0.3795031514554966,desbalanceo,0.5
1.218,0.0015197007746356656,0.3677311555348291,desbalanceo,0.5
1.219,0.0015382989744804514,0.39690730798911816,desbalanceo,0.5
1.22,0.0015053762904445724,0.36295080182451417,desbalanceo,0.5
1.221,0.0015295995856942765,0.37729574532323695,desbalanceo,0.5
1.222,0.0015347569543128113,0.3799058463759931,desbalanceo,0.5
1.223,0.0015193609153256894,0.3770763992567698,desbalanceo,0.5
1.224,0.0015081907355004118,0.3704556580027434,desbalanceo,0.5
1.225,0.0014832999135717167,0.3703802537143802,desbalanceo,0.5
1.226,0.0014809664594945017,0.3714863055732772,desbalanceo,0.5
1.227,0.0015098565232961332,0.36894770920456527,desbalanceo,0.5
1.228,0.0014977843968813941,0.37942587117910187,desbalanceo,0.5
1.229,0.0014801705920676432,0.391261477430946,desbalanceo,0.5
1.23,0.001469599336889215,0.3629503177663076,desbalanceo,0.5
1.231,0.001439429527143276,0.3541960189965396,desbalanceo,0.5
1.232,0.0014501721942619384,0.36637987062965577,desbalanceo,0.5
1.233,0.0014932816603619192,0.3924282601188938,desbalanceo,0.5
1.234,0.0014378607244544027,0.357962734156744,desbalanceo,0.5
1.235,0.0014568771209457559,0.3817588025995217,desbalanceo,0.5
1.236,0.0014655043744711297,0.38151264315171624,desbalanceo,0.5
1.237,0.001424992353509995,0.3585676029526609,desbalanceo,0.5
1.238,0.001443594470228101,0.36916102054195776,desbalanceo,0.5
1.239,0.001451254676001968,0.37912271850492085,desbalanceo,0.5
1.24,0.0014321464213956482,0.3584148996449475,desbalanceo,0.5
1.241,0.0014734200927690694,0.35953766459999514,desbalanceo,0.5
1.242,0.001396697142579161,0.35512382067292,desbalanceo,0.5
1.243,0.0014359448097920906,0.3501600986750306,desbalanceo,0.5
1.244,0.0014120077768466368,0.3531818053447499,desbalanceo,0.5
1.245,0.001422818849778575,0.34680197566359056,desbalanceo,0.5
1.246,0.0014132808347880037,0.3587488973431048,desbalanceo,0.5
1.247,0.001390285362963219,0.35007490553651727,desbalanceo,0.5
1.248,0.0014014110195902495,0.35947896706530913,desbalanceo,0.5
1.249,0.001363882224546872,0.34094852054836866,desbalanceo,0.5
1.25,0.0013989653808198059,0.3591825513998058,desbalanceo,0.5
1.2510000000000001,0.0013899058532538284,0.3635752177993226,desbalanceo,0.5
1.252,0.0013911778966331858,0.33466866192795014,desbalanceo,0.5
1.2530000000000001,0.0013937251439345804,0.35771258930642014,desbalanceo,0.5
1.254,0.0013785677269146594,0.3656146378822075,desbalanceo,0.5
1.2550000000000001,0.0013709577410325308,0.3406073852191227,desbalanceo,0.5
1.256,0.0013504455075544978,0.36879529381812615,desbalanceo,0.5
1.2570000000000001,0.0013490811131938922,0.35562546567071224,desbalanceo,0.5
1.258,0.00137536694099209,0.3437507977110696,desbalanceo,0.5
1.2590000000000001,0.0013753457530700421,0.3496088052209312,desbalanceo,0.5
1.26,0.0013446309030780452,0.35511528785399615,desbalanceo,0.5
1.2610000000000001,0.0013452030266040856,0.349657542333928,desbalanceo,0.5
1.262,0.0013260896588203634,0.35365046894452873,desbalanceo,0.5
1.2630000000000001,0.0013553381944772613,0.33842154854035866,desbalanceo,0.5
1.264,0.0013433503211899443,0.3486872269470936,desbalanceo,0.5
1.2650000000000001,0.0013598470494709887,0.3322217706834656,desbalanceo,0.5
1.266,0.0013109896319267848,0.3446119186127327,desbalanceo,0.5
1.2670000000000001,0.0013151434741041474,0.33605033692289443,desbalanceo,0.5
1.268,0.001321059797387265,0.33709932246222646,desbalanceo,0.5
1.2690000000000001,0.0013238903268565881,0.3561807405236217,desbalanceo,0.5
1.27,0.0013063617982732104,0.3540980790790964,desbalanceo,0.5
1.2710000000000001,0.0012921419409962437,0.348641514279383,desbalanceo,0.5
1.272,0.0013164529227654117,0.33099215058535647,desbalanceo,0.5
1.2730000000000001,0.0013102254009414137,0.33811633272239305,desbalanceo,0.5
1.274,0.0012804386288221823,0.35277653088450367,desbalanceo,0.5
1.2750000000000001,0.0013130835642902248,0.34142786120893504,desbalanceo,0.5
1.276,0.0013065429433709726,0.36256913101865823,desbalanceo,0.5
1.2770000000000001,0.0012864638088183659,0.34267416674525264,desbalanceo,0.5
1.278,0.001282088213127883,0.34002664525414283,desbalanceo,0.5
1.2790000000000001,0.001286190763104816,0.33438017200151054,desbalanceo,0.5
1.28,0.0012601472049647198,0.3381719488644641,desbalanceo,0.5
1.281,0.0012709651664992566,0.33467706903873445,desbalanceo,0.5
1.282,0.0012327395103726253,0.3426481099535933,desbalanceo,0.5
1.283,0.001277730576072149,0.344499334114031,desbalanceo,0.5
1.284,0.0012354952496481581,0.3264377398439683,desbalanceo,0.5
1.285,0.0012811288538674959,0.32035066791979583,desbalanceo,0.5
1.286,0.0012485884033220495,0.31466634998517784,desbalanceo,0.5
1.287,0.0012472202425394027,0.33747377024317593,desbalanceo,0.5
1.288,0.0012373426690596085,0.3207256949009541,desbalanceo,0.5
1.289,0.0012395551132406493,0.3095960134776929,desbalanceo,0.5
1.29,0.0012635997353901587,0.33437632206926393,desbalanceo,0.5
1.291,0.0011980685140382352,0.3547862096947785,desbalanceo,0.5
1.292,0.0012550331426082137,0.32916124948004377,desbalanceo,0.5
1.293,0.0012369555709596384,0.33697267968334155,desbalanceo,0.5
1.294,0.0012092369671199634,0.3287719518170958,desbalanceo,0.5
1.295,0.0012083183540367868,0.32633072461403756,desbalanceo,0.5
1.296,0.0012492524392111464,0.33587642917487814,desbalanceo,0.5
1.297,0.001204442959849728,0.3231490460411157,desbalanceo,0.5
1.298,0.0011982015392861276,0.32809192934590964,desbalanceo,0.5
1.299,0.0012318729755689006,0.32800129020974206,desbalanceo,0.5
1.3,0.0012162620554164304,0.31746980840151134,desbalanceo,0.5
1.301,0.0011930539486662223,0.3334376356891221,desbalanceo,0.5
1.302,0.0012086835228707828,0.3211342159572507,desbalanceo,0.5
1.303,0.0011860858354242748,0.3146930689341981,desbalanceo,0.5
1.304,0.0012172911986288344,0.3269824352348987,desbalanceo,0.5
1.305,0.0012139509226715749,0.3119995860979778,desbalanceo,0.5
1.306,0.0012028178050795034,0.32063312302515173,desbalanceo,0.5
1.307,0.001197441876340735,0.3196272870024705,desbalanceo,0.5
1.308,0.0012171552576921132,0.3299447216802793,desbalanceo,0.5
1.309,0.001186445947186702,0.3232001644838227,desbalanceo,0.5
1.31,0.0011650315715033969,0.31757045931571104,desbalanceo,0.5
1.311,0.0011885511045122159,0.32536607278408924,desbalanceo,0.5
1.312,0.0012121878085712028,0.33045830382827784,desbalanceo,0.5
1.313,0.001160244232891909,0.32150229111162426,desbalanceo,0.5
1.314,0.0011682658150042394,0.31539581861795996,desbalanceo,0.5
1.315,0.0011783096640021707,0.3015421826168239,desbalanceo,0.5
1.316,0.001168450294694405,0.3033778124582031,desbalanceo,0.5
1.317,0.0011512971051718436,0.31034526129079376,desbalanceo,0.5
1.318,0.0011825740575481909,0.30667110411424264,desbalanceo,0.5
1.319,0.0011994149033641539,0.3102653929133588,desbalanceo,0.5
1.32,0.0011632505649310327,0.3120706504456005,desbalanceo,0.5
1.321,0.0011434558948596558,0.3161702928701658,desbalanceo,0.5
1.322,0.0011309613974336836,0.309537763973373,desbalanceo,0.5
1.323,0.001157636289167622,0.3144773303281368,desbalanceo,0.5
1.324,0.0011689981167818826,0.30962679928385745,desbalanceo,0.5
1.325,0.0011568501800065408,0.28859731321974613,desbalanceo,0.5
1.326,0.0011471334485909502,0.29832873457617265,desbalanceo,0.5
1.327,0.0011356857444541405,0.30565151184386435,desbalanceo,0.5
1.328,0.0011256016584998698,0.29436593147730394,desbalanceo,0.5
1.329,0.0011543245612793227,0.3118328536806404,desbalanceo,0.5
1.33,0.0011535748921133746,0.320511961491941,desbalanceo,0.5
1.331,0.0011123419264440523,0.31676316111879277,desbalanceo,0.5
1.332,0.001160462347312229,0.3018124092940177,desbalanceo,0.5
1.333,0.0011423486051675884,0.3182256040542405,desbalanceo,0.5
1.334,0.0011536601407546288,0.3041767345238571,desbalanceo,0.5
1.335,0.0011080640262854402,0.2986911333831685,desbalanceo,0.5
1.336,0.0011058803807224916,0.2953001187605795,desbalanceo,0.5
1.337,0.0011235208214223833,0.29778182326452435,desbalanceo,0.5
1.338,0.0011321622399362479,0.2962973523717516,desbalanceo,0.5
1.339,0.0011510716711555073,0.3012561121554743,desbalanceo,0.5
1.34,0.001131952522707783,0.30053075130589096,desbalanceo,0.5
1.341,0.001115119512741507,0.29832876868187846,desbalanceo,0.5
1.342,0.0011009474549695238,0.3020412258060161,desbalanceo,0.5
1.343,0.0011353299384674572,0.30895208433965043,desbalanceo,0.5
1.344,0.0010986941149051987,0.3059151854859963,desbalanceo,0.5
1.345,0.0011385210060654825,0.28094493523472175,desbalanceo,0.5
1.346,0.0011064406976058878,0.26962922578667875,desbalanceo,0.5
1.347,0.0011348276989154589,0.30388641306410136,desbalanceo,0.5
1.348,0.001118748374327055,0.2802494615434617,desbalanceo,0.5
1.349,0.0011042181212227412,0.29104588999450487,desbalanceo,0.5
1.35,0.0010966230118844337,0.28096797328819734,desbalanceo,0.5
1.351,0.0010979970641986406,0.27402512588712846,desbalanceo,0.5
1.352,0.0011088082335601373,0.2968356545567042,desbalanceo,0.5
1.353,0.0011017509800625215,0.2983889492953658,desbalanceo,0.5
1.354,0.001089619570042203,0.2844089406066057,desbalanceo,0.5
1.355,0.0010950533353267415,0.26364054820521043,desbalanceo,0.5
1.356,0.0010975557899328232,0.28346573582506107,desbalanceo,0.5
1.357,0.0010609307417070114,0.29222371527702623,desbalanceo,0.5
1.358,0.0011008539480789688,0.2728943432409494,desbalanceo,0.5
1.359,0.0010765457187595084,0.2888951336676512,desbalanceo,0.5
1.36,0.0010724323293747333,0.28628680638937454,desbalanceo,0.5
1.361,0.0010625865801648434,0.2916114881824058,desbalanceo,0.5
1.362,0.0010595865036920062,0.28639334608319006,desbalanceo,0.5
1.363,0.001065309529909032,0.2748461261128961,desbalanceo,0.5
1.364,0.0010743656663335709,0.2959221105629801,desbalanceo,0.5
1.365,0.001115620008996314,0.2817509897238845,desbalanceo,0.5
1.366,0.0010748264430393178,0.2824434428205661,desbalanceo,0.5
1.367,0.0010848550665722263,0.27276432719987437,desbalanceo,0.5
1.368,0.0010872197998017532,0.27704502161601813,desbalanceo,0.5
1.369,0.0010817386517580677,0.2720109760255313,desbalanceo,0.5
1.37,0.0010772397252219684,0.27851102623230367,desbalanceo,0.5
1.371,0.0010582369546065242,0.29673938284305607,desbalanceo,0.5
1.372,0.0010993427790398432,0.2652854282723915,desbalanceo,0.5
1.373,0.0011039110647740919,0.2622513007277224,desbalanceo,0.5
1.374,0.0010470851232586493,0.2924814292147505,desbalanceo,0.5
1.375,0.001056494301512996,0.27505963950306106,desbalanceo,0.5
1.3760000000000001,0.0010672904826464602,0.2698456411861385,desbalanceo,0.5
1.377,0.0010552869565326097,0.28631925255923374,desbalanceo,0.5
1.3780000000000001,0.0010777018687984415,0.26924823505481305,desbalanceo,0.5
1.379,0.0010569574063995124,0.29294902283792146,desbalanceo,0.5
1.3800000000000001,0.0011021193656617313,0.28085307296743584,desbalanceo,0.5
1.381,0.0010855650877087636,0.2685799448324102,desbalanceo,0.5
1.3820000000000001,0.0010689685072229234,0.29441774461042325,desbalanceo,0.5
1.383,0.001081003454595434,0.26617347850046963,desbalanceo,0.5
1.3840000000000001,0.001081316902387956,0.27903791116581494,desbalanceo,0.5
1.385,0.001053727290013801,0.2739965801900147,desbalanceo,0.5
1.3860000000000001,0.0010487818706918374,0.28340813419655425,desbalanceo,0.5
1.387,0.0010621576576232768,0.2853932729030556,desbalanceo,0.5
1.3880000000000001,0.001073787570685063,0.26948601750530266,desbalanceo,0.5
1.389,0.0010613938551171619,0.2610199905535097,desbalanceo,0.5
1.3900000000000001,0.001033146836319362,0.2725424647987691,desbalanceo,0.5
1.391,0.0010446574326142808,0.2605545473497153,desbalanceo,0.5
1.3920000000000001,0.001055451634163534,0.2868549174499284,desbalanceo,0.5
1.393,0.001054598638363651,0.26747613113532326,desbalanceo,0.5
1.3940000000000001,0.0010864854830331455,0.26184768674516284,desbalanceo,0.5
1.395,0.0010320719500904808,0.2667382239849108,desbalanceo,0.5
1.3960000000000001,0.0010614695901143675,0.25081107357203825,desbalanceo,0.5
1.397,0.0010763723287480242,0.2539575111239576,desbalanceo,0.5
1.3980000000000001,0.001088057181996447,0.27506950774708677,desbalanceo,0.5
1.399,0.0010445468104585231,0.2558885477581696,desbalanceo,0.5
1.4000000000000001,0.0010580572095335312,0.2513809099163813,desbalanceo,0.5
1.401,0.0010585139700456342,0.2666094863608636,desbalanceo,0.5
1.4020000000000001,0.0010517472229895073,0.2724933519422473,desbalanceo,0.5
1.403,0.0010462687548368438,0.267219610089044,desbalanceo,0.5
1.4040000000000001,0.0010540385684804214,0.2693847380016227,desbalanceo,0.5
1.405,0.0010059012496684357,0.2512509145295982,desbalanceo,0.5
1.4060000000000001,0.0010564570053563662,0.2439957856548207,desbalanceo,0.5
1.407,0.0010468202062572428,0.27262268089710334,desbalanceo,0.5
1.408,0.001040494012362398,0.2537784256944107,desbalanceo,0.5
1.409,0.001075964705429532,0.25389320376360097,desbalanceo,0.5
1.41,0.0010317611253333678,0.2690802178104945,desbalanceo,0.5
1.411,0.001035349769595715,0.2607577540353112,desbalanceo,0.5
1.412,0.0010728326150893377,0.25915194675218883,desbalanceo,0.5
1.413,0.0010270226950221172,0.2756411475549247,desbalanceo,0.5
1.414,0.0010307975534005513,0.24695443929320507,desbalanceo,0.5
1.415,0.0010365120730829937,0.26206696520589773,desbalanceo,0.5
1.416,0.00105155882563999,0.2527580847478975,desbalanceo,0.5
1.417,0.0010407373149033767,0.2542737155042655,desbalanceo,0.5
1.418,0.00101606699741185,0.26627276822474366,desbalanceo,0.5
1.419,0.0010274921577572845,0.2554671871704896,desbalanceo,0.5
1.42,0.0010255844238861423,0.255172992809047,desbalanceo,0.5
1.421,0.001033340204639161,0.25991676691684784,desbalanceo,0.5
1.422,0.001040667839586535,0.2449442892262753,desbalanceo,0.5
1.423,0.0010398411568808214,0.23960430660577495,desbalanceo,0.5
1.424,0.0010040992631690604,0.2369513641908981,desbalanceo,0.5
1.425,0.0010487008133766727,0.22713941148696093,desbalanceo,0.5
1.426,0.001034996061667508,0.2667690406187894,desbalanceo,0.5
1.427,0.001052306014643457,0.23457935056945292,desbalanceo,0.5
1.428,0.0010365341657663533,0.24280383813444983,desbalanceo,0.5
1.429,0.0010462478657529276,0.24165365900730132,desbalanceo,0.5
1.43,0.0010353284742414437,0.2469017563564439,desbalanceo,0.5
1.431,0.0010485763682997224,0.25139144084435006,desbalanceo,0.5
1.432,0.0010346264341436794,0.2512456671318802,desbalanceo,0.5
1.433,0.0010239291967954933,0.23621750778902287,desbalanceo,0.5
1.434,0.001060960484066222,0.2397849035568545,desbalanceo,0.5
1.435,0.0010380584056949368,0.24369024949773535,desbalanceo,0.5
1.436,0.0010321964697983356,0.23778636097989442,desbalanceo,0.5
1.437,0.001001825378696631,0.2557560453622199,desbalanceo,0.5
1.438,0.0010007903060504238,0.2440021537388147,desbalanceo,0.5
1.439,0.001025183340977792,0.2458514961002025,desbalanceo,0.5
1.44,0.0010219835878457317,0.24454234646526543,desbalanceo,0.5
1.441,0.0010090022306336532,0.24905959152670537,desbalanceo,0.5
1.442,0.00102019753035692,0.23854689344727598,desbalanceo,0.5
1.443,0.0010424415438696005,0.22318069111292657,desbalanceo,0.5
1.444,0.0010273002208447582,0.23955873274282052,desbalanceo,0.5
1.445,0.0009970852661992493,0.22846163888540974,desbalanceo,0.5
1.446,0.0010126028385340545,0.22910290962169857,desbalanceo,0.5
1.447,0.0010005972948937973,0.2396671013009951,desbalanceo,0.5
1.448,0.001006307700151872,0.24560119458888022,desbalanceo,0.5
1.449,0.0010049380769598729,0.2328465025062412,desbalanceo,0.5
1.45,0.0010029511291954807,0.23513806183673452,desbalanceo,0.5
1.451,0.0009895615600247498,0.2484883502286727,desbalanceo,0.5
1.452,0.0010065747991970324,0.23329072772855958,desbalanceo,0.5
1.453,0.0009986728664338005,0.2563175502745495,desbalanceo,0.5
1.454,0.0009598668303112272,0.2353738687916538,desbalanceo,0.5
1.455,0.001038405547805278,0.21152972989355,desbalanceo,0.5
1.456,0.0010219971932782983,0.23608989272459965,desbalanceo,0.5
1.457,0.0009975711659429714,0.2317877151888369,desbalanceo,0.5
1.458,0.0010028266602951292,0.24029385141245715,desbalanceo,0.5
1.459,0.0009827622600526173,0.23354886951608678,desbalanceo,0.5
1.46,0.0010274634353219531,0.22485376977822047,desbalanceo,0.5
1.461,0.0010295941460563285,0.21341716422332174,desbalanceo,0.5
1.462,0.00100069810323381,0.22299227619335896,desbalanceo,0.5
1.463,0.0010133970427342533,0.21600021346211498,desbalanceo,0.5
1.464,0.0009986941916622488,0.21812364163604261,desbalanceo,0.5
1.465,0.0009733691365949687,0.2292386690217401,desbalanceo,0.5
1.466,0.000986923582211512,0.23947649138747684,desbalanceo,0.5
1.467,0.0009943852602910697,0.22614927732877182,desbalanceo,0.5
1.468,0.0009837952411959503,0.20966940320182276,desbalanceo,0.5
1.469,0.000986307949656587,0.22550049017369264,desbalanceo,0.5
1.47,0.000987061820361269,0.23244756766529948,desbalanceo,0.5
1.471,0.0009859393863647322,0.21381077444909946,desbalanceo,0.5
1.472,0.0009867558203838665,0.2179963456408819,desbalanceo,0.5
1.473,0.0009676566020656381,0.2189118779155544,desbalanceo,0.5
1.474,0.000971784226440052,0.21034505805458112,desbalanceo,0.5
1.475,0.0009613420590879917,0.22410645899631212,desbalanceo,0.5
1.476,0.0009960508965236464,0.21584435658611006,desbalanceo,0.5
1.477,0.000945405713950132,0.22067991754160096,desbalanceo,0.5
1.478,0.0009959858381729501,0.20704099963272735,desbalanceo,0.5
1.479,0.0009982298105746066,0.21097324164310854,desbalanceo,0.5
1.48,0.000969775907303947,0.2220041180247427,desbalanceo,0.5
1.481,0.000931524444626399,0.2104850309149914,desbalanceo,0.5
1.482,0.000965766024362514,0.23091663873943924,desbalanceo,0.5
1.483,0.0009689488904196883,0.20908485756396789,desbalanceo,0.5
1.484,0.0009522643848891033,0.2147628688601397,desbalanceo,0.5
1.485,0.0009585704652791048,0.22127731666866007,desbalanceo,0.5
1.486,0.0009896012961571434,0.19720372389562593,desbalanceo,0.5
1.487,0.0009741433079308635,0.19321585365841837,desbalanceo,0.5
1.488,0.0009470850625638757,0.1950045284021642,desbalanceo,0.5
1.489,0.0009346148363552763,0.2223246730938681,desbalanceo,0.5
1.49,0.0009531448504121963,0.2036185833678102,desbalanceo,0.5
1.491,0.0009531851084812339,0.2341580842068642,desbalanceo,0.5
1.492,0.00096272633363574,0.2023731371318468,desbalanceo,0.5
1.493,0.0009444591333209679,0.2093012446394824,desbalanceo,0.5
1.494,0.0009593413359348336,0.22231754780676805,desbalanceo,0.5
1.495,0.0009802228888515768,0.22639869347194488,desbalanceo,0.5
1.496,0.0009604995258400502,0.2263947177404343,desbalanceo,0.5
1.497,0.0009448591285578223,0.21730586416449563,desbalanceo,0.5
1.498,0.0009408393565312554,0.21490595091583095,desbalanceo,0.5
1.499,0.0009361914639028623,0.2100343242649711,desbalanceo,0.5
1.5,0.000958836020812392,0.21133700135494016,desbalanceo,0.5
1.5010000000000001,0.0009280634876283826,0.19748647733189978,desbalanceo,0.5
1.502,0.0009368621362760984,0.19426189900853716,desbalanceo,0.5
1.5030000000000001,0.000934988652071019,0.20185630741349328,desbalanceo,0.5
1.504,0.0009241634229058319,0.19963498204360292,desbalanceo,0.5
1.5050000000000001,0.0009082397376657647,0.1962519375199059,desbalanceo,0.5
1.506,0.0009332508167293618,0.20719609700934907,desbalanceo,0.5
1.5070000000000001,0.0009250449000524583,0.20923389522109156,desbalanceo,0.5
1.508,0.0009319100948166185,0.2000141499671598,desbalanceo,0.5
1.5090000000000001,0.0009132936233303024,0.21335523852866833,desbalanceo,0.5
1.51,0.000939167540652218,0.18661352309996243,desbalanceo,0.5
1.5110000000000001,0.0009035296138122487,0.1955449173327935,desbalanceo,0.5
1.512,0.000942667311381724,0.18976500880428604,desbalanceo,0.5
1.5130000000000001,0.0008852253455332625,0.17772020955156764,desbalanceo,0.5
1.514,0.0009178078071435858,0.19501173741745756,desbalanceo,0.5
1.5150000000000001,0.0009161677113171354,0.19407466378909016,desbalanceo,0.5
1.516,0.0008935635836088662,0.2098808581351929,desbalanceo,0.5
1.5170000000000001,0.0009107040731062527,0.20050932778784153,desbalanceo,0.5
1.518,0.0009220068375457581,0.18341482251256586,desbalanceo,0.5
1.5190000000000001,0.0008638218334217606,0.211653726958678,desbalanceo,0.5
1.52,0.0009048385707046487,0.2047798806553572,desbalanceo,0.5
1.5210000000000001,0.000854610151921747,0.19784789613172307,desbalanceo,0.5
1.522,0.0008765751519399886,0.18922008761201614,desbalanceo,0.5
1.5230000000000001,0.0009155529408524121,0.18134918094518,desbalanceo,0.5
1.524,0.0008777872415133755,0.18668078656140707,desbalanceo,0.5
1.5250000000000001,0.0008658318933940105,0.2007502589035435,desbalanceo,0.5
1.526,0.0008788862355023209,0.20816919258929273,desbalanceo,0.5
1.5270000000000001,0.0009125218015860175,0.20421696112705368,desbalanceo,0.5
1.528,0.0008477337524287967,0.18335786847117366,desbalanceo,0.5
1.5290000000000001,0.0008576315967446078,0.17651266675805025,desbalanceo,0.5
1.53,0.0008957253848376575,0.1885808245335367,desbalanceo,0.5
1.5310000000000001,0.0008988567926210888,0.16895133295574286,desbalanceo,0.5
1.532,0.0008649012488176288,0.18933181286301287,desbalanceo,0.5
1.5330000000000001,0.0008440926375096672,0.18408916450770618,desbalanceo,0.5
1.534,0.0008946229818634549,0.18037052650566424,desbalanceo,0.5
1.5350000000000001,0.0008838899646045079,0.16855020946135493,desbalanceo,0.5
1.536,0.0008665139912881907,0.18910023820482175,desbalanceo,0.5
1.537,0.0008399179074305404,0.1781048750699435,desbalanceo,0.5
1.538,0.00084929050659149,0.17120101167365442,desbalanceo,0.5
1.539,0.0008446695249544943,0.15364650560082335,desbalanceo,0.5
1.54,0.0008496252864723678,0.18156357841414789,desbalanceo,0.5
1.541,0.0008645844089069573,0.19903149606745738,desbalanceo,0.5
1.542,0.0008525262262909892,0.19739247865191123,desbalanceo,0.5
1.543,0.000818352366541572,0.17568048496780453,desbalanceo,0.5
1.544,0.0008545694316348069,0.17370154341836272,desbalanceo,0.5
1.545,0.000834616001642617,0.18388427935916357,desbalanceo,0.5
1.546,0.0008375843110213975,0.16868621228565006,desbalanceo,0.5
1.547,0.0008470030612294892,0.18116217345963082,desbalanceo,0.5
1.548,0.0008028024069585305,0.18527990372359915,desbalanceo,0.5
1.549,0.0008169129185923811,0.18936393912848923,desbalanceo,0.5
1.55,0.00080593037475786,0.1755692323110217,desbalanceo,0.5
1.551,0.0007863020089296283,0.17401086274875316,desbalanceo,0.5
1.552,0.0008137585892945803,0.1667452632859763,desbalanceo,0.5
1.553,0.0008451861072631745,0.16673443697182025,desbalanceo,0.5
1.554,0.0007725662320410938,0.17221726612243074,desbalanceo,0.5
1.555,0.0007982439060257048,0.1776351885118352,desbalanceo,0.5
1.556,0.0008057872325770396,0.18257752267124394,desbalanceo,0.5
1.557,0.0007943191545138322,0.164890695107932,desbalanceo,0.5
1.558,0.0007873240766400966,0.18733084441588496,desbalanceo,0.5
1.559,0.0007651528301050504,0.16917486338586735,desbalanceo,0.5
1.56,0.000786359002455864,0.17115523432155724,desbalanceo,0.5
1.561,0.0007672963011119873,0.1633802661689367,desbalanceo,0.5
1.562,0.0007411328431076222,0.14609412449515075,desbalanceo,0.5
1.563,0.0007918407045923379,0.17866179424410816,desbalanceo,0.5
1.564,0.0007847291209679832,0.17667526206984957,desbalanceo,0.5
1.565,0.0007669072697425742,0.16597970056024192,desbalanceo,0.5
1.566,0.0007663787748412097,0.1689497071161124,desbalanceo,0.5
1.567,0.0007764952177284971,0.1729266872667693,desbalanceo,0.5
1.568,0.0007595401555841224,0.15163000354125583,desbalanceo,0.5
1.569,0.0007669836729046408,0.1614537747603088,desbalanceo,0.5
1.57,0.0007443748195401895,0.17417646067325873,desbalanceo,0.5
1.571,0.0007666249306272003,0.1531811054122334,desbalanceo,0.5
1.572,0.0007473463808299047,0.16815043864773602,desbalanceo,0.5
1.573,0.0007418502098806244,0.15114057535653044,desbalanceo,0.5
1.574,0.0007149887148004401,0.16886290216529426,desbalanceo,0.5
1.575,0.0007363365699479108,0.16333507177229076,desbalanceo,0.5
1.576,0.0007149602360163568,0.14703372844891097,desbalanceo,0.5
1.577,0.0007145168809894339,0.17432667635359161,desbalanceo,0.5
1.578,0.0007081432446171031,0.15482827984808945,desbalanceo,0.5
1.579,0.0007005842845962795,0.15356726106430657,desbalanceo,0.5
1.58,0.0007479494375511528,0.16317174462950296,desbalanceo,0.5
1.581,0.0007317000743545772,0.17214937115932538,desbalanceo,0.5
1.582,0.00073751648533947,0.15000240263665207,desbalanceo,0.5
1.583,0.0006837477601003028,0.16027572099603965,desbalanceo,0.5
1.584,0.000700799284949324,0.1634460680256173,desbalanceo,0.5
1.585,0.0006754024172891991,0.16558861880496156,desbalanceo,0.5
1.586,0.0006813319142884259,0.1599223174997715,desbalanceo,0.5
1.587,0.0006741656324798246,0.15398864258262293,desbalanceo,0.5
1.588,0.0007049855092877011,0.14888471790011223,desbalanceo,0.5
1.589,0.0006752386395422555,0.1575244384595622,desbalanceo,0.5
1.59,0.0006949735792035871,0.1454446696915445,desbalanceo,0.5
1.591,0.0006839085985166759,0.12645629607679543,desbalanceo,0.5
1.592,0.0007073585994534453,0.1595398212177297,desbalanceo,0.5
1.593,0.0006432750076718963,0.16371867524933484,desbalanceo,0.5
1.594,0.000683299022864534,0.13055578776493446,desbalanceo,0.5
1.595,0.0006777952370941719,0.1435942721841704,desbalanceo,0.5
1.596,0.000640234075789024,0.15939027097858519,desbalanceo,0.5
1.597,0.0006681207485764589,0.17328151441441325,desbalanceo,0.5
1.598,0.0006536939258004688,0.15242301052731852,desbalanceo,0.5
1.599,0.0006409893875697394,0.14444424031691522,desbalanceo,0.5
1.6,0.0006277558533943093,0.14940518429091518,desbalanceo,0.5
1.601,0.0006257113959391782,0.16449347469694126,desbalanceo,0.5
1.602,0.0006661986007831954,0.14379631347296548,desbalanceo,0.5
1.603,0.0006297805371765265,0.14177596302413592,desbalanceo,0.5
1.604,0.0006385392562363877,0.14445305886325607,desbalanceo,0.5
1.605,0.0006097086503204357,0.13926050225319642,desbalanceo,0.5
1.606,0.0006061581467835404,0.14953446907890186,desbalanceo,0.5
1.607,0.0006321490576022859,0.16406921148342393,desbalanceo,0.5
1.608,0.0005896169846608339,0.15056856405836444,desbalanceo,0.5
1.609,0.0006008262314164862,0.144330264223185,desbalanceo,0.5
1.61,0.0006042950110586902,0.14345239798934994,desbalanceo,0.5
1.611,0.000601828105610313,0.13025599755844777,desbalanceo,0.5
1.612,0.000593484537037007,0.1542370819206859,desbalanceo,0.5
1.613,0.000598955771477799,0.1441463742118323,desbalanceo,0.5
1.614,0.0005999999971002106,0.14263939258782685,desbalanceo,0.5
1.615,0.0005969736527745766,0.17589539642110055,desbalanceo,0.5
1.616,0.000565838155511677,0.14647266227854328,desbalanceo,0.5
1.617,0.0005733891225542596,0.13548871852371716,desbalanceo,0.5
1.618,0.0005933514572716963,0.1382652322022515,desbalanceo,0.5
1.619,0.0005849165818749499,0.15353612762616242,desbalanceo,0.5
1.62,0.0005450877262441722,0.1427079201482052,desbalanceo,0.5
1.621,0.0005689933464448319,0.12671666480363927,desbalanceo,0.5
1.622,0.0005281868979315332,0.14981664539663633,desbalanceo,0.5
1.623,0.0005569016155744642,0.13346850945252384,desbalanceo,0.5
1.624,0.0005828436404625541,0.15840920498110067,desbalanceo,0.5
1.625,0.0005338324269429657,0.15000366729025458,desbalanceo,0.5
1.6260000000000001,0.0005320827139282241,0.1342576094312423,desbalanceo,0.5
1.627,0.0005540472470070055,0.15106931592600129,desbalanceo,0.5
1.6280000000000001,0.0005136894060117729,0.1384667133146085,desbalanceo,0.5
1.629,0.0005246988654965855,0.14584558264309025,desbalanceo,0.5
1.6300000000000001,0.0005408184562283947,0.14169554331941345,desbalanceo,0.5
1.631,0.0005176893498784544,0.12791569920169382,desbalanceo,0.5
1.6320000000000001,0.0005205740484491437,0.12947549915082238,desbalanceo,0.5
1.633,0.0005327513861263402,0.14574301824446678,desbalanceo,0.5
1.6340000000000001,0.0005241472670868444,0.13162874995780538,desbalanceo,0.5
1.635,0.000518239720642951,0.13047379220382266,desbalanceo,0.5
1.6360000000000001,0.0005051392908133077,0.12449350466719507,desbalanceo,0.5
1.637,0.0005130385635290677,0.13781585451639597,desbalanceo,0.5
1.6380000000000001,0.0005017467528214828,0.15374092592459393,desbalanceo,0.5
1.639,0.0005076467611411504,0.12197683961821588,desbalanceo,0.5
1.6400000000000001,0.0004890432705930735,0.13243153418632297,desbalanceo,0.5
1.641,0.0004907081276935542,0.14584939452456777,desbalanceo,0.5
1.6420000000000001,0.00047448971872955897,0.13046930255090664,desbalanceo,0.5
1.643,0.00048642483235840714,0.135328639699521,desbalanceo,0.5
1.6440000000000001,0.0004707473747094684,0.1197208691369426,desbalanceo,0.5
1.645,0.00046263288116145347,0.13416843509507947,desbalanceo,0.5
1.6460000000000001,0.00048128134608886174,0.12755515780470222,desbalanceo,0.5
1.647,0.0004773031224423667,0.13882581296288346,desbalanceo,0.5
1.6480000000000001,0.0004831799945085544,0.14038496187360577,desbalanceo,0.5
1.649,0.0004606058719727708,0.15395000150002094,desbalanceo,0.5
1.6500000000000001,0.0004708441760002712,0.133394635461855,desbalanceo,0.5
1.651,0.00046999817890509095,0.1304008800199932,desbalanceo,0.5
1.6520000000000001,0.00046520414047231394,0.12863204700409636,desbalanceo,0.5
1.653,0.0004418446118931723,0.12270250172778724,desbalanceo,0.5
1.6540000000000001,0.0004543464251414076,0.12916563680382723,desbalanceo,0.5
1.655,0.0004547320422430856,0.1223740905278295,desbalanceo,0.5
1.6560000000000001,0.00044601091640271504,0.12656069268820633,desbalanceo,0.5
1.657,0.00040958674017807376,0.13760070809240643,desbalanceo,0.5
1.6580000000000001,0.0004424782505355351,0.11390862787579262,desbalanceo,0.5
1.659,0.00047228016136620994,0.1349228303691988,desbalanceo,0.5
1.6600000000000001,0.0004282818425721784,0.13624585654200472,desbalanceo,0.5
1.661,0.00041950697468312516,0.12144535102382044,desbalanceo,0.5
1.6620000000000001,0.0004342156533054783,0.1009594864649923,desbalanceo,0.5
1.663,0.00043037935043119415,0.11565248289226078,desbalanceo,0.5
1.6640000000000001,0.0004415770510804697,0.13425398308306258,desbalanceo,0.5
1.665,0.0003996289292668648,0.12060935878296881,desbalanceo,0.5
1.666,0.0004285812295487624,0.11039968518273244,desbalanceo,0.5
1.667,0.00042354662476305337,0.1149002920701364,desbalanceo,0.5
1.668,0.00040908307253671825,0.12791024035586568,desbalanceo,0.5
1.669,0.00041401300785383723,0.12452803895642553,desbalanceo,0.5
1.67,0.0004223236520703293,0.11622870917391534,desbalanceo,0.5
1.671,0.0004171238123512397,0.1145077759676064,desbalanceo,0.5
1.672,0.00038228282240211685,0.11381709085465974,desbalanceo,0.5
1.673,0.0004109685393929242,0.10806988439787514,desbalanceo,0.5
1.674,0.0003942094579376131,0.13300771796191851,desbalanceo,0.5
1.675,0.0003937975775632908,0.11319139140325021,desbalanceo,0.5
1.676,0.00039122528597247496,0.12814747580171745,desbalanceo,0.5
1.677,0.000385110063402546,0.13075100433595738,desbalanceo,0.5
1.678,0.0004040200240790183,0.12508356399091616,desbalanceo,0.5
1.679,0.00038118662531707844,0.11034752027772357,desbalanceo,0.5
1.68,0.0003622048645418067,0.11826494912892158,desbalanceo,0.5
1.681,0.00037137121519007594,0.11355027261901028,desbalanceo,0.5
1.682,0.0003781091853092151,0.10432044537035388,desbalanceo,0.5
1.683,0.0003925020699831986,0.11616694611678763,desbalanceo,0.5
1.684,0.00038015336532044923,0.10069949791605037,desbalanceo,0.5
1.685,0.0003546159937820873,0.1239338846146724,desbalanceo,0.5
1.686,0.0004055549865226584,0.1069787641911965,desbalanceo,0.5
1.687,0.00036783157304901416,0.11320503083536437,desbalanceo,0.5
1.688,0.00038170792816699173,0.11359545991875589,desbalanceo,0.5
1.689,0.0003566995724539483,0.10774332733226138,desbalanceo,0.5
1.69,0.00036543277246027945,0.11576975900385517,desbalanceo,0.5
1.691,0.00036814428290661235,0.10472487550023121,desbalanceo,0.5
1.692,0.0003720406431933652,0.11775862236903756,desbalanceo,0.5
1.693,0.0003673520319388517,0.095158235253123,desbalanceo,0.5
1.694,0.0003622979696648741,0.10945485491714217,desbalanceo,0.5
1.695,0.0003412674952326187,0.12715401964456052,desbalanceo,0.5
1.696,0.0003351280842847785,0.09733572945711062,desbalanceo,0.5
1.697,0.00034755207664623737,0.1001365476041214,desbalanceo,0.5
1.698,0.00035514428516440825,0.1116286709987749,desbalanceo,0.5
1.699,0.0003347254012806227,0.1078616451200999,desbalanceo,0.5
1.7,0.00035334352095351106,0.10914900170626689,desbalanceo,0.5
1.701,0.0003576167030237623,0.11011208304028937,desbalanceo,0.5
1.702,0.0003179212416298201,0.111145574049872,desbalanceo,0.5
1.703,0.0003173391177568898,0.11547414098670818,desbalanceo,0.5
1.704,0.00032664245562662875,0.10805474688366978,desbalanceo,0.5
1.705,0.0003320116549129804,0.1011240350163116,desbalanceo,0.5
1.706,0.00031697254810008225,0.10984303226968987,desbalanceo,0.5
1.707,0.00034520341219503676,0.12169742968468908,desbalanceo,0.5
1.708,0.000328699092204595,0.10095421825844975,desbalanceo,0.5
1.709,0.00032090525679201914,0.0921178372858499,desbalanceo,0.5
1.71,0.0002957208106558459,0.11251713976447378,desbalanceo,0.5
1.711,0.00029602984919247026,0.0998263511946775,desbalanceo,0.5
1.712,0.00031994328069470505,0.07888792304483326,desbalanceo,0.5
1.713,0.0002798521145454592,0.10867391572979519,desbalanceo,0.5
1.714,0.00032851360955550937,0.0944321211988749,desbalanceo,0.5
1.715,0.0003083067858336967,0.09846639683641585,desbalanceo,0.5
1.716,0.00036110397006302035,0.10227848091111622,desbalanceo,0.5
1.717,0.0003447066634724886,0.10045124252802941,desbalanceo,0.5
1.718,0.0003035286728762572,0.10522895102914454,desbalanceo,0.5
1.719,0.00030331562245681,0.09336837409609546,desbalanceo,0.5
1.72,0.00031951977830199765,0.10244371734792884,desbalanceo,0.5
1.721,0.0003294540531037503,0.09430722956886026,desbalanceo,0.5
1.722,0.00027478634501216874,0.1038814523301242,desbalanceo,0.5
1.723,0.0002711104714698942,0.10223828650987137,desbalanceo,0.5
1.724,0.00028841976161131405,0.08632210053374006,desbalanceo,0.5
1.725,0.00030639700620266894,0.1061287950904597,desbalanceo,0.5
1.726,0.0003037973121526405,0.0895024350864339,desbalanceo,0.5
1.727,0.0003117397468360423,0.1025363510980194,desbalanceo,0.5
1.728,0.00027433560701892683,0.09772295652023995,desbalanceo,0.5
1.729,0.00025536702249607813,0.11202683583341279,desbalanceo,0.5
1.73,0.00030492182041262113,0.09100585903426692,desbalanceo,0.5
1.731,0.00027692376847658504,0.0893434734979549,desbalanceo,0.5
1.732,0.00025686199736167864,0.0922391694956699,desbalanceo,0.5
1.733,0.0002903582804409311,0.08899889199182356,desbalanceo,0.5
1.734,0.00029968455519547427,0.0996280319417097,desbalanceo,0.5
1.735,0.0002840807584126662,0.07506402743321516,desbalanceo,0.5
1.736,0.00027774467480901185,0.08028942606164173,desbalanceo,0.5
1.737,0.0002815422393613349,0.0797479325505567,desbalanceo,0.5
1.738,0.00027721560394492194,0.09952934260498421,desbalanceo,0.5
1.739,0.00026067857347826767,0.10673329735403819,desbalanceo,0.5
1.74,0.0002698909738886336,0.08818415901880387,desbalanceo,0.5
1.741,0.0002887502530459445,0.08714251078067611,desbalanceo,0.5
1.742,0.00028471396886945696,0.08913391427455036,desbalanceo,0.5
1.743,0.00028143213826500814,0.09965542670337886,desbalanceo,0.5
1.744,0.00026206160199392575,0.07836694834350942,desbalanceo,0.5
1.745,0.00027426843333629836,0.08962858905696368,desbalanceo,0.5
1.746,0.00024164961298064539,0.0966018771602327,desbalanceo,0.5
1.747,0.0002785152765626603,0.09146642482639486,desbalanceo,0.5
1.748,0.0002977639248210279,0.0879574607232929,desbalanceo,0.5
1.749,0.000250736404140198,0.09567884460368165,desbalanceo,0.5
1.75,0.00026425304537577,0.05824337607457042,desbalanceo,0.5
1.7510000000000001,0.0002782069766598263,0.09166234223852933,desbalanceo,0.5
1.752,0.0002923084634221798,0.07795129545979901,desbalanceo,0.5
1.7530000000000001,0.0002645297007071048,0.06579475826750832,desbalanceo,0.5
1.754,0.00026001504953086167,0.08882271835231025,desbalanceo,0.5
1.7550000000000001,0.0002390280365224972,0.09705745157542389,desbalanceo,0.5
1.756,0.0002715278342166916,0.08155712185070262,desbalanceo,0.5
1.7570000000000001,0.0003019164555278994,0.09207165890032434,desbalanceo,0.5
1.758,0.00027321095112388855,0.09827756644030969,desbalanceo,0.5
1.7590000000000001,0.00026792316552176566,0.09491636126291902,desbalanceo,0.5
1.76,0.0002729449743744911,0.09777985574674966,desbalanceo,0.5
1.7610000000000001,0.0002671860491415945,0.08841503836487781,desbalanceo,0.5
1.762,0.00025396953462423653,0.08136221052644695,desbalanceo,0.5
1.7630000000000001,0.0002796924236860629,0.06420288278201046,desbalanceo,0.5
1.764,0.00026976528310869815,0.07737713725281971,desbalanceo,0.5
1.7650000000000001,0.0002660597434589834,0.07102107026419294,desbalanceo,0.5
1.766,0.0002498352339014372,0.10077928869741545,desbalanceo,0.5
1.7670000000000001,0.0002858590214195642,0.07692787828805589,desbalanceo,0.5
1.768,0.00027533290284140714,0.07953620730933249,desbalanceo,0.5
1.7690000000000001,0.0002555812208418667,0.08343698211579792,desbalanceo,0.5
1.77,0.00028010065346625423,0.07797666655480541,desbalanceo,0.5
1.7710000000000001,0.00025588332747158944,0.09411020918122547,desbalanceo,0.5
1.772,0.0002510814799300623,0.07055280311534151,desbalanceo,0.5
1.7730000000000001,0.00025119356219186953,0.07834550882198198,desbalanceo,0.5
1.774,0.00023481608306066685,0.06859540383340629,desbalanceo,0.5
1.7750000000000001,0.0002703890346198347,0.06244109617701185,desbalanceo,0.5
1.776,0.00023340788081922426,0.06914537644278902,desbalanceo,0.5
1.7770000000000001,0.00024280587110543972,0.07451497818507129,desbalanceo,0.5
1.778,0.00022906826171771436,0.07021513372408145,desbalanceo,0.5
1.7790000000000001,0.0002606195875552277,0.06720728525471907,desbalanceo,0.5
1.78,0.00025939135859508373,0.059692187023623874,desbalanceo,0.5
1.7810000000000001,0.00025637204196625766,0.07254869830748328,desbalanceo,0.5
1.782,0.0002447430517844609,0.05795746666901166,desbalanceo,0.5
1.7830000000000001,0.0002424726899612812,0.08023066865122101,desbalanceo,0.5
1.784,0.00026840226417839086,0.07308046559723325,desbalanceo,0.5
1.7850000000000001,0.00025201822908052393,0.05730703078628041,desbalanceo,0.5
1.786,0.00026567433058842857,0.06841744958571094,desbalanceo,0.5
1.7870000000000001,0.0002463102303172906,0.06361548593245499,desbalanceo,0.5
1.788,0.00026315015624679965,0.07395681796811296,desbalanceo,0.5
1.7890000000000001,0.0002808873396947299,0.08379811162159481,desbalanceo,0.5
1.79,0.00026927986688915094,0.051270926354670815,desbalanceo,0.5
1.7910000000000001,0.0002531817974596067,0.07080246348712917,desbalanceo,0.5
1.792,0.0002637100658109886,0.0676809322937476,desbalanceo,0.5
1.793,0.0002556077234536568,0.07562622262344201,desbalanceo,0.5
1.794,0.00025942819913794607,0.07067585194522864,desbalanceo,0.5
1.795,0.00025396692882913497,0.06065575647452229,desbalanceo,0.5
1.796,0.0002564052523368878,0.06461697301235841,desbalanceo,0.5
1.797,0.00026227709507588276,0.059479812941260965,desbalanceo,0.5
1.798,0.0002428962381384651,0.0778331967060345,desbalanceo,0.5
1.799,0.0002424032020502906,0.0669197883875814,desbalanceo,0.5
1.8,0.0002363296584377384,0.08535261620113282,desbalanceo,0.5
1.801,0.0002328375979312209,0.065368627594311,desbalanceo,0.5
1.802,0.00023885060288811593,0.05852618147485931,desbalanceo,0.5
1.803,0.00026072492022744263,0.05010860372091854,desbalanceo,0.5
1.804,0.0002438161281225667,0.04685033254048741,desbalanceo,0.5
1.805,0.00026613967634902093,0.04867683273570121,desbalanceo,0.5
1.806,0.00025835309317744873,0.06682640079156436,desbalanceo,0.5
1.807,0.00022622872480638974,0.06887980392121795,desbalanceo,0.5
1.808,0.0002679632805403862,0.04761854139918265,desbalanceo,0.5
1.809,0.0002703014423021167,0.07201919963789016,desbalanceo,0.5
1.81,0.00024134315021265683,0.05787704542149806,desbalanceo,0.5
1.811,0.0002637652692477336,0.06381489487215752,desbalanceo,0.5
1.812,0.00024323369622809306,0.07810894722346194,desbalanceo,0.5
1.813,0.00025832027515991415,0.07059537565739077,desbalanceo,0.5
1.814,0.00023644314634917318,0.058582380934061755,desbalanceo,0.5
1.815,0.0002278732421018626,0.05199693141002657,desbalanceo,0.5
1.816,0.00025024531948598645,0.039032325211554655,desbalanceo,0.5
1.817,0.0002542239216814247,0.0530010288684853,desbalanceo,0.5
1.818,0.0002496766260597186,0.057723797742756405,desbalanceo,0.5
1.819,0.00023694264504822495,0.04960629611529392,desbalanceo,0.5
1.82,0.00024926866780969906,0.05780896410184206,desbalanceo,0.5
1.821,0.0002597507635260839,0.05953394405602374,desbalanceo,0.5
1.822,0.0002545315635662969,0.05616120386028197,desbalanceo,0.5
1.823,0.00025795235895835505,0.051554521243909815,desbalanceo,0.5
1.824,0.00024412372994888997,0.059386319984135495,desbalanceo,0.5
1.825,0.0002732998153731767,0.06176484672083898,desbalanceo,0.5
1.826,0.00023559483889568861,0.04608755506271329,desbalanceo,0.5
1.827,0.00026191761671498097,0.07074741179408146,desbalanceo,0.5
1.828,0.0002727624209781915,0.05529918327011924,desbalanceo,0.5
1.829,0.0002613348699485762,0.05612096973826671,desbalanceo,0.5
1.83,0.0002501810280766433,0.06266245685269631,desbalanceo,0.5
1.831,0.0002447336668306989,0.05756074110880814,desbalanceo,0.5
1.832,0.0002694562342076753,0.06440863923871681,desbalanceo,0.5
1.833,0.00022995284666531312,0.05739763143842208,desbalanceo,0.5
1.834,0.00023693030478211358,0.0480515545597019,desbalanceo,0.5
1.835,0.00024580914146186294,0.05744092155369819,desbalanceo,0.5
1.836,0.0002716420387771959,0.042038999536240775,desbalanceo,0.5
1.837,0.0002576657278805267,0.05421264911729383,desbalanceo,0.5
1.838,0.0002358559504046221,0.05244595556900407,desbalanceo,0.5
1.839,0.0002460518491235451,0.05034870110166181,desbalanceo,0.5
1.84,0.00024088575106163818,0.050796517352780804,desbalanceo,0.5
1.841,0.00023903723045127356,0.032915831203329936,desbalanceo,0.5
1.842,0.00026564955830981425,0.04589990596861263,desbalanceo,0.5
1.843,0.00022776087277428777,0.05196883943370954,desbalanceo,0.5
1.844,0.00027496076312531016,0.05229258949287783,desbalanceo,0.5
1.845,0.0002621144168203867,0.040071306868173756,desbalanceo,0.5
1.846,0.0002659062136214108,0.06265956471798921,desbalanceo,0.5
1.847,0.00024069357090144737,0.040995558953837545,desbalanceo,0.5
1.848,0.00024527109844987713,0.05900709142390652,desbalanceo,0.5
1.849,0.0002243585888719773,0.05324006363128261,desbalanceo,0.5
1.85,0.00023842726725907851,0.042161833868582695,desbalanceo,0.5
1.851,0.00025423653867112303,0.06603358695139856,desbalanceo,0.5
1.852,0.00026659338091113453,0.03600086260722564,desbalanceo,0.5
1.853,0.00022777085376083392,0.05678590513307202,desbalanceo,0.5
1.854,0.0002391354956250769,0.057257696347917775,desbalanceo,0.5
1.855,0.00024207808232121333,0.040203555865398165,desbalanceo,0.5
1.856,0.0002217250878283133,0.06049266847769391,desbalanceo,0.5
1.857,0.0002529484678511339,0.04372617829246494,desbalanceo,0.5
1.858,0.00023144812102968187,0.04877257583577829,desbalanceo,0.5
1.859,0.0002393692318194741,0.04814821987527539,desbalanceo,0.5
1.86,0.00023474655853838322,0.04386163954880485,desbalanceo,0.5
1.861,0.00022882072914315896,0.052972896388130956,desbalanceo,0.5
1.862,0.00024075774254803323,0.05246014645230787,desbalanceo,0.5
1.863,0.00023687224121892535,0.026700741676520853,desbalanceo,0.5
1.864,0.00023380275514927533,0.056890620240816266,desbalanceo,0.5
1.865,0.0002275189188822797,0.026883806239529826,desbalanceo,0.5
1.866,0.00024363982191734804,0.05349604603417005,desbalanceo,0.5
1.867,0.00026431013042004035,0.054099840445834775,desbalanceo,0.5
1.868,0.00023951771676685221,0.031585674725739296,desbalanceo,0.5
1.869,0.0002525414339686784,0.0380500886044954,desbalanceo,0.5
1.87,0.00021378236825120848,0.030764417398179755,desbalanceo,0.5
1.871,0.00023780302351787206,0.03933582415380516,desbalanceo,0.5
1.872,0.00021705661708743053,0.03806859738976575,desbalanceo,0.5
1.873,0.00021026859338369347,0.0486097843519982,desbalanceo,0.5
1.874,0.00022129919752160812,0.053580835927296594,desbalanceo,0.5
1.875,0.00025137974720375686,0.054099484261200315,desbalanceo,0.5
1.8760000000000001,0.00024676849239693385,0.03418618943137694,desbalanceo,0.5
1.877,0.00023472084478765788,0.03738119796149035,desbalanceo,0.5
1.8780000000000001,0.00020559396373158814,0.022304902832715325,desbalanceo,0.5
1.879,0.0002261192064210193,0.03074677079154109,desbalanceo,0.5
1.8800000000000001,0.00023322982018454888,0.04812049072113519,desbalanceo,0.5
1.881,0.00023036414470751154,0.054294619373024856,desbalanceo,0.5
1.8820000000000001,0.0001972748809301442,0.02546243055668561,desbalanceo,0.5
1.883,0.0002116247889711807,0.03154871378452428,desbalanceo,0.5
1.8840000000000001,0.000223917883628282,0.03687704243699179,desbalanceo,0.5
1.885,0.00023258555070778788,0.039610759317903775,desbalanceo,0.5
1.8860000000000001,0.00018803713015315488,0.02838146190419977,desbalanceo,0.5
1.887,0.00021955377787272277,0.04038675612571283,desbalanceo,0.5
1.8880000000000001,0.00022345533758730415,0.03107669754075127,desbalanceo,0.5
1.889,0.00023374686162564223,0.03533980793004354,desbalanceo,0.5
1.8900000000000001,0.00023023777241621822,0.040616704582948075,desbalanceo,0.5
1.891,0.00022745613746195784,0.034887905637101015,desbalanceo,0.5
1.8920000000000001,0.00020435189826501887,0.030129931772653204,desbalanceo,0.5
1.893,0.00018560874304231702,0.0330680848068981,desbalanceo,0.5
1.8940000000000001,0.00020871631330209934,0.03295122737376512,desbalanceo,0.5
1.895,0.0002298857940712516,0.029805700255887798,desbalanceo,0.5
1.8960000000000001,0.0002350272258984105,0.030589080499689298,desbalanceo,0.5
1.897,0.0002229913389512087,0.0488350178951188,desbalanceo,0.5
1.8980000000000001,0.0002173581823078964,0.0381295177303598,desbalanceo,0.5
1.899,0.00021541355748439347,0.02923756662964559,desbalanceo,0.5
1.9000000000000001,0.00019930876099444772,0.0388342274089807,desbalanceo,0.5
1.901,0.0002049269277872628,0.028199066507950392,desbalanceo,0.5
1.9020000000000001,0.00023244748916913135,0.0429413477994306,desbalanceo,0.5
1.903,0.00018954733816167014,0.03457962282473122,desbalanceo,0.5
1.9040000000000001,0.0002291477250779961,0.02948353588378102,desbalanceo,0.5
1.905,0.0001969934333321305,0.034707337421718706,desbalanceo,0.5
1.9060000000000001,0.000222037842631605,0.014195269374392885,desbalanceo,0.5
1.907,0.00017714698632638964,0.01831046829821728,desbalanceo,0.5
1.9080000000000001,0.00020764856990038792,0.017313251841639107,desbalanceo,0.5
1.909,0.00018519846416191268,0.030356536059193986,desbalanceo,0.5
1.9100000000000001,0.0001730085933238845,0.04592710005775781,desbalanceo,0.5
1.911,0.00019772124505115256,0.05059003567572918,desbalanceo,0.5
1.9120000000000001,0.0002089822295828996,0.03433286602912781,desbalanceo,0.5
1.913,0.00017801312881822841,0.032636354661970984,desbalanceo,0.5
1.9140000000000001,0.00016619238555677312,0.009293119008992518,desbalanceo,0.5
1.915,0.00018725143017049315,0.021552973771130086,desbalanceo,0.5
1.9160000000000001,0.00018588989770629676,0.018778116083574298,desbalanceo,0.5
1.917,0.0001945825374226126,0.020123943303397375,desbalanceo,0.5
1.9180000000000001,0.0001995081902172501,0.02432766806179622,desbalanceo,0.5
1.919,0.00018190095380586535,0.020965106136939433,desbalanceo,0.5
1.92,0.00021094734593515244,0.005570135603666093,desbalanceo,0.5
1.921,0.00018335769278056313,0.032519571608783,desbalanceo,0.5
1.922,0.0001726756659674567,0.01399058509323555,desbalanceo,0.5
1.923,0.00015088962680358714,0.026788238670572447,desbalanceo,0.5
1.924,0.00017080974995657038,0.044814557191375955,desbalanceo,0.5
1.925,0.0001680164471501632,0.014558048234668764,desbalanceo,0.5
1.926,0.00018708802402548293,-0.0018726168244711065,desbalanceo,0.5
1.927,0.00017748086392203717,0.020248778432959816,desbalanceo,0.5
1.928,0.00014958164592756616,0.03379717464431942,desbalanceo,0.5
1.929,0.00016945474977539618,0.04205000326743717,desbalanceo,0.5
1.93,0.00017572178513466414,0.009850173391517157,desbalanceo,0.5
1.931,0.00018767884410632131,0.026791989747823024,desbalanceo,0.5
1.932,0.00017572009762982578,0.016851406081521254,desbalanceo,0.5
1.933,0.00017194847671100574,0.02012472257761941,desbalanceo,0.5
1.934,0.00015899404919572755,0.04730751477989949,desbalanceo,0.5
1.935,0.00016246330014861712,0.005514430310096611,desbalanceo,0.5
1.936,0.00017443061529545076,0.022761756963392145,desbalanceo,0.5
1.937,0.00013140977694463404,0.024581690662753862,desbalanceo,0.5
1.938,0.00014529457513417048,0.03044319000296415,desbalanceo,0.5
1.939,0.0001367214897817049,0.02024589267555961,desbalanceo,0.5
1.94,0.00015327877639030477,0.0220274648664395,desbalanceo,0.5
1.941,0.00016502452942986014,0.014711533432963244,desbalanceo,0.5
1.942,0.00013400317671154044,0.021000506820165476,desbalanceo,0.5
1.943,0.00010350802059553985,0.014558688975128613,desbalanceo,0.5
1.944,0.0001332005001118728,0.023887858327640683,desbalanceo,0.5
1.945,0.00015246685655472396,0.013657714496613935,desbalanceo,0.5
1.946,0.00014455979276903328,0.020806648303148545,desbalanceo,0.5
1.947,0.00014089186191505146,0.016424988161323737,desbalanceo,0.5
1.948,0.00012765466559336294,0.027660233512567987,desbalanceo,0.5
1.949,0.00010976752428694737,0.015568048591746552,desbalanceo,0.5
1.95,0.00013646241769638544,-0.0019659465741809455,desbalanceo,0.5
1.951,0.00011295013465146577,0.02806612019202679,desbalanceo,0.5
1.952,0.0001591474806117082,0.00607224138722668,desbalanceo,0.5
1.953,0.00013139579856775839,0.008274689689515675,desbalanceo,0.5
1.954,0.00011100594963865836,0.008538655618157566,desbalanceo,0.5
1.955,0.00010848266404386034,0.027922689106654144,desbalanceo,0.5
1.956,0.00011471823000773287,-0.007495272885279711,desbalanceo,0.5
1.957,0.00011032330875782674,0.044922234461475294,desbalanceo,0.5
1.958,0.00012991248613010098,0.02378871320250707,desbalanceo,0.5
1.959,0.0001130088979722286,0.015144043680746056,desbalanceo,0.5
1.96,9.629828979390477e-05,0.01204633472384823,desbalanceo,0.5
1.961,0.00013608765350086474,0.015134543752724085,desbalanceo,0.5
1.962,0.00010462308381315903,0.017174060964648262,desbalanceo,0.5
1.963,0.00011402719666832588,0.018098928937025284,desbalanceo,0.5
1.964,8.995993547873927e-05,0.016886854170024525,desbalanceo,0.5
1.965,0.0001033755964570658,0.011910750105118535,desbalanceo,0.5
1.966,0.00010044964124988204,0.00872578753501806,desbalanceo,0.5
1.967,6.321374095698151e-05,0.00887075932143262,desbalanceo,0.5
1.968,0.0001234302517878607,0.008118819058675756,desbalanceo,0.5
1.969,0.00010973597341378764,0.021090099128118996,desbalanceo,0.5
1.97,8.066228062885507e-05,0.015372545579852862,desbalanceo,0.5
1.971,6.727617336084021e-05,-0.02028224658558605,desbalanceo,0.5
1.972,8.826813257025478e-05,0.015365387441618594,desbalanceo,0.5
1.973,8.193337309376556e-05,0.010438557353668812,desbalanceo,0.5
1.974,8.40526484212706e-05,0.007988996689572442,desbalanceo,0.5
1.975,7.925220371110287e-05,0.003975858989468683,desbalanceo,0.5
1.976,8.208477860542972e-05,0.018787197705637495,desbalanceo,0.5
1.977,9.491296608168012e-05,0.016706427130810206,desbalanceo,0.5
1.978,7.868830342734253e-05,-0.0008124598481607887,desbalanceo,0.5
1.979,5.066847087636451e-05,0.010672053635863706,desbalanceo,0.5
1.98,8.696962790268844e-05,-0.0034297657357457313,desbalanceo,0.5
1.981,8.919465662562826e-05,-0.007824054987074457,desbalanceo,0.5
1.982,0.00011109036995793093,-0.0006096690330666772,desbalanceo,0.5
1.983,4.059457806703052e-05,0.013966863283539679,desbalanceo,0.5
1.984,6.0154767929765195e-05,0.01455965044846424,desbalanceo,0.5
1.985,2.079512489745368e-05,0.009844769011331606,desbalanceo,0.5
1.986,6.061625537769524e-05,0.011650428167052808,desbalanceo,0.5
1.987,4.079285605931031e-05,0.00924684662177335,desbalanceo,0.5
1.988,7.80057606735826e-05,-0.002644123495015558,desbalanceo,0.5
1.989,3.269145171965541e-05,0.007775579155250837,desbalanceo,0.5
1.99,1.5841489886597345e-05,0.011146140046467926,desbalanceo,0.5
1.991,3.303419407931746e-05,0.010370676301611148,desbalanceo,0.5
1.992,6.778468936345648e-06,0.014402639339922158,desbalanceo,0.5
1.993,4.80643415640852e-05,0.009282308419743958,desbalanceo,0.5
1.994,8.791510722920285e-07,0.005399535334676602,desbalanceo,0.5
1.995,3.206875153845804e-05,0.012272355230746856,desbalanceo,0.5
1.996,-3.7772533307375973e-06,0.0009914534077860191,desbalanceo,0.5
1.997,2.205587393868455e-05,-0.007876256507562102,desbalanceo,0.5
1.998,5.1173115840911604e-05,-0.0010023474913317145,desbalanceo,0.5
1.999,2.846208620054905e-05,-0.007134866730530981,desbalanceo,0.5
