t,x,F,falla,severidad
0.0,-3.077621900042568e-05,0.004967141530112327,falla_engranaje,0.5
0.001,-6.584947100581603e-06,0.006151489402384948,falla_engranaje,0.5
0.002,-3.610951427844284e-05,0.021544670413239576,falla_engranaje,0.5
0.003,-1.4004842472917871e-05,0.0378307766718399,falla_engranaje,0.5
0.004,-8.623115154970267e-05,0.02779019824541634,falla_engranaje,0.5
0.005,9.89095275271302e-06,0.03531969761729744,falla_engranaje,0.5
0.006,3.4036359486318446e-07,0.060980132542329396,falla_engranaje,0.5
0.007,-3.6796064072989744e-05,0.060386411829097215,falla_engranaje,0.5
0.008,3.072244533917141e-05,0.05553802501756107,falla_engranaje,0.5
0.009000000000000001,4.3690284546564456e-05,0.07317523942517416,falla_engranaje,0.5
0.01,-7.19774507674477e-05,0.07062801992467664,falla_engranaje,0.5
0.011,-3.305219971377939e-05,0.07811266735277224,falla_engranaje,0.5
0.012,-3.2855826885872196e-05,0.09269208872521977,falla_engranaje,0.5
0.013000000000000001,-4.0066595258093344e-05,0.07863642122379813,falla_engranaje,0.5
0.014,4.124293079850062e-05,0.08801058359012198,falla_engranaje,0.5
0.015,-4.658264072833657e-06,0.10712073013494824,falla_engranaje,0.5
0.016,-7.046685760524676e-06,0.11009196837411822,falla_engranaje,0.5
0.017,-8.539056614257619e-05,0.13083178379855875,falla_engranaje,0.5
0.018000000000000002,3.597114871911725e-05,0.126069984249468,falla_engranaje,0.5
0.019,-4.8293800543248926e-05,0.128479513885557,falla_engranaje,0.5
0.02,1.2231752149831364e-05,0.1647023044514496,falla_engranaje,0.5
0.021,2.3590841153195426e-05,0.1552217891267086,falla_engranaje,0.5
0.022,7.457454220729987e-05,0.165578569568868,falla_engranaje,0.5
0.023,-4.5348106208224534e-05,0.15806907261257377,falla_engranaje,0.5
0.024,-0.00012141170630396752,0.1742750583597873,falla_engranaje,0.5
0.025,2.6676993290921522e-05,0.18821904054723515,falla_engranaje,0.5
0.026000000000000002,0.0001026128084495036,0.18297894074241547,falla_engranaje,0.5
0.027,7.943678156943905e-05,0.20561258751161055,falla_engranaje,0.5
0.028,3.512572085265642e-05,0.20320315757341148,falla_engranaje,0.5
0.029,5.960510978707355e-06,0.21363328915144875,falla_engranaje,0.5
0.03,6.815812403231383e-05,0.21786012779411826,falla_engranaje,0.5
0.031,-9.808173903426603e-06,0.24971276958205013,falla_engranaje,0.5
0.032,5.970248319156417e-05,0.23835317877894832,falla_engranaje,0.5
0.033,6.468089571654654e-05,0.2351941189087814,falla_engranaje,0.5
0.034,9.383871830758195e-05,0.26126421433269487,falla_engranaje,0.5
0.035,0.00017540450506676103,0.24808187311620375,falla_engranaje,0.5
0.036000000000000004,7.183616438185459e-05,0.26961404654763504,falla_engranaje,0.5
0.037,3.5323946023890376e-05,0.25514691778697357,falla_engranaje,0.5
0.038,6.217390373494917e-05,0.26866262700867255,falla_engranaje,0.5
0.039,-1.2244087110863228e-05,0.2910961827425256,falla_engranaje,0.5
0.04,4.203766217296842e-05,0.30367708967332324,falla_engranaje,0.5
0.041,6.0628127663676766e-05,0.30515228883055195,falla_engranaje,0.5
0.042,6.125021191547573e-05,0.3094091939561388,falla_engranaje,0.5
0.043000000000000003,9.821751322178297e-05,0.31466216111425,falla_engranaje,0.5
0.044,6.019674841936305e-05,0.30997551389448247,falla_engranaje,0.5
0.045,0.00015547337701224677,0.3246294078296223,falla_engranaje,0.5
0.046,0.00011135393385060764,0.3342677267402998,falla_engranaje,0.5
0.047,0.00011818173340143318,0.35647031983024274,falla_engranaje,0.5
0.048,0.00011122504507508023,0.3563385544951501,falla_engranaje,0.5
0.049,0.0001411239737357072,0.34225310953530524,falla_engranaje,0.5
0.05,0.00017984355958557114,0.37008293253115143,falla_engranaje,0.5
0.051000000000000004,0.00011119958807449384,0.36992687313911415,falla_engranaje,0.5
0.052000000000000005,0.00012953642382478408,0.37392068184336136,falla_engranaje,0.5
0.053,0.00015481961677401302,0.39369505725630427,falla_engranaje,0.5
0.054,0.0001167716716167724,0.4047524549773509,falla_engranaje,0.5
0.055,0.00015057150566800866,0.4105947879003216,falla_engranaje,0.5
0.056,0.00017634923285721432,0.3997042912206172,falla_engranaje,0.5
0.057,0.00024839467216912253,0.4117933689854858,falla_engranaje,0.5
0.058,0.00023132486472518497,0.42496129624333046,falla_engranaje,0.5
0.059000000000000004,0.00023934734786728608,0.43814102425263446,falla_engranaje,0.5
0.06,0.0002808316332372471,0.4303040851601366,falla_engranaje,0.5
0.061,0.00024766284488619947,0.43992244017723664,falla_engranaje,0.5
0.062,0.0002839560993269615,0.4373714375439517,falla_engranaje,0.5
0.063,0.00027403877603797904,0.4431006431872026,falla_engranaje,0.5
0.064,0.0003037768532656323,0.46978766728929894,falla_engranaje,0.5
0.065,0.0002784185429930921,0.4817959020296065,falla_engranaje,0.5
0.066,0.00020749533627131792,0.4740555046915464,falla_engranaje,0.5
0.067,0.0003265995077076137,0.4913236719113829,falla_engranaje,0.5
0.068,0.0004120109158592478,0.49138769741630123,falla_engranaje,0.5
0.069,0.0004041962378621329,0.4877730184142452,falla_engranaje,0.5
0.07,0.0004211776749653938,0.5042605657661596,falla_engranaje,0.5
0.07100000000000001,0.0004490926230671891,0.5224185175560492,falla_engranaje,0.5
0.07200000000000001,0.00041275668204218024,0.5130402186967081,falla_engranaje,0.5
0.073,0.0004340695798673014,0.5353736675933121,falla_engranaje,0.5
0.074,0.00041367209546223726,0.49982659961024156,falla_engranaje,0.5
0.075,0.0004445529317987873,0.5405076091140842,falla_engranaje,0.5
0.076,0.0005045408739996731,0.5393909513604791,falla_engranaje,0.5
0.077,0.0005492552904687241,0.5417293196392041,falla_engranaje,0.5
0.078,0.0005063200729264994,0.5518025852194445,falla_engranaje,0.5
0.079,0.0005108438378600575,0.5371412037988123,falla_engranaje,0.5
0.08,0.0005504609028374246,0.560918083455443,falla_engranaje,0.5
0.081,0.0005972963803533646,0.572749497467397,falla_engranaje,0.5
0.082,0.0005239288175121279,0.5899862112235613,falla_engranaje,0.5
0.083,0.0005053322481623035,0.5760184702742431,falla_engranaje,0.5
0.084,0.0006055576360235216,0.5790748173234854,falla_engranaje,0.5
0.085,0.000596053520951184,0.5880651231203525,falla_engranaje,0.5
0.08600000000000001,0.0006499677329432522,0.6081236979047738,falla_engranaje,0.5
0.08700000000000001,0.0006882251957966397,0.6081079012179598,falla_engranaje,0.5
0.088,0.0006965346461654237,0.6053369225772008,falla_engranaje,0.5
0.089,0.0008060296844909857,0.6215444490690933,falla_engranaje,0.5
0.09,0.0007777408583627276,0.6231226141934527,falla_engranaje,0.5
0.091,0.0007999636161731362,0.6375408683226208,falla_engranaje,0.5
0.092,0.0008384507666539018,0.6264986886014917,falla_engranaje,0.5
0.093,0.0007823926178656755,0.6358693300136914,falla_engranaje,0.5
0.094,0.000906271494116207,0.6408132459013973,falla_engranaje,0.5
0.095,0.0008804412517293584,0.6356489149272948,falla_engranaje,0.5
0.096,0.0009398255996096854,0.6587560860242747,falla_engranaje,0.5
0.097,0.0008861572575813475,0.6638770613975064,falla_engranaje,0.5
0.098,0.0008903345804820365,0.6667498038350504,falla_engranaje,0.5
0.099,0.0010249680268265417,0.6697452262019017,falla_engranaje,0.5
0.1,0.0010317568042678693,0.6632898224922423,falla_engranaje,0.5
0.101,0.001000768035000798,0.678549253563614,falla_engranaje,0.5
0.10200000000000001,0.0010298996755262692,0.6846002273749492,falla_engranaje,0.5
0.10300000000000001,0.0011488698837454306,0.685235502835768,falla_engranaje,0.5
0.10400000000000001,0.0010717523979849226,0.6968353110269534,falla_engranaje,0.5
0.105,0.0012296125093048322,0.7076373153857248,falla_engranaje,0.5
0.106,0.001142823060550032,0.7275658110541797,falla_engranaje,0.5
0.107,0.0012424930953038975,0.7155151465191183,falla_engranaje,0.5
0.108,0.0012283079692082949,0.7213683284454925,falla_engranaje,0.5
0.109,0.0013010396333516714,0.7230296341209265,falla_engranaje,0.5
0.11,0.0012793620720025457,0.7095252393908084,falla_engranaje,0.5
0.111,0.0013277079340629132,0.7333440416671461,falla_engranaje,0.5
0.112,0.0013683008593913732,0.7390648672722672,falla_engranaje,0.5
0.113,0.0013524114465146722,0.7679053163728616,falla_engranaje,0.5
0.114,0.0014638773581815746,0.7461163546559263,falla_engranaje,0.5
0.115,0.0014390858647740541,0.7557790436418914,falla_engranaje,0.5
0.116,0.001484768649871584,0.7570963974110587,falla_engranaje,0.5
0.117,0.001482907340384242,0.7503928249637538,falla_engranaje,0.5
0.11800000000000001,0.0014448033739450758,0.778099879692903,falla_engranaje,0.5
0.11900000000000001,0.0015865873741345991,0.7787387989719431,falla_engranaje,0.5
0.12,0.0017392934466658834,0.7836331953089852,falla_engranaje,0.5
0.121,0.001699436389164919,0.771087822092665,falla_engranaje,0.5
0.122,0.0016974586667975735,0.7986237019909934,falla_engranaje,0.5
0.123,0.0017213287043892373,0.7749463840937003,falla_engranaje,0.5
0.124,0.0017696271038483387,0.7991575115993595,falla_engranaje,0.5
0.125,0.0018291401861495085,0.8194722938110907,falla_engranaje,0.5
0.126,0.0017862831408922508,0.7918957673588563,falla_engranaje,0.5
0.127,0.0019271019430300205,0.8003259921215398,falla_engranaje,0.5
0.128,0.0019453945742982598,0.8111276215908811,falla_engranaje,0.5
0.129,0.001982275805818241,0.8091926479897442,falla_engranaje,0.5
0.13,0.0020065506879060548,0.8027710876296766,falla_engranaje,0.5
0.131,0.002024740699949729,0.8229675570705328,falla_engranaje,0.5
0.132,0.002092054345817384,0.8156168551052787,falla_engranaje,0.5
0.133,0.0021261478752641213,0.8348874169896006,falla_engranaje,0.5
0.134,0.0021210693421282504,0.8248223667083435,falla_engranaje,0.5
0.135,0.002149339460377152,0.8533344702298375,falla_engranaje,0.5
0.136,0.0022186486991006976,0.833774400415233,falla_engranaje,0.5
0.137,0.0023233713023392793,0.8421113090717237,falla_engranaje,0.5
0.138,0.002235259718643807,0.8571451691868908,falla_engranaje,0.5
0.139,0.0022640484789267844,0.8403324111054078,falla_engranaje,0.5
0.14,0.0023778645688256415,0.8584996023900558,falla_engranaje,0.5
0.14100000000000001,0.0024122892334918645,0.8728331823692583,falla_engranaje,0.5
0.14200000000000002,0.0024576950225956356,0.8471763932133691,falla_engranaje,0.5
0.14300000000000002,0.0025009311885609,0.868539674221638,falla_engranaje,0.5
0.14400000000000002,0.002519834587898764,0.8726868378488812,falla_engranaje,0.5
0.145,0.00263830107482059,0.8812534063883565,falla_engranaje,0.5
0.146,0.002537977223839079,0.8643652655744115,falla_engranaje,0.5
0.147,0.0026139094689852853,0.8667821670197015,falla_engranaje,0.5
0.148,0.002687839153580055,0.8884104173856465,falla_engranaje,0.5
0.149,0.002658665689929368,0.8893173722576723,falla_engranaje,0.5
0.15,0.002766720283716898,0.891961184592918,falla_engranaje,0.5
0.151,0.0028917802603312653,0.895981631511053,falla_engranaje,0.5
0.152,0.0028584413940278028,0.888729918723024,falla_engranaje,0.5
0.153,0.0029095697814493773,0.9008178074980907,falla_engranaje,0.5
0.154,0.0028832905307772595,0.9043431572115623,falla_engranaje,0.5
0.155,0.0029544260221541665,0.8971381113398014,falla_engranaje,0.5
0.156,0.0030073078173597375,0.9257605729072101,falla_engranaje,0.5
0.157,0.0030519160802123606,0.91461435107327,falla_engranaje,0.5
0.158,0.003166904433004766,0.9006881597186767,falla_engranaje,0.5
0.159,0.00317606502407865,0.9218438737270093,falla_engranaje,0.5
0.16,0.0031422091124744065,0.9081606297691107,falla_engranaje,0.5
0.161,0.003246396705856421,0.9283593673614469,falla_engranaje,0.5
0.162,0.00330021230464834,0.9346075225049589,falla_engranaje,0.5
0.163,0.0033718707232440383,0.917299768342632,falla_engranaje,0.5
0.164,0.0034343828490219484,0.9375773702885685,falla_engranaje,0.5
0.165,0.0033585367091029947,0.9344604459783712,falla_engranaje,0.5
0.166,0.0034103440157660543,0.9408942981840585,falla_engranaje,0.5
0.167,0.0034324999397422605,0.9539347446911848,falla_engranaje,0.5
0.168,0.003521694159107083,0.9347581409458939,falla_engranaje,0.5
0.169,0.00359616284529187,0.9318719915195666,falla_engranaje,0.5
0.17,0.003662438326311656,0.9326637028823733,falla_engranaje,0.5
0.171,0.0036564722244183216,0.9355024447189515,falla_engranaje,0.5
0.17200000000000001,0.0036878200526978084,0.9449434849153224,falla_engranaje,0.5
0.17300000000000001,0.003751742171695692,0.9511322821717126,falla_engranaje,0.5
0.17400000000000002,0.0037491393314556393,0.952446292957753,falla_engranaje,0.5
0.17500000000000002,0.003924786306972401,0.9598622624922134,falla_engranaje,0.5
0.176,0.0037985371081526403,0.9535839810246026,falla_engranaje,0.5
0.177,0.003922451764326079,0.9698053908022781,falla_engranaje,0.5
0.178,0.004048414097690105,0.9543921983661042,falla_engranaje,0.5
0.179,0.003998545369741355,0.9859618808475977,falla_engranaje,0.5
0.18,0.0040315530082140226,0.9666910721635422,falla_engranaje,0.5
0.181,0.004065815969257671,0.9534899049673904,falla_engranaje,0.5
0.182,0.00411566743355237,0.9529325991550396,falla_engranaje,0.5
0.183,0.004228118905396498,0.9699993471450961,falla_engranaje,0.5
0.184,0.004106238790265522,0.9644262468019117,falla_engranaje,0.5
0.185,0.004318341412889605,0.9752403856548923,falla_engranaje,0.5
0.186,0.004224776250276389,0.9742256230235071,falla_engranaje,0.5
0.187,0.004318620356838675,0.9701112933258343,falla_engranaje,0.5
0.188,0.004352139670807904,0.9636715641389199,falla_engranaje,0.5
0.189,0.0044392879269467105,0.9582446486684952,falla_engranaje,0.5
0.19,0.004380175190494082,0.9701354131871003,falla_engranaje,0.5
0.191,0.0045144532546716985,0.9843259400178018,falla_engranaje,0.5
0.192,0.004625828961468509,0.9790183557213797,falla_engranaje,0.5
0.193,0.004511389485726895,0.9654897066647316,falla_engranaje,0.5
0.194,0.004621924552562251,0.9807029268153339,falla_engranaje,0.5
0.195,0.004622626509510419,0.9838028021743407,falla_engranaje,0.5
0.196,0.0047115105846195484,0.9720441971230487,falla_engranaje,0.5
0.197,0.0047320312788971305,0.9833079462781837,falla_engranaje,0.5
0.198,0.004740733731582788,0.9831956388402655,falla_engranaje,0.5
0.199,0.004830773626999112,0.9719817936096854,falla_engranaje,0.5
0.2,0.004929073961500163,0.9877425630981099,falla_engranaje,0.5
0.201,0.004876141726858372,0.9904811387796582,falla_engranaje,0.5
0.202,0.004955392432248639,0.9963679878578675,falla_engranaje,0.5
0.203,0.0049010936756070005,0.9966954261257768,falla_engranaje,0.5
0.20400000000000001,0.00495362151542043,0.9729565643331435,falla_engranaje,0.5
0.20500000000000002,0.005055619518934873,0.9778869597577593,falla_engranaje,0.5
0.20600000000000002,0.005138278249683351,0.9929037957405175,falla_engranaje,0.5
0.20700000000000002,0.0051230592235696135,0.9933360007792562,falla_engranaje,0.5
0.20800000000000002,0.005128476894177454,0.9937499696109763,falla_engranaje,0.5
0.209,0.005178280263122024,1.0274850038274805,falla_engranaje,0.5
0.21,0.005156558757909543,0.9949818297184003,falla_engranaje,0.5
0.211,0.0052760207369920474,1.000901054416235,falla_engranaje,0.5
0.212,0.005323245336003025,0.9993153283014272,falla_engranaje,0.5
0.213,0.00529662269495976,0.9964767799279755,falla_engranaje,0.5
0.214,0.005329640410125049,0.9869555839395644,falla_engranaje,0.5
0.215,0.005396639803292382,0.9978014411579801,falla_engranaje,0.5
0.216,0.005397678334741962,0.982545247559084,falla_engranaje,0.5
0.217,0.005447238432378137,0.9879255603434508,falla_engranaje,0.5
0.218,0.00557822058635043,0.985419074514029,falla_engranaje,0.5
0.219,0.005503091516748514,0.9910293558790731,falla_engranaje,0.5
0.22,0.005529436419390733,1.0132542726753118,falla_engranaje,0.5
0.221,0.005547255420057265,0.9712915058044295,falla_engranaje,0.5
0.222,0.0056412651427530025,0.9966428617369105,falla_engranaje,0.5
0.223,0.0056292036775711495,0.9734290707680426,falla_engranaje,0.5
0.224,0.005637532433171399,0.9845729871211881,falla_engranaje,0.5
0.225,0.005756565994102067,0.9998782367191402,falla_engranaje,0.5
0.226,0.005789793661569226,0.9892885494760364,falla_engranaje,0.5
0.227,0.00572600025042823,0.9774861613401203,falla_engranaje,0.5
0.228,0.005696088634071614,0.9806895236969381,falla_engranaje,0.5
0.229,0.005854404073022293,0.9941788350892944,falla_engranaje,0.5
0.23,0.005804096701988032,0.9795810892689314,falla_engranaje,0.5
0.231,0.005897672380768627,0.9885130993735406,falla_engranaje,0.5
0.232,0.005797658719015357,0.986230111060844,falla_engranaje,0.5
0.233,0.005953469004580117,0.9786466536693674,falla_engranaje,0.5
0.234,0.005882379952105062,1.0059530144114899,falla_engranaje,0.5
0.23500000000000001,0.005995190435404042,0.9901666011379497,falla_engranaje,0.5
0.23600000000000002,0.005986314725458141,0.962853015109897,falla_engranaje,0.5
0.23700000000000002,0.005965426930336113,0.9842094809612187,falla_engranaje,0.5
0.23800000000000002,0.006013056992412496,0.9749313133187314,falla_engranaje,0.5
0.23900000000000002,0.0060850493044595,0.9892417737152741,falla_engranaje,0.5
0.24,0.0060802015114468705,0.971924798916872,falla_engranaje,0.5
0.241,0.006123072723394621,0.9777997949521431,falla_engranaje,0.5
0.242,0.006207019669805631,0.9830590582271671,falla_engranaje,0.5
0.243,0.006065562902584575,0.9856939245627636,falla_engranaje,0.5
0.244,0.006229957009030535,0.9640260471508949,falla_engranaje,0.5
0.245,0.006179799305822118,0.9716423813391324,falla_engranaje,0.5
0.246,0.006152290790224795,0.9691623615121494,falla_engranaje,0.5
0.247,0.006150251733580828,0.9662692783239916,falla_engranaje,0.5
0.248,0.006219302590169152,0.9893145028626812,falla_engranaje,0.5
0.249,0.006286386201773803,0.9745341018424397,falla_engranaje,0.5
0.25,0.006254430969636528,0.9566670065574013,falla_engranaje,0.5
0.251,0.006344393212300311,0.977213568578934,falla_engranaje,0.5
0.252,0.006224024580890708,0.9879834621421795,falla_engranaje,0.5
0.253,0.006303690883301246,0.9757816601439652,falla_engranaje,0.5
0.254,0.00626062872154786,0.9489268815838052,falla_engranaje,0.5
0.255,0.006347147500229942,0.9579105923414175,falla_engranaje,0.5
0.256,0.006383225948594672,0.9740234879998778,falla_engranaje,0.5
0.257,0.006335231069168139,0.9528485320545962,falla_engranaje,0.5
0.258,0.006246692889093736,0.9629039947359581,falla_engranaje,0.5
0.259,0.006384826693981745,0.9647227566300505,falla_engranaje,0.5
0.26,0.006405399102700146,0.9461880888138556,falla_engranaje,0.5
0.261,0.006413016404601381,0.9533138005868901,falla_engranaje,0.5
0.262,0.0064593696256948965,0.9199190473941123,falla_engranaje,0.5
0.263,0.006362017345859286,0.9404818413153287,falla_engranaje,0.5
0.264,0.006448980643259327,0.9465656890616281,falla_engranaje,0.5
0.265,0.0064788193143511625,0.9349511744690597,falla_engranaje,0.5
0.266,0.006349205751440171,0.9620630661448962,falla_engranaje,0.5
0.267,0.006450028727487346,0.9297201267256111,falla_engranaje,0.5
0.268,0.006417010382388628,0.9378766542985724,falla_engranaje,0.5
0.269,0.006440127724064199,0.9418133666934568,falla_engranaje,0.5
0.27,0.006462910286704988,0.9531211916083935,falla_engranaje,0.5
0.271,0.006427424779019775,0.9225263050629717,falla_engranaje,0.5
0.272,0.006420746279047062,0.9466673370586297,falla_engranaje,0.5
0.273,0.006454353625585133,0.9332634442449,falla_engranaje,0.5
0.274,0.006403838789388963,0.9214464193288815,falla_engranaje,0.5
0.275,0.006403835776048704,0.9339582487641289,falla_engranaje,0.5
0.276,0.00648356875294058,0.9293791738630238,falla_engranaje,0.5
0.277,0.00639884886916651,0.9194137652640646,falla_engranaje,0.5
0.278,0.006479534143447731,0.9241176465651318,falla_engranaje,0.5
0.279,0.006467524388993583,0.9175468570127832,falla_engranaje,0.5
0.28,0.0063643896846569134,0.9204925510057804,falla_engranaje,0.5
0.281,0.006408120712996794,0.9239134285359037,falla_engranaje,0.5
0.28200000000000003,0.006488729241603355,0.9310647368127759,falla_engranaje,0.5
0.28300000000000003,0.006384216032426337,0.9007169066593775,falla_engranaje,0.5
0.28400000000000003,0.006401748979137241,0.9322942785506521,falla_engranaje,0.5
0.28500000000000003,0.006437300680320512,0.8892906846189083,falla_engranaje,0.5
0.28600000000000003,0.006444607544756089,0.9051204090471231,falla_engranaje,0.5
0.28700000000000003,0.006389420716760959,0.9103275543221035,falla_engranaje,0.5
0.28800000000000003,0.0063649751233982145,0.9050401937146428,falla_engranaje,0.5
0.289,0.0064477197475044865,0.8937692890812102,falla_engranaje,0.5
0.29,0.006452161445763197,0.89566153367728,falla_engranaje,0.5
0.291,0.006406868879841678,0.890540027805079,falla_engranaje,0.5
0.292,0.0063548274313357574,0.8872848262028495,falla_engranaje,0.5
0.293,0.006302127592813496,0.8993644337213329,falla_engranaje,0.5
0.294,0.006288497831547994,0.8921103557418645,falla_engranaje,0.5
0.295,0.006336905111386664,0.8792650890504459,falla_engranaje,0.5
0.296,0.006318242829565403,0.8928267107067631,falla_engranaje,0.5
0.297,0.006348499069834556,0.8845231237371897,falla_engranaje,0.5
0.298,0.0062990613103217465,0.8871814026348573,falla_engranaje,0.5
0.299,0.006185062806609385,0.8829353057167914,falla_engranaje,0.5
0.3,0.006285058518548513,0.8659192323973233,falla_engranaje,0.5
0.301,0.0061745080597839916,0.8661618128886195,falla_engranaje,0.5
0.302,0.006184752083694302,0.8767756216689381,falla_engranaje,0.5
0.303,0.006195281064262648,0.8729304178197936,falla_engranaje,0.5
0.304,0.0062558438359169785,0.8641270413401589,falla_engranaje,0.5
0.305,0.006287012279895028,0.8630043307671277,falla_engranaje,0.5
0.306,0.006152667501456598,0.8720887076458568,falla_engranaje,0.5
0.307,0.00609580649406952,0.8508636927587966,falla_engranaje,0.5
0.308,0.006107055039233539,0.8597044182340444,falla_engranaje,0.5
0.309,0.006101071767428329,0.849652588564759,falla_engranaje,0.5
0.31,0.006023310757432891,0.8469261491152758,falla_engranaje,0.5
0.311,0.006096469133241401,0.8575068930022155,falla_engranaje,0.5
0.312,0.006001243107446619,0.8521775098126563,falla_engranaje,0.5
0.313,0.005988975911574563,0.849451063563096,falla_engranaje,0.5
0.314,0.005971591255267536,0.8517521149945215,falla_engranaje,0.5
0.315,0.005934827601940963,0.8362778029246082,falla_engranaje,0.5
0.316,0.00592765054493715,0.8402471478848192,falla_engranaje,0.5
0.317,0.005834499573652415,0.8276745577088159,falla_engranaje,0.5
0.318,0.005809842392687967,0.8313585858122493,falla_engranaje,0.5
0.319,0.005757232075129332,0.8241456142074329,falla_engranaje,0.5
0.32,0.005798940760581228,0.8237378868900016,falla_engranaje,0.5
0.321,0.0057853838369549375,0.8260314735773703,falla_engranaje,0.5
0.322,0.005741167357475563,0.8092010986931382,falla_engranaje,0.5
0.323,0.005766501248880141,0.8356023380491888,falla_engranaje,0.5
0.324,0.005659261203930782,0.8019055391353516,falla_engranaje,0.5
0.325,0.005658812297080076,0.7971034915432208,falla_engranaje,0.5
0.326,0.005546839695287951,0.8180988961691298,falla_engranaje,0.5
0.327,0.005546707418069342,0.811699895929977,falla_engranaje,0.5
0.328,0.005563299895277903,0.807283345996194,falla_engranaje,0.5
0.329,0.005537039507280609,0.804578203217586,falla_engranaje,0.5
0.33,0.005451174895654225,0.7954189250076289,falla_engranaje,0.5
0.331,0.00542705519343764,0.7838098594197568,falla_engranaje,0.5
0.332,0.005326380312738775,0.7907761449701651,falla_engranaje,0.5
0.333,0.005344055170300441,0.780477183006797,falla_engranaje,0.5
0.334,0.005365195932519548,0.7942260198173657,falla_engranaje,0.5
0.335,0.005314633044629494,0.7802259082925982,falla_engranaje,0.5
0.336,0.005274570562980551,0.7706591211167956,falla_engranaje,0.5
0.337,0.005216892093925074,0.7729141095075361,falla_engranaje,0.5
0.338,0.005177363170139422,0.7774677320644922,falla_engranaje,0.5
0.339,0.005108917389985298,0.7649085055990135,falla_engranaje,0.5
0.34,0.005132409390144965,0.7595280723539645,falla_engranaje,0.5
0.341,0.005080847166350949,0.7673891710416332,falla_engranaje,0.5
0.342,0.005044764748105444,0.7646017888019542,falla_engranaje,0.5
0.343,0.004958627442549262,0.7542806193842219,falla_engranaje,0.5
0.34400000000000003,0.004844311678993848,0.7518360005391675,falla_engranaje,0.5
0.34500000000000003,0.004951934919495311,0.75606191852435,falla_engranaje,0.5
0.34600000000000003,0.004839163725768523,0.7364546112060554,falla_engranaje,0.5
0.34700000000000003,0.004780339641601638,0.734054147177633,falla_engranaje,0.5
0.34800000000000003,0.0048095665402832005,0.7381372608227178,falla_engranaje,0.5
0.34900000000000003,0.004717999083842287,0.7403800284668349,falla_engranaje,0.5
0.35000000000000003,0.004741731115425478,0.7428165404532382,falla_engranaje,0.5
0.35100000000000003,0.004678740764387109,0.7516544466533571,falla_engranaje,0.5
0.352,0.0046386413279945705,0.742671640234458,falla_engranaje,0.5
0.353,0.00450176300318793,0.7296908409333399,falla_engranaje,0.5
0.354,0.004575493450348459,0.728296549869445,falla_engranaje,0.5
0.355,0.004488064934542513,0.7156594861406208,falla_engranaje,0.5
0.356,0.0044149175476577845,0.7226995748641852,falla_engranaje,0.5
0.357,0.0043935750617474095,0.7172001791564219,falla_engranaje,0.5
0.358,0.004261071234000494,0.7205184154241556,falla_engranaje,0.5
0.359,0.0043153770704034995,0.7062260594402068,falla_engranaje,0.5
0.36,0.004204270144194086,0.7169019154098887,falla_engranaje,0.5
0.361,0.004143714386593659,0.724249128388117,falla_engranaje,0.5
0.362,0.004089916617700855,0.7050508973048117,falla_engranaje,0.5
0.363,0.00416372620717347,0.7073761066788982,falla_engranaje,0.5
0.364,0.004037786052435717,0.7074849094075171,falla_engranaje,0.5
0.365,0.00408961987804146,0.6937999900007032,falla_engranaje,0.5
0.366,0.003948307398258687,0.6972863433783134,falla_engranaje,0.5
0.367,0.003847715705311273,0.692409315993718,falla_engranaje,0.5
0.368,0.0038272587551778535,0.6905031244913603,falla_engranaje,0.5
0.369,0.003886904522847113,0.6790444813038587,falla_engranaje,0.5
0.37,0.0037757017963814293,0.6842733841512147,falla_engranaje,0.5
0.371,0.003709874434401585,0.686267697199039,falla_engranaje,0.5
0.372,0.0036940584721786517,0.6930645492838597,falla_engranaje,0.5
0.373,0.003661390497078886,0.685417423283581,falla_engranaje,0.5
0.374,0.003641072635387688,0.694634577574177,falla_engranaje,0.5
0.375,0.003607665980541689,0.6627139821537187,falla_engranaje,0.5
0.376,0.003476622808014983,0.6764022637541119,falla_engranaje,0.5
0.377,0.0033838435902062906,0.6668111972294064,falla_engranaje,0.5
0.378,0.0033766056583575356,0.6841818691576758,falla_engranaje,0.5
0.379,0.0033583960906875873,0.6515144824902732,falla_engranaje,0.5
0.38,0.0032535997938952523,0.6485216525924836,falla_engranaje,0.5
0.381,0.0032048129461202963,0.6482543449428295,falla_engranaje,0.5
0.382,0.003214948742569506,0.6303469210658088,falla_engranaje,0.5
0.383,0.0031478233572925294,0.6436743505874394,falla_engranaje,0.5
0.384,0.0031022363931492744,0.6386952185452413,falla_engranaje,0.5
0.385,0.0030168214019287774,0.6451539527271618,falla_engranaje,0.5
0.386,0.0029915138022036545,0.6444400703415935,falla_engranaje,0.5
0.387,0.0029104894954375235,0.6571659385675481,falla_engranaje,0.5
0.388,0.002943797288563775,0.6452996070301962,falla_engranaje,0.5
0.389,0.0029010239439666266,0.6274270816038444,falla_engranaje,0.5
0.39,0.0027203064224780985,0.6216225212888009,falla_engranaje,0.5
0.391,0.0027127258545399107,0.6329463962985837,falla_engranaje,0.5
0.392,0.0026375400453412775,0.6122555793499195,falla_engranaje,0.5
0.393,0.002626818235924252,0.6412135567802396,falla_engranaje,0.5
0.394,0.0026033857311951306,0.6321449565865188,falla_engranaje,0.5
0.395,0.002491923524265138,0.6131210884327594,falla_engranaje,0.5
0.396,0.0024668618057647374,0.598154664373636,falla_engranaje,0.5
0.397,0.0024140647900140868,0.6263089421201798,falla_engranaje,0.5
0.398,0.0024203030895528525,0.6091202385474839,falla_engranaje,0.5
0.399,0.0023651429021023067,0.6201505915802862,falla_engranaje,0.5
0.4,0.0022803186139997195,0.589346476121527,falla_engranaje,0.5
0.401,0.0022726227991198135,0.5968270164752325,falla_engranaje,0.5
0.402,0.002191100603864061,0.6004150614016716,falla_engranaje,0.5
0.403,0.002155221210392602,0.5983862826961441,falla_engranaje,0.5
0.404,0.002195608778218684,0.5909818169859289,falla_engranaje,0.5
0.405,0.002132303353685019,0.5992892534653055,falla_engranaje,0.5
0.406,0.0019639966602190417,0.5799752616685129,falla_engranaje,0.5
0.40700000000000003,0.0020132552991032598,0.5868309511559519,falla_engranaje,0.5
0.40800000000000003,0.0019647886300259857,0.5870736863917407,falla_engranaje,0.5
0.40900000000000003,0.0018280176934048391,0.5886439392614411,falla_engranaje,0.5
0.41000000000000003,0.00187043280485087,0.5882574870255941,falla_engranaje,0.5
0.41100000000000003,0.0018561761441226083,0.5675497977696594,falla_engranaje,0.5
0.41200000000000003,0.0016880788594428849,0.5611231741231234,falla_engranaje,0.5
0.41300000000000003,0.0016508071345380851,0.5869225184045999,falla_engranaje,0.5
0.41400000000000003,0.0016926285652162363,0.5751637793174115,falla_engranaje,0.5
0.41500000000000004,0.0016124754325601693,0.5620642318727415,falla_engranaje,0.5
0.41600000000000004,0.0015793425963553317,0.5827827553598982,falla_engranaje,0.5
0.417,0.0015240959710017842,0.566163908859724,falla_engranaje,0.5
0.418,0.0014810206631761529,0.5745499549568709,falla_engranaje,0.5
0.419,0.001357667916740444,0.5611959842789336,falla_engranaje,0.5
0.42,0.0014210792869008458,0.5789061897927986,falla_engranaje,0.5
0.421,0.0013821623049798924,0.5736442206787038,falla_engranaje,0.5
0.422,0.001274221282675018,0.5514075559308527,falla_engranaje,0.5
0.423,0.001238838009370893,0.5614336652774453,falla_engranaje,0.5
0.424,0.001127489327908254,0.5560069334675591,falla_engranaje,0.5
0.425,0.001177513986855654,0.5610892511853048,falla_engranaje,0.5
0.426,0.0011372824776730978,0.5356180865839355,falla_engranaje,0.5
0.427,0.0010658477990363004,0.550006922744328,falla_engranaje,0.5
0.428,0.0010777538687157578,0.5516245157047125,falla_engranaje,0.5
0.429,0.0009694595506370116,0.521361585695696,falla_engranaje,0.5
0.43,0.0009689678923898763,0.5250400204190824,falla_engranaje,0.5
0.431,0.0008556519375263643,0.5144188891859727,falla_engranaje,0.5
0.432,0.0008603169650585122,0.5300707905829303,falla_engranaje,0.5
0.433,0.000813076306792585,0.5379090310578835,falla_engranaje,0.5
0.434,0.0007913216271934099,0.5437410862189994,falla_engranaje,0.5
0.435,0.0007246462018721542,0.5274575813024145,falla_engranaje,0.5
0.436,0.0006963502545681971,0.5410171672983843,falla_engranaje,0.5
0.437,0.0007012718415826352,0.508959683063645,falla_engranaje,0.5
0.438,0.0006054066706209606,0.5037719104074648,falla_engranaje,0.5
0.439,0.0005141927358771837,0.5183106871991235,falla_engranaje,0.5
0.44,0.0006297083013492901,0.5207826781701573,falla_engranaje,0.5
0.441,0.0005759042425437714,0.514706400673935,falla_engranaje,0.5
0.442,0.0004174553354140676,0.4924657484964366,falla_engranaje,0.5
0.443,0.0004716666475988071,0.5103713162173867,falla_engranaje,0.5
0.444,0.0003816218066438763,0.4963557204314886,falla_engranaje,0.5
0.445,0.00038133543006175905,0.5142506144302583,falla_engranaje,0.5
0.446,0.00034798206592133446,0.5093889396113089,falla_engranaje,0.5
0.447,0.0002896149861313019,0.4945088392789505,falla_engranaje,0.5
0.448,0.00023078435897583497,0.49696927389461354,falla_engranaje,0.5
0.449,0.00020172665265333627,0.4897317509401679,falla_engranaje,0.5
0.45,0.00015862429674743105,0.4979286837668716,falla_engranaje,0.5
0.451,0.00013014981438993494,0.5063541374434894,falla_engranaje,0.5
0.452,0.00013319147245478927,0.48520834673827956,falla_engranaje,0.5
0.453,7.232652568517308e-05,0.4983846184600714,falla_engranaje,0.5
0.454,0.00010525599485375215,0.4863357731833408,falla_engranaje,0.5
0.455,0.0001116943379311649,0.4820194610408465,falla_engranaje,0.5
0.456,-1.2281878633040044e-05,0.48720336084025956,falla_engranaje,0.5
0.457,-4.1452823812068e-06,0.47626233970219767,falla_engranaje,0.5
0.458,-2.0965409271519256e-05,0.47943497729930085,falla_engranaje,0.5
0.459,-5.03793008059419e-05,0.47136499053679154,falla_engranaje,0.5
0.46,-9.604717794801689e-05,0.501378891558514,falla_engranaje,0.5
0.461,-9.271725156366522e-05,0.4804876953909158,falla_engranaje,0.5
0.462,-0.00013108382265559723,0.47155674778791534,falla_engranaje,0.5
0.463,-0.0002354235613010017,0.4791282400838077,falla_engranaje,0.5
0.464,-0.00016477204159377786,0.4743150627516355,falla_engranaje,0.5
0.465,-0.00018876098380135337,0.47169398005155627,falla_engranaje,0.5
0.466,-0.00028824560167511686,0.4785260700634797,falla_engranaje,0.5
0.467,-0.0002753961738785536,0.4784555624354928,falla_engranaje,0.5
0.468,-0.00026906522659817016,0.4640868697892297,falla_engranaje,0.5
0.46900000000000003,-0.00033226158387048845,0.46216036423297174,falla_engranaje,0.5
0.47000000000000003,-0.00029574172071757663,0.4637099176727959,falla_engranaje,0.5
0.47100000000000003,-0.0002582465318616853,0.44199828424034737,falla_engranaje,0.5
0.47200000000000003,-0.00042259646637195203,0.4484377677952856,falla_engranaje,0.5
0.47300000000000003,-0.0004699172263917736,0.47584567041479736,falla_engranaje,0.5
0.47400000000000003,-0.00041271705769234493,0.47722886397892333,falla_engranaje,0.5
0.47500000000000003,-0.00041266565402987436,0.45690603581925393,falla_engranaje,0.5
0.47600000000000003,-0.0004744661092907057,0.46379406349099195,falla_engranaje,0.5
0.47700000000000004,-0.00041548319100703443,0.4597879168749274,falla_engranaje,0.5
0.47800000000000004,-0.0005599183226940561,0.4861259018178234,falla_engranaje,0.5
0.47900000000000004,-0.00048386387971215383,0.4652092088814134,falla_engranaje,0.5
0.48,-0.0005589843064038982,0.45142526581714537,falla_engranaje,0.5
0.481,-0.00046830496945098965,0.44185456115080857,falla_engranaje,0.5
0.482,-0.00047055974295088696,0.4340654916180949,falla_engranaje,0.5
0.483,-0.0006104342670946296,0.45089896713395666,falla_engranaje,0.5
0.484,-0.0006140381659415856,0.44004950491517575,falla_engranaje,0.5
0.485,-0.0005626943490829591,0.43215337916900654,falla_engranaje,0.5
0.486,-0.0006318069699283756,0.4386872280320125,falla_engranaje,0.5
0.487,-0.0006279090475375765,0.4331285663343113,falla_engranaje,0.5
0.488,-0.000635751978460426,0.4596205110675701,falla_engranaje,0.5
0.489,-0.0007348623203042862,0.45038440726081763,falla_engranaje,0.5
0.49,-0.0006578087013197211,0.4403209704967741,falla_engranaje,0.5
0.491,-0.0006978085484079172,0.4540465012406422,falla_engranaje,0.5
0.492,-0.0006974164329874665,0.4388806829601535,falla_engranaje,0.5
0.493,-0.000617077014203507,0.4283675742724599,falla_engranaje,0.5
0.494,-0.0007474837761512412,0.4510984470490493,falla_engranaje,0.5
0.495,-0.0006598506154828591,0.44015636547479076,falla_engranaje,0.5
0.496,-0.0007157119684468532,0.4233080241995334,falla_engranaje,0.5
0.497,-0.0007212139595120439,0.4307033727982482,falla_engranaje,0.5
0.498,-0.0006772932957044007,0.42278979324327115,falla_engranaje,0.5
0.499,-0.0007020684108930628,0.416670024326188,falla_engranaje,0.5
0.5,-0.0006951853600287392,0.43872455802475596,falla_engranaje,0.5
0.501,-0.0006800905581647628,0.44753430843902414,falla_engranaje,0.5
0.502,-0.0007417133653436847,0.41344430601790455,falla_engranaje,0.5
0.503,-0.00075629523023639,0.43206187392377765,falla_engranaje,0.5
0.504,-0.000779042551934046,0.41894019379149755,falla_engranaje,0.5
0.505,-0.0007677869056314995,0.41960191797363355,falla_engranaje,0.5
0.506,-0.000595719952138922,0.41758777383723333,falla_engranaje,0.5
0.507,-0.0006727892148463196,0.41392220841539146,falla_engranaje,0.5
0.508,-0.00078990091160986,0.4221094683284346,falla_engranaje,0.5
0.509,-0.0007867913276381312,0.41238848920978294,falla_engranaje,0.5
0.51,-0.0007021443053447554,0.4224877672009563,falla_engranaje,0.5
0.511,-0.000696173901849212,0.41837736291954525,falla_engranaje,0.5
0.512,-0.0006925179505571614,0.41559800980492423,falla_engranaje,0.5
0.513,-0.0007249838148737657,0.40803066424720286,falla_engranaje,0.5
0.514,-0.0007143300299736537,0.4104683241240806,falla_engranaje,0.5
0.515,-0.0006883383399783942,0.42293047236897,falla_engranaje,0.5
0.516,-0.0006934603011571309,0.41953689948380635,falla_engranaje,0.5
0.517,-0.0007920396861766358,0.4039138447453216,falla_engranaje,0.5
0.518,-0.0006942901528014793,0.413854747800733,falla_engranaje,0.5
0.519,-0.000714992965557023,0.41955753601440793,falla_engranaje,0.5
0.52,-0.0006599968058417962,0.39454191766364166,falla_engranaje,0.5
0.521,-0.0005231470521603363,0.41587179562656273,falla_engranaje,0.5
0.522,-0.0006331588401424185,0.40302394747386777,falla_engranaje,0.5
0.523,-0.0006543296538803665,0.4145777805966314,falla_engranaje,0.5
0.524,-0.000587602201850557,0.4004702768191126,falla_engranaje,0.5
0.525,-0.0005966538981183756,0.3892944344336936,falla_engranaje,0.5
0.526,-0.0005880130511615207,0.39031737650104553,falla_engranaje,0.5
0.527,-0.0005674850262302006,0.4063321988483327,falla_engranaje,0.5
0.528,-0.0004888619920878091,0.4077159695490257,falla_engranaje,0.5
0.529,-0.0006210808379652369,0.39535166260310123,falla_engranaje,0.5
0.53,-0.0005343465822608625,0.4100653684292636,falla_engranaje,0.5
0.531,-0.0005840514511722005,0.38635722936349304,falla_engranaje,0.5
0.532,-0.0005018809690772439,0.40161282882450927,falla_engranaje,0.5
0.533,-0.0005539543712651091,0.3894727109023505,falla_engranaje,0.5
0.534,-0.0005154841151323922,0.3943816448515055,falla_engranaje,0.5
0.535,-0.0004938023021758798,0.40069884941244693,falla_engranaje,0.5
0.536,-0.00041927253865387963,0.39095314551036275,falla_engranaje,0.5
0.537,-0.0004048040447595964,0.39505153501833357,falla_engranaje,0.5
0.538,-0.0004858936594095605,0.40830705903954956,falla_engranaje,0.5
0.539,-0.0004085689498556352,0.3918293155317384,falla_engranaje,0.5
0.54,-0.0004249065335272956,0.4053161543021861,falla_engranaje,0.5
0.541,-0.00043095098719445047,0.3850298914566534,falla_engranaje,0.5
0.542,-0.00036404319057682655,0.40099928800443324,falla_engranaje,0.5
0.543,-0.0003483289486584722,0.4094976089597662,falla_engranaje,0.5
0.544,-0.00020331276016631545,0.36975237489463264,falla_engranaje,0.5
0.545,-0.0002734185575710897,0.38589281484231897,falla_engranaje,0.5
0.546,-0.00033475751102001085,0.39903131573773837,falla_engranaje,0.5
0.547,-0.00027608850344815536,0.39063467594855444,falla_engranaje,0.5
0.548,-0.00018174768111766298,0.39578666039434235,falla_engranaje,0.5
0.549,-0.00011065445789201154,0.38545078594737975,falla_engranaje,0.5
0.55,-0.00025528361786077413,0.39177716352942116,falla_engranaje,0.5
0.551,-0.00024542472085685104,0.3887801398325246,falla_engranaje,0.5
0.552,-5.080008575417136e-05,0.4014452246841477,falla_engranaje,0.5
0.553,-9.428219131943492e-05,0.391746776072152,falla_engranaje,0.5
0.554,-0.00012719303627489227,0.39201825557742853,falla_engranaje,0.5
0.555,-3.844214684260603e-05,0.3839674441596105,falla_engranaje,0.5
0.556,-0.00015778890988158917,0.3826582855676207,falla_engranaje,0.5
0.557,-1.1972093173837513e-05,0.38266087442457547,falla_engranaje,0.5
0.558,2.8681480808348192e-05,0.39038688594900955,falla_engranaje,0.5
0.559,8.207638184580682e-05,0.38169205275682155,falla_engranaje,0.5
0.56,2.027346055237312e-05,0.38826262897921904,falla_engranaje,0.5
0.561,9.726324073337337e-05,0.40558514596474315,falla_engranaje,0.5
0.562,7.837410254082946e-05,0.3930117421805121,falla_engranaje,0.5
0.5630000000000001,0.00015972427399254066,0.3805125414594016,falla_engranaje,0.5
0.5640000000000001,0.0001351040962373938,0.39525994699197037,falla_engranaje,0.5
0.5650000000000001,0.0001854486403297033,0.3786446593215554,falla_engranaje,0.5
0.5660000000000001,0.0001870845861994068,0.3618241722919336,falla_engranaje,0.5
0.5670000000000001,0.0002908500631937189,0.37160678356573523,falla_engranaje,0.5
0.5680000000000001,0.00032925059833867283,0.3624640062041452,falla_engranaje,0.5
0.5690000000000001,0.00030862605049154193,0.37714294446084634,falla_engranaje,0.5
0.5700000000000001,0.0003505087942934898,0.38033011776607617,falla_engranaje,0.5
0.5710000000000001,0.0003124269176164546,0.3963996884237661,falla_engranaje,0.5
0.5720000000000001,0.0003947367901868341,0.38239532314576175,falla_engranaje,0.5
0.5730000000000001,0.0004362892951213712,0.3764269574215408,falla_engranaje,0.5
0.5740000000000001,0.0005884439780038872,0.3864049377483863,falla_engranaje,0.5
0.5750000000000001,0.0004489179842553945,0.35549328107568,falla_engranaje,0.5
0.5760000000000001,0.0005971660958911426,0.3794551924299121,falla_engranaje,0.5
0.577,0.0006068739989092773,0.3843025997795984,falla_engranaje,0.5
0.578,0.000605430791134623,0.36130330297058677,falla_engranaje,0.5
0.579,0.000704182160636242,0.3870220687911279,falla_engranaje,0.5
0.58,0.0006725337471961538,0.3784648299435368,falla_engranaje,0.5
0.581,0.000705034615081403,0.3704221285704837,falla_engranaje,0.5
0.582,0.000716752881477774,0.38039760283989954,falla_engranaje,0.5
0.583,0.0008069736486820708,0.3962709547240757,falla_engranaje,0.5
0.584,0.0008333589991363634,0.3748762276309653,falla_engranaje,0.5
0.585,0.0007871799324415703,0.37503243894148847,falla_engranaje,0.5
0.586,0.0007880086078295856,0.36744825389606667,falla_engranaje,0.5
0.587,0.0008714448112113031,0.3630338442573656,falla_engranaje,0.5
0.588,0.0008768802917546671,0.37932470056665113,falla_engranaje,0.5
0.589,0.0009431975966896823,0.3619480228561263,falla_engranaje,0.5
0.59,0.0010353297687146197,0.37071034210392295,falla_engranaje,0.5
0.591,0.0009909835972118676,0.3647020602086026,falla_engranaje,0.5
0.592,0.0010428467239391105,0.37375036144562895,falla_engranaje,0.5
0.593,0.001080473380586578,0.37177692439944543,falla_engranaje,0.5
0.594,0.0011495866796686104,0.37829309353857,falla_engranaje,0.5
0.595,0.0010416282769599343,0.3622924112832026,falla_engranaje,0.5
0.596,0.0011495614723332037,0.3641660382723225,falla_engranaje,0.5
0.597,0.0012200368939691232,0.3565465356911631,falla_engranaje,0.5
0.598,0.0012983077921596862,0.3613576410005175,falla_engranaje,0.5
0.599,0.001254382380613766,0.369036838461345,falla_engranaje,0.5
0.6,0.0012244637715636577,0.3722936834678166,falla_engranaje,0.5
0.601,0.0013714415123401683,0.35495865737328863,falla_engranaje,0.5
0.602,0.0013474044825506567,0.3723292794381773,falla_engranaje,0.5
0.603,0.001355282100693292,0.3766387526070619,falla_engranaje,0.5
0.604,0.0014141693539260285,0.36666196995421313,falla_engranaje,0.5
0.605,0.0014672999139976447,0.3807367691657281,falla_engranaje,0.5
0.606,0.0014811853841174322,0.3536679036324262,falla_engranaje,0.5
0.607,0.0014411993035629892,0.3483918800671904,falla_engranaje,0.5
0.608,0.001615526478341634,0.342479356610864,falla_engranaje,0.5
0.609,0.0016655544285235802,0.3746504895893796,falla_engranaje,0.5
0.61,0.0016698581816427685,0.36565240188467835,falla_engranaje,0.5
0.611,0.0016209337021435906,0.35796666629433505,falla_engranaje,0.5
0.612,0.0016961374145544339,0.36073089443602513,falla_engranaje,0.5
0.613,0.001737442078210049,0.3460798003166912,falla_engranaje,0.5
0.614,0.0017973247508326737,0.38119034194029205,falla_engranaje,0.5
0.615,0.001832662405951245,0.3574176766963793,falla_engranaje,0.5
0.616,0.001800774171613483,0.35660643094427835,falla_engranaje,0.5
0.617,0.0018698730422240697,0.362151408149551,falla_engranaje,0.5
0.618,0.0019187243032657687,0.3590792007429405,falla_engranaje,0.5
0.619,0.0019958277209199456,0.3558772910277379,falla_engranaje,0.5
0.62,0.0019930004394561164,0.3450968941248204,falla_engranaje,0.5
0.621,0.002028091451658192,0.3570732268382724,falla_engranaje,0.5
0.622,0.002026992532574124,0.3705292821573182,falla_engranaje,0.5
0.623,0.002118326749184864,0.36450719506712914,falla_engranaje,0.5
0.624,0.002103388535591603,0.36632215744430996,falla_engranaje,0.5
0.625,0.002075939210355777,0.34460864735756447,falla_engranaje,0.5
0.626,0.002209423461611138,0.3391483640049046,falla_engranaje,0.5
0.627,0.0022072965587533766,0.3471031265786264,falla_engranaje,0.5
0.628,0.0021850787922758582,0.3482276858976627,falla_engranaje,0.5
0.629,0.0022129633816421017,0.3579145339222957,falla_engranaje,0.5
0.63,0.0022776380868937277,0.3293427805398734,falla_engranaje,0.5
0.631,0.0023142719739056806,0.3608502510768714,falla_engranaje,0.5
0.632,0.0023309243690911034,0.343254391352506,falla_engranaje,0.5
0.633,0.002364629773713155,0.33983767364168077,falla_engranaje,0.5
0.634,0.0024561523818311436,0.3332496379603023,falla_engranaje,0.5
0.635,0.002455436502121533,0.3260783892576081,falla_engranaje,0.5
0.636,0.0024429056962918757,0.3501069082085717,falla_engranaje,0.5
0.637,0.002504440104900547,0.34184849752956126,falla_engranaje,0.5
0.638,0.0024414802987006642,0.3274475921544345,falla_engranaje,0.5
0.639,0.002533373671876892,0.3266199649962914,falla_engranaje,0.5
0.64,0.00262406407498059,0.33542802779461317,falla_engranaje,0.5
0.641,0.002557671014901029,0.3546826866329381,falla_engranaje,0.5
0.642,0.002554662578593493,0.33459453479157336,falla_engranaje,0.5
0.643,0.0025889300388607594,0.3213482836488598,falla_engranaje,0.5
0.644,0.0025939828811202526,0.33310274479880275,falla_engranaje,0.5
0.645,0.0026325127733367037,0.33200451065124215,falla_engranaje,0.5
0.646,0.0026756640895994528,0.3069254725830661,falla_engranaje,0.5
0.647,0.0026523686304252966,0.33250491972243884,falla_engranaje,0.5
0.648,0.0027406479970216646,0.3298829059905441,falla_engranaje,0.5
0.649,0.0028041808714792116,0.33828947006611404,falla_engranaje,0.5
0.65,0.002744408363006409,0.34894281528530613,falla_engranaje,0.5
0.651,0.002877392418227518,0.3408353678050939,falla_engranaje,0.5
0.652,0.00285339403057493,0.3259878333973848,falla_engranaje,0.5
0.653,0.002898659348535269,0.3167089299011231,falla_engranaje,0.5
0.654,0.0028428536641073713,0.35259564978919367,falla_engranaje,0.5
0.655,0.002932536934042092,0.3265324230634374,falla_engranaje,0.5
0.656,0.002864155181425646,0.32514797485676383,falla_engranaje,0.5
0.657,0.0029744256039317806,0.32382606451877477,falla_engranaje,0.5
0.658,0.002961166635570885,0.32509692262579953,falla_engranaje,0.5
0.659,0.002997605670962472,0.320711294595964,falla_engranaje,0.5
0.66,0.002937413632036378,0.3154471062663012,falla_engranaje,0.5
0.661,0.0029683649318360096,0.31473391028664516,falla_engranaje,0.5
0.662,0.0030540960261007596,0.3188836298991075,falla_engranaje,0.5
0.663,0.0030008960974843802,0.3127754131030685,falla_engranaje,0.5
0.664,0.0030820273376956546,0.3100694842678393,falla_engranaje,0.5
0.665,0.0030149155074570815,0.31724025846318826,falla_engranaje,0.5
0.666,0.0031317433640601073,0.3125938826522075,falla_engranaje,0.5
0.667,0.0030522736198641954,0.3291409216346252,falla_engranaje,0.5
0.668,0.0031485359631385572,0.2865382246036782,falla_engranaje,0.5
0.669,0.003166298609676331,0.32289947390009655,falla_engranaje,0.5
0.67,0.00311994878389882,0.32337125149848295,falla_engranaje,0.5
0.671,0.003191691872272832,0.2890919646959567,falla_engranaje,0.5
0.672,0.003189990087170625,0.3053038955461797,falla_engranaje,0.5
0.673,0.0031660069378973686,0.30391067009493505,falla_engranaje,0.5
0.674,0.003156542541680585,0.2924336396728857,falla_engranaje,0.5
0.675,0.0031244913771273242,0.2976036080200046,falla_engranaje,0.5
0.676,0.0032408124389917688,0.2931383469593574,falla_engranaje,0.5
0.677,0.003163952094401125,0.32061842645904765,falla_engranaje,0.5
0.678,0.0032495232658286415,0.3112933845294504,falla_engranaje,0.5
0.679,0.0032425665708147606,0.3134822699724016,falla_engranaje,0.5
0.68,0.0032944167819733534,0.30680277784662846,falla_engranaje,0.5
0.681,0.0032580759786025033,0.28710407936330207,falla_engranaje,0.5
0.682,0.003264676707582162,0.29194711991118844,falla_engranaje,0.5
0.683,0.0033203832929248243,0.30087296527381935,falla_engranaje,0.5
0.684,0.0033090992714556538,0.28253399822353,falla_engranaje,0.5
0.685,0.0033144972100349447,0.30065046681531243,falla_engranaje,0.5
0.686,0.0033272141495266187,0.28987157628054616,falla_engranaje,0.5
0.687,0.0032410401108238047,0.2872701054874402,falla_engranaje,0.5
0.6880000000000001,0.0033501948178309214,0.2968605281077035,falla_engranaje,0.5
0.6890000000000001,0.003347756060722962,0.29291530597637927,falla_engranaje,0.5
0.6900000000000001,0.0032771063241037617,0.2835738852214696,falla_engranaje,0.5
0.6910000000000001,0.0033153973838519397,0.2974768505170019,falla_engranaje,0.5
0.6920000000000001,0.003327249340707601,0.27376206038977274,falla_engranaje,0.5
0.6930000000000001,0.0033249044168389267,0.28941033247486514,falla_engranaje,0.5
0.6940000000000001,0.003347711084767298,0.28784942124104845,falla_engranaje,0.5
0.6950000000000001,0.003398660362678161,0.2774795359748879,falla_engranaje,0.5
0.6960000000000001,0.003383098108511554,0.2824820936521695,falla_engranaje,0.5
0.6970000000000001,0.003273810301517265,0.26534457595113825,falla_engranaje,0.5
0.6980000000000001,0.0033612706555470797,0.28572013124232776,falla_engranaje,0.5
0.6990000000000001,0.0033922318685608104,0.27324420784926184,falla_engranaje,0.5
0.7000000000000001,0.0033474921956012822,0.26846860572317166,falla_engranaje,0.5
0.7010000000000001,0.003377245703959171,0.28277779511363005,falla_engranaje,0.5
0.7020000000000001,0.0034163550374165575,0.2638254166805574,falla_engranaje,0.5
0.7030000000000001,0.0033678686724672056,0.2553547006714787,falla_engranaje,0.5
0.704,0.003328589950621399,0.2524328186970605,falla_engranaje,0.5
0.705,0.0033603212429038428,0.27260837282749806,falla_engranaje,0.5
0.706,0.003314198982379304,0.2522825399902209,falla_engranaje,0.5
0.707,0.00330305268338839,0.2811627659799455,falla_engranaje,0.5
0.708,0.003279775827505677,0.24131298617477134,falla_engranaje,0.5
0.709,0.0033603478034706985,0.2776038023544642,falla_engranaje,0.5
0.71,0.0032445264025704307,0.2612459128232252,falla_engranaje,0.5
0.711,0.0033439012517865216,0.25665468816245074,falla_engranaje,0.5
0.712,0.003288520920552581,0.2506483336231461,falla_engranaje,0.5
0.713,0.003193093455822257,0.2585542591854043,falla_engranaje,0.5
0.714,0.0032642442662181633,0.2526416389891228,falla_engranaje,0.5
0.715,0.0031418411290455297,0.2624958551148869,falla_engranaje,0.5
0.716,0.0032556320821290367,0.2510397750589688,falla_engranaje,0.5
0.717,0.003256501345762311,0.24982504193304894,falla_engranaje,0.5
0.718,0.0031776562295089228,0.24310034465687178,falla_engranaje,0.5
0.719,0.003198266179867175,0.24457142472462326,falla_engranaje,0.5
0.72,0.003269166052833167,0.2466133413128368,falla_engranaje,0.5
0.721,0.0031439717133390655,0.22481816933228715,falla_engranaje,0.5
0.722,0.00310517002852913,0.22681267586281317,falla_engranaje,0.5
0.723,0.0032068574040369094,0.24609205696684167,falla_engranaje,0.5
0.724,0.0032141457473375845,0.23872322909297375,falla_engranaje,0.5
0.725,0.003109716475637091,0.2335202380834391,falla_engranaje,0.5
0.726,0.003140007585608373,0.23388031254022779,falla_engranaje,0.5
0.727,0.003138900383746615,0.23549816568535925,falla_engranaje,0.5
0.728,0.0030272595833637636,0.2249416711832338,falla_engranaje,0.5
0.729,0.003021835170061759,0.2208637559181011,falla_engranaje,0.5
0.73,0.0030824143101437296,0.22890348024991986,falla_engranaje,0.5
0.731,0.0030849717396964653,0.21545028889629458,falla_engranaje,0.5
0.732,0.003015189238205639,0.22759637433589536,falla_engranaje,0.5
0.733,0.002930306922671743,0.2047587602264396,falla_engranaje,0.5
0.734,0.003041380287469252,0.2303379013158513,falla_engranaje,0.5
0.735,0.0029065175295902614,0.22302514895708145,falla_engranaje,0.5
0.736,0.002894894527840834,0.2191034640325262,falla_engranaje,0.5
0.737,0.00290476180948875,0.22460531680098822,falla_engranaje,0.5
0.738,0.002938528193169629,0.22965972522705053,falla_engranaje,0.5
0.739,0.0028846943184453683,0.2213666761017621,falla_engranaje,0.5
0.74,0.002842318637404657,0.1910237374045471,falla_engranaje,0.5
0.741,0.0028217111615052417,0.19483781409478534,falla_engranaje,0.5
0.742,0.0027793003438990847,0.1995781934027964,falla_engranaje,0.5
0.743,0.002779027573518755,0.20427186946486997,falla_engranaje,0.5
0.744,0.002614115275552816,0.20736400768672508,falla_engranaje,0.5
0.745,0.0026912986540728223,0.19309841233757905,falla_engranaje,0.5
0.746,0.0026907910993678877,0.2003840226426864,falla_engranaje,0.5
0.747,0.002601875117936357,0.1891152001426974,falla_engranaje,0.5
0.748,0.0026460806774141294,0.1886987955471355,falla_engranaje,0.5
0.749,0.0025928622831379194,0.17888467735125602,falla_engranaje,0.5
0.75,0.0026554960256641455,0.18184874348985136,falla_engranaje,0.5
0.751,0.0026200611242736447,0.1756865939193733,falla_engranaje,0.5
0.752,0.0024996013926946166,0.17755975259728254,falla_engranaje,0.5
0.753,0.002486031085523284,0.19596273531443553,falla_engranaje,0.5
0.754,0.0024612244395480283,0.17403305488352352,falla_engranaje,0.5
0.755,0.0024153176255479374,0.2079445933480145,falla_engranaje,0.5
0.756,0.0024157405006635427,0.18464079259241428,falla_engranaje,0.5
0.757,0.002342880530680315,0.17963603824212854,falla_engranaje,0.5
0.758,0.0022961448666924426,0.16727749685329046,falla_engranaje,0.5
0.759,0.0023459419004538736,0.18093101810706858,falla_engranaje,0.5
0.76,0.0023157800704574653,0.1662319465643307,falla_engranaje,0.5
0.761,0.0022196063173005845,0.1712625042382371,falla_engranaje,0.5
0.762,0.0022659266429989377,0.19369112441313874,falla_engranaje,0.5
0.763,0.0021648531073251557,0.16517146157350143,falla_engranaje,0.5
0.764,0.0021733976811123493,0.17566060188827357,falla_engranaje,0.5
0.765,0.0021671533975183284,0.15516605781943488,falla_engranaje,0.5
0.766,0.002095821957631538,0.1598721558200171,falla_engranaje,0.5
0.767,0.0020853674244248567,0.17594865168379126,falla_engranaje,0.5
0.768,0.002008094529116434,0.1499840869384912,falla_engranaje,0.5
0.769,0.0019893881687752055,0.1723859853876144,falla_engranaje,0.5
0.77,0.001955389623157743,0.15934151492745946,falla_engranaje,0.5
0.771,0.0018969059721619325,0.1446367012587729,falla_engranaje,0.5
0.772,0.0018887713819355986,0.1545778225501806,falla_engranaje,0.5
0.773,0.0017918673385129455,0.155966794302394,falla_engranaje,0.5
0.774,0.0018054469628464242,0.15044210915470327,falla_engranaje,0.5
0.775,0.0017799843090720445,0.12649990446086076,falla_engranaje,0.5
0.776,0.0017461780391172057,0.13290443247383296,falla_engranaje,0.5
0.777,0.001711483651478399,0.13566990963918468,falla_engranaje,0.5
0.778,0.0016840790366217159,0.13536582208037123,falla_engranaje,0.5
0.779,0.001672926905739811,0.14027783641738922,falla_engranaje,0.5
0.78,0.0016548990163394563,0.13380511392881733,falla_engranaje,0.5
0.781,0.0015491779703404257,0.11662780954117218,falla_engranaje,0.5
0.782,0.001487502526740871,0.13173267349056414,falla_engranaje,0.5
0.783,0.001458201577592766,0.13198241940670008,falla_engranaje,0.5
0.784,0.0014466639581497325,0.12941689154798383,falla_engranaje,0.5
0.785,0.001415828101774586,0.13256591112062985,falla_engranaje,0.5
0.786,0.0013596039653181189,0.12803326792567418,falla_engranaje,0.5
0.787,0.0012982999247140368,0.12221874991739569,falla_engranaje,0.5
0.788,0.0012991163493780498,0.11485528994751223,falla_engranaje,0.5
0.789,0.0012905564991664703,0.09687456624635489,falla_engranaje,0.5
0.79,0.0012716370014431895,0.11570495267019018,falla_engranaje,0.5
0.791,0.0011811922895378325,0.11140774480340315,falla_engranaje,0.5
0.792,0.0011497377307440255,0.10996639284889934,falla_engranaje,0.5
0.793,0.0010881663896702642,0.09240063122892352,falla_engranaje,0.5
0.794,0.0010907009791966912,0.09227297724394606,falla_engranaje,0.5
0.795,0.001015070613957335,0.11152854746859944,falla_engranaje,0.5
0.796,0.0010413804470099347,0.09851313205273671,falla_engranaje,0.5
0.797,0.00089527909208723,0.10363368157606934,falla_engranaje,0.5
0.798,0.0009216380976968079,0.09501031393660668,falla_engranaje,0.5
0.799,0.000913032168415559,0.09293175010968976,falla_engranaje,0.5
0.8,0.0008688956790312512,0.0999228268595404,falla_engranaje,0.5
0.801,0.0009444252550271653,0.08328422187898274,falla_engranaje,0.5
0.802,0.0007987194780175717,0.08730957642753429,falla_engranaje,0.5
0.803,0.0006980655928733823,0.07962847336846342,falla_engranaje,0.5
0.804,0.0007005001944769055,0.07780841872643757,falla_engranaje,0.5
0.805,0.0005848713982011187,0.07696325076628921,falla_engranaje,0.5
0.806,0.0006231225901349452,0.08017747611638806,falla_engranaje,0.5
0.807,0.0005497686081798901,0.07106953313916586,falla_engranaje,0.5
0.808,0.0005904036227188068,0.08631531527288125,falla_engranaje,0.5
0.809,0.000484569996689021,0.06271240847915015,falla_engranaje,0.5
0.81,0.0004652484239296668,0.06769062442965697,falla_engranaje,0.5
0.811,0.0004025625913835177,0.06306316052999966,falla_engranaje,0.5
0.812,0.0004717761200143325,0.07983178995544694,falla_engranaje,0.5
0.8130000000000001,0.00033889092233587315,0.06522964739782476,falla_engranaje,0.5
0.8140000000000001,0.0003981314113561567,0.07148532068904967,falla_engranaje,0.5
0.8150000000000001,0.0003128267161909273,0.044214872818597026,falla_engranaje,0.5
0.8160000000000001,0.0002588569466863643,0.05964554431782232,falla_engranaje,0.5
0.8170000000000001,0.00021491280963826682,0.06377701663193718,falla_engranaje,0.5
0.8180000000000001,0.00017735098403335608,0.05361045530833022,falla_engranaje,0.5
0.8190000000000001,3.290864301732118e-05,0.061350703190213796,falla_engranaje,0.5
0.8200000000000001,6.952883241003095e-05,0.04343281352934944,falla_engranaje,0.5
0.8210000000000001,8.232194222006271e-05,0.06061062257244753,falla_engranaje,0.5
0.8220000000000001,3.226944490782383e-06,0.06741936775719251,falla_engranaje,0.5
0.8230000000000001,-9.681508676639852e-05,0.03871716379422938,falla_engranaje,0.5
0.8240000000000001,-7.324966303898125e-05,0.035807747541176285,falla_engranaje,0.5
0.8250000000000001,-3.116679594814075e-05,0.05271603692666874,falla_engranaje,0.5
0.8260000000000001,-8.986001481223782e-05,0.05189966421332476,falla_engranaje,0.5
0.8270000000000001,-0.00018722660297110395,0.028799559012001152,falla_engranaje,0.5
0.8280000000000001,-0.00017859055335777275,0.02775310784292366,falla_engranaje,0.5
0.8290000000000001,-0.00027608370946346746,0.0270666806622495,falla_engranaje,0.5
0.8300000000000001,-0.00037431140130319976,0.014372439694848626,falla_engranaje,0.5
0.8310000000000001,-0.0003758995546576532,0.016565843508861207,falla_engranaje,0.5
0.8320000000000001,-0.00029947943185369274,0.013649505850992867,falla_engranaje,0.5
0.833,-0.0004200037786366531,0.013954752495393862,falla_engranaje,0.5
0.834,-0.0004552313842210623,0.019231089114602026,falla_engranaje,0.5
0.835,-0.0004942441304734697,0.019868820904816644,falla_engranaje,0.5
0.836,-0.00043002598693768067,0.030984069765958695,falla_engranaje,0.5
0.837,-0.0004787404151039705,0.0034517006381416145,falla_engranaje,0.5
0.838,-0.00048754092435581,0.021238554812893093,falla_engranaje,0.5
0.839,-0.0006315384635355791,0.007219573692683733,falla_engranaje,0.5
0.84,-0.0006462002309551669,0.006833125122911336,falla_engranaje,0.5
0.841,-0.0007639690986432778,0.012048552541404831,falla_engranaje,0.5
0.842,-0.0006624402145289435,-0.0079498460763385,falla_engranaje,0.5
0.843,-0.0008176809440659852,0.005083034289484101,falla_engranaje,0.5
0.844,-0.0007890165345318218,0.0009096920436374098,falla_engranaje,0.5
0.845,-0.0008831085089251423,0.0021607096659113202,falla_engranaje,0.5
0.846,-0.0008938654965325298,-0.0018761728657738647,falla_engranaje,0.5
0.847,-0.0009388531989551616,0.017786124214168527,falla_engranaje,0.5
0.848,-0.0009617797046231394,-0.015138135458631564,falla_engranaje,0.5
0.849,-0.0009917446067297662,-0.016059284015537488,falla_engranaje,0.5
0.85,-0.0010249855390797903,-0.01896389974796602,falla_engranaje,0.5
0.851,-0.0009945519319143096,-0.020264928514145318,falla_engranaje,0.5
0.852,-0.0011151564505662167,-0.02305605682576546,falla_engranaje,0.5
0.853,-0.0010867070499916162,-0.006758297370145038,falla_engranaje,0.5
0.854,-0.0010729024407338701,-0.006403830688811802,falla_engranaje,0.5
0.855,-0.0011831509209265976,-0.028270765383909473,falla_engranaje,0.5
0.856,-0.001223502910637002,-0.03283519266413088,falla_engranaje,0.5
0.857,-0.0012319951208485224,-0.021739608487807007,falla_engranaje,0.5
0.858,-0.0011980975000089459,-0.03391180268856972,falla_engranaje,0.5
0.859,-0.0012730829341164897,-0.023989632818335056,falla_engranaje,0.5
0.86,-0.0013358691245846635,-0.03021256062709147,falla_engranaje,0.5
0.861,-0.0013189777332917542,-0.049315424517295,falla_engranaje,0.5
0.862,-0.0014203232727157318,-0.020592369264701215,falla_engranaje,0.5
0.863,-0.0013677159625797312,-0.02001122162363295,falla_engranaje,0.5
0.864,-0.001408474511876308,-0.04599349640409853,falla_engranaje,0.5
0.865,-0.001469093199813792,-0.04563116634378784,falla_engranaje,0.5
0.866,-0.001520893034727314,-0.040776865360348795,falla_engranaje,0.5
0.867,-0.0015503255173075989,-0.042165045506036426,falla_engranaje,0.5
0.868,-0.0015123968975816688,-0.04079088994379475,falla_engranaje,0.5
0.869,-0.0015072422849461127,-0.029133532373125423,falla_engranaje,0.5
0.87,-0.0016184053882458288,-0.05285672285308593,falla_engranaje,0.5
0.871,-0.001594163916343574,-0.06091422668521604,falla_engranaje,0.5
0.872,-0.0017355081958483356,-0.06856068537250107,falla_engranaje,0.5
0.873,-0.001691966294633817,-0.06390517312415557,falla_engranaje,0.5
0.874,-0.0016912919088505588,-0.05874756971025001,falla_engranaje,0.5
0.875,-0.0017555032387773218,-0.042283104340341215,falla_engranaje,0.5
0.876,-0.0017804784141642617,-0.06720904409079274,falla_engranaje,0.5
0.877,-0.0017915722589140763,-0.061591075526676795,falla_engranaje,0.5
0.878,-0.0017707510487035177,-0.0657808957561784,falla_engranaje,0.5
0.879,-0.0018151330339250958,-0.05551204693216989,falla_engranaje,0.5
0.88,-0.001930722079799555,-0.0438974840356156,falla_engranaje,0.5
0.881,-0.0019470330024008782,-0.0762377563854091,falla_engranaje,0.5
0.882,-0.001899267017058322,-0.07757707250610858,falla_engranaje,0.5
0.883,-0.0018715625983124686,-0.06398594648845113,falla_engranaje,0.5
0.884,-0.0020380546118177606,-0.06934470535773822,falla_engranaje,0.5
0.885,-0.0019555505844000435,-0.05942372125416833,falla_engranaje,0.5
0.886,-0.0019762706745789504,-0.07376971901747197,falla_engranaje,0.5
0.887,-0.0019080653816197252,-0.08491108448132606,falla_engranaje,0.5
0.888,-0.00200752867943039,-0.07711165996706373,falla_engranaje,0.5
0.889,-0.0019907078538529766,-0.07362202624257472,falla_engranaje,0.5
0.89,-0.0020194686755947624,-0.07818583159169677,falla_engranaje,0.5
0.891,-0.0021403142477519066,-0.08299017197540283,falla_engranaje,0.5
0.892,-0.0020250211847926067,-0.07905902319592625,falla_engranaje,0.5
0.893,-0.002066606246309262,-0.07968620376687063,falla_engranaje,0.5
0.894,-0.0020691849943059184,-0.07920142543095927,falla_engranaje,0.5
0.895,-0.0019288527334668077,-0.08817017401477974,falla_engranaje,0.5
0.896,-0.0022178253410117302,-0.09795305039140982,falla_engranaje,0.5
0.897,-0.0020587625209728387,-0.09642960732592304,falla_engranaje,0.5
0.898,-0.002164580948996103,-0.08743674728222509,falla_engranaje,0.5
0.899,-0.0021520204289362612,-0.1092664463209791,falla_engranaje,0.5
0.9,-0.00218037448767379,-0.09899571235224718,falla_engranaje,0.5
0.901,-0.0022103660494023846,-0.10819123733336726,falla_engranaje,0.5
0.902,-0.0022292744379073574,-0.10553579898210626,falla_engranaje,0.5
0.903,-0.002200091393216473,-0.09459406863750205,falla_engranaje,0.5
0.904,-0.002295619230177292,-0.10701282803573192,falla_engranaje,0.5
0.905,-0.0022031354017833476,-0.10999452697256552,falla_engranaje,0.5
0.906,-0.002266744207073679,-0.12558232231460084,falla_engranaje,0.5
0.907,-0.0023092565052319908,-0.10603584237999263,falla_engranaje,0.5
0.908,-0.002287773799627026,-0.10854785757145691,falla_engranaje,0.5
0.909,-0.002219005926740705,-0.09486413477604959,falla_engranaje,0.5
0.91,-0.0023092868143303816,-0.12105806690297667,falla_engranaje,0.5
0.911,-0.002276652093482762,-0.1172619639352727,falla_engranaje,0.5
0.912,-0.00233394931541088,-0.11842235490825168,falla_engranaje,0.5
0.913,-0.002273266725272236,-0.10659388868488506,falla_engranaje,0.5
0.914,-0.0022832801305345397,-0.12476307664662906,falla_engranaje,0.5
0.915,-0.00223651510845453,-0.12245104248086719,falla_engranaje,0.5
0.916,-0.002334564134321988,-0.12058283368063182,falla_engranaje,0.5
0.917,-0.0023014153078140384,-0.12620562283402828,falla_engranaje,0.5
0.918,-0.002332296053338954,-0.13393531095160782,falla_engranaje,0.5
0.919,-0.002282114950428636,-0.128918653854911,falla_engranaje,0.5
0.92,-0.0023779160054016083,-0.12150110786650198,falla_engranaje,0.5
0.921,-0.0023146838609108284,-0.14386971849241603,falla_engranaje,0.5
0.922,-0.002360572662164732,-0.13363125497369924,falla_engranaje,0.5
0.923,-0.0023572327569115034,-0.14330777128015645,falla_engranaje,0.5
0.924,-0.0023522673332287045,-0.1256909141544282,falla_engranaje,0.5
0.925,-0.0023466448026913523,-0.15419725498364484,falla_engranaje,0.5
0.926,-0.002364709121143133,-0.1458677819446484,falla_engranaje,0.5
0.927,-0.002350458680425798,-0.13780877974834352,falla_engranaje,0.5
0.928,-0.0022887001016972247,-0.12721713775274962,falla_engranaje,0.5
0.929,-0.0023156573204194623,-0.14481049332903181,falla_engranaje,0.5
0.93,-0.0023204552640186103,-0.15097472197203632,falla_engranaje,0.5
0.931,-0.00237990055755293,-0.12787000707424764,falla_engranaje,0.5
0.932,-0.0023982920493746565,-0.16240967625089875,falla_engranaje,0.5
0.933,-0.002312402342580796,-0.17115465961568035,falla_engranaje,0.5
0.934,-0.002313786357823048,-0.14599261815626596,falla_engranaje,0.5
0.935,-0.002283948812066249,-0.1566285653591128,falla_engranaje,0.5
0.936,-0.002375542424398154,-0.16302470920794399,falla_engranaje,0.5
0.937,-0.0023549955043766163,-0.14692227311832706,falla_engranaje,0.5
0.9380000000000001,-0.0024153663662466332,-0.15275038837028446,falla_engranaje,0.5
0.9390000000000001,-0.0023542061521378095,-0.1620008453755377,falla_engranaje,0.5
0.9400000000000001,-0.002286159945889681,-0.17032387808910654,falla_engranaje,0.5
0.9410000000000001,-0.002347718277804834,-0.14994615470312975,falla_engranaje,0.5
0.9420000000000001,-0.002291722248431264,-0.15330773785453305,falla_engranaje,0.5
0.9430000000000001,-0.0023236511899204894,-0.1619296681353456,falla_engranaje,0.5
0.9440000000000001,-0.0022938423013301812,-0.14358884959647286,falla_engranaje,0.5
0.9450000000000001,-0.002354167393414978,-0.17386254098107717,falla_engranaje,0.5
0.9460000000000001,-0.0022908108017494926,-0.1795125975140777,falla_engranaje,0.5
0.9470000000000001,-0.002423501787124821,-0.1722612742548144,falla_engranaje,0.5
0.9480000000000001,-0.002287765601031139,-0.16687211478012948,falla_engranaje,0.5
0.9490000000000001,-0.0023452743426151377,-0.16504615403946235,falla_engranaje,0.5
0.9500000000000001,-0.0022073080478260715,-0.17094445692336757,falla_engranaje,0.5
0.9510000000000001,-0.0022177928969510825,-0.16605336661573217,falla_engranaje,0.5
0.9520000000000001,-0.0022225342520350803,-0.18312043949119888,falla_engranaje,0.5
0.9530000000000001,-0.002164686948685203,-0.1571878497908608,falla_engranaje,0.5
0.9540000000000001,-0.0022671196094188684,-0.17345681105883518,falla_engranaje,0.5
0.9550000000000001,-0.002133697494297917,-0.16246152566833608,falla_engranaje,0.5
0.9560000000000001,-0.002159974233363975,-0.1711958263505504,falla_engranaje,0.5
0.9570000000000001,-0.002202008733235523,-0.1710335858701164,falla_engranaje,0.5
0.9580000000000001,-0.0021278704120281386,-0.17087095865343296,falla_engranaje,0.5
0.9590000000000001,-0.0022181224162379303,-0.17304856855046571,falla_engranaje,0.5
0.96,-0.002192994739801603,-0.17204499411717777,falla_engranaje,0.5
0.961,-0.0021705291673108813,-0.16611684582601952,falla_engranaje,0.5
0.962,-0.002153937341418117,-0.1783689290610788,falla_engranaje,0.5
0.963,-0.0021646903180390408,-0.17415953279265572,falla_engranaje,0.5
0.964,-0.0020471588043702283,-0.1830520580396517,falla_engranaje,0.5
0.965,-0.002100770225315353,-0.16864840329404837,falla_engranaje,0.5
0.966,-0.0020586469301742964,-0.1906981603075673,falla_engranaje,0.5
0.967,-0.0020861448136291587,-0.1667993274930743,falla_engranaje,0.5
0.968,-0.0021282602556489494,-0.18607468510703237,falla_engranaje,0.5
0.969,-0.0020177841660283793,-0.20083515751524916,falla_engranaje,0.5
0.97,-0.002101797076353778,-0.18609063953977306,falla_engranaje,0.5
0.971,-0.002002021181857299,-0.19501650424914888,falla_engranaje,0.5
0.972,-0.0020452460460192415,-0.18062393474175492,falla_engranaje,0.5
0.973,-0.0018759971705745052,-0.19637112421461708,falla_engranaje,0.5
0.974,-0.0019084760087123617,-0.19511141890548872,falla_engranaje,0.5
0.975,-0.001928374542608723,-0.2103399335814659,falla_engranaje,0.5
0.976,-0.0018585215537812428,-0.19675282953899903,falla_engranaje,0.5
0.977,-0.0019373877265041197,-0.21724415612336484,falla_engranaje,0.5
0.978,-0.0018564904734766836,-0.2096104033175109,falla_engranaje,0.5
0.979,-0.0018543842280681125,-0.18692371694662285,falla_engranaje,0.5
0.98,-0.0018334540457770063,-0.18741688822450475,falla_engranaje,0.5
0.981,-0.001769248668237495,-0.19175794123104195,falla_engranaje,0.5
0.982,-0.0017753806406706817,-0.20641057007672345,falla_engranaje,0.5
0.983,-0.0017769149704026607,-0.19793694393857947,falla_engranaje,0.5
0.984,-0.0018466054036238677,-0.19820567375059717,falla_engranaje,0.5
0.985,-0.0017958201677431545,-0.21045397692577392,falla_engranaje,0.5
0.986,-0.0017383418189546019,-0.1845279609339404,falla_engranaje,0.5
0.987,-0.001708982219960982,-0.19147093685615207,falla_engranaje,0.5
0.988,-0.0017450416306820315,-0.2031278899345321,falla_engranaje,0.5
0.989,-0.0015636909503547827,-0.2013142226641774,falla_engranaje,0.5
0.99,-0.0015844173952129733,-0.20015530310896598,falla_engranaje,0.5
0.991,-0.0016058339048961754,-0.22330382117479838,falla_engranaje,0.5
0.992,-0.0016095786384209274,-0.20599695370052712,falla_engranaje,0.5
0.993,-0.0016019664892436363,-0.21097517174591726,falla_engranaje,0.5
0.994,-0.0016149633637489854,-0.21479319767760777,falla_engranaje,0.5
0.995,-0.0015471779067949328,-0.20820126563619748,falla_engranaje,0.5
0.996,-0.001517959575916955,-0.18801833823937103,falla_engranaje,0.5
0.997,-0.0015651635969593778,-0.20018347116977386,falla_engranaje,0.5
0.998,-0.0014720364598987102,-0.2128922221615595,falla_engranaje,0.5
0.999,-0.0014729270706097801,-0.20203505478530176,falla_engranaje,0.5
1.0,-0.0015312728614585206,-0.19433977896747326,falla_engranaje,0.5
1.0010000000000001,-0.0014618651370272029,-0.19965153106562653,falla_engranaje,0.5
1.002,-0.0014197161917090132,-0.20885826687729042,falla_engranaje,0.5
1.0030000000000001,-0.0012929268698649396,-0.2164728942982385,falla_engranaje,0.5
1.004,-0.0013316192601543133,-0.20356258856799014,falla_engranaje,0.5
1.0050000000000001,-0.001395788530569357,-0.20714368906235373,falla_engranaje,0.5
1.006,-0.0012905958942439678,-0.2026528455486067,falla_engranaje,0.5
1.0070000000000001,-0.0013610327072913644,-0.2057718965567915,falla_engranaje,0.5
1.008,-0.001218824517772462,-0.20213961537524086,falla_engranaje,0.5
1.0090000000000001,-0.0012672504123126056,-0.21849180361462928,falla_engranaje,0.5
1.01,-0.001227581084157725,-0.2004626914454481,falla_engranaje,0.5
1.0110000000000001,-0.0011403601190655924,-0.2121507796196243,falla_engranaje,0.5
1.012,-0.001236890975631624,-0.19385736549281377,falla_engranaje,0.5
1.0130000000000001,-0.0012192763789583064,-0.22197819864444698,falla_engranaje,0.5
1.014,-0.0011595263886435324,-0.19819626973337473,falla_engranaje,0.5
1.0150000000000001,-0.0010628911821445074,-0.21403972229701115,falla_engranaje,0.5
1.016,-0.0011567443961061955,-0.222989362233008,falla_engranaje,0.5
1.0170000000000001,-0.0011938375484034343,-0.22176391754220914,falla_engranaje,0.5
1.018,-0.0010625536055583677,-0.22057203005849274,falla_engranaje,0.5
1.0190000000000001,-0.000994086449558524,-0.21356411245953932,falla_engranaje,0.5
1.02,-0.0009417742596094719,-0.2130084461178454,falla_engranaje,0.5
1.0210000000000001,-0.0009948491672936092,-0.22439874173069138,falla_engranaje,0.5
1.022,-0.0009697572152351983,-0.21932423793343397,falla_engranaje,0.5
1.0230000000000001,-0.0008756951298572179,-0.19807104687744506,falla_engranaje,0.5
1.024,-0.0009908243738341233,-0.20262558433586234,falla_engranaje,0.5
1.025,-0.0009006237621537674,-0.2159393514835125,falla_engranaje,0.5
1.026,-0.0008515780703458025,-0.22031853200528795,falla_engranaje,0.5
1.027,-0.0008171669244012978,-0.21988873890836924,falla_engranaje,0.5
1.028,-0.000838315880223934,-0.21533896534398983,falla_engranaje,0.5
1.029,-0.0007909941233837941,-0.23208187223968604,falla_engranaje,0.5
1.03,-0.000883537596512106,-0.22480232358213625,falla_engranaje,0.5
1.031,-0.0007777419335267739,-0.23928392250479658,falla_engranaje,0.5
1.032,-0.0007047717622730075,-0.21897038820246978,falla_engranaje,0.5
1.033,-0.0007480101342920516,-0.2168503142785083,falla_engranaje,0.5
1.034,-0.000678416530133634,-0.22850901190513512,falla_engranaje,0.5
1.035,-0.0006386957736360907,-0.20828747566674582,falla_engranaje,0.5
1.036,-0.0006527294619066138,-0.2366306216668597,falla_engranaje,0.5
1.037,-0.0006074947748888811,-0.23935786484331464,falla_engranaje,0.5
1.038,-0.000637418691088167,-0.22280638189463756,falla_engranaje,0.5
1.039,-0.000581342132269527,-0.21491243809639227,falla_engranaje,0.5
1.04,-0.0005226096005623268,-0.20887250640446053,falla_engranaje,0.5
1.041,-0.0005218797429170106,-0.23062493361308492,falla_engranaje,0.5
1.042,-0.0005345039202886403,-0.21556964024365333,falla_engranaje,0.5
1.043,-0.0004764122629413009,-0.22705804538015892,falla_engranaje,0.5
1.044,-0.0004330574783434779,-0.22871200499800307,falla_engranaje,0.5
1.045,-0.0005382166160734307,-0.2184582679245456,falla_engranaje,0.5
1.046,-0.00037123298407339714,-0.22107724265431056,falla_engranaje,0.5
1.047,-0.00041883187085542433,-0.24366657088736235,falla_engranaje,0.5
1.048,-0.00036371330527095065,-0.21343610237347824,falla_engranaje,0.5
1.049,-0.000308303965555598,-0.21469623250430148,falla_engranaje,0.5
1.05,-0.0004053273326414789,-0.23504530180032301,falla_engranaje,0.5
1.051,-0.00035523855108782844,-0.2251211616735858,falla_engranaje,0.5
1.052,-0.00031633214764906166,-0.22442551572768385,falla_engranaje,0.5
1.053,-0.0003193642853158244,-0.2270429036902823,falla_engranaje,0.5
1.054,-0.00018520240973177155,-0.2354338245566558,falla_engranaje,0.5
1.055,-0.00028418088109943184,-0.23692555091722475,falla_engranaje,0.5
1.056,-0.00025149813420763514,-0.23074091923929446,falla_engranaje,0.5
1.057,-0.00019811398309892692,-0.21903177108738556,falla_engranaje,0.5
1.058,-0.0002436858445726239,-0.22559446817776369,falla_engranaje,0.5
1.059,-0.00018858819884813233,-0.2350058512440961,falla_engranaje,0.5
1.06,-0.00013796174464749764,-0.22384989264511373,falla_engranaje,0.5
1.061,-0.00014970544475932735,-0.2603175150803235,falla_engranaje,0.5
1.062,-0.00012112643207039875,-0.2206077817261001,falla_engranaje,0.5
1.063,-0.0001235747188653718,-0.24975417030211533,falla_engranaje,0.5
1.064,-0.00015129346451662012,-0.23624138257499136,falla_engranaje,0.5
1.065,-5.0664777214703594e-05,-0.2440720622695068,falla_engranaje,0.5
1.066,3.1354277013250214e-05,-0.24607912011426392,falla_engranaje,0.5
1.067,-3.137561500983034e-05,-0.2217796334290322,falla_engranaje,0.5
1.068,-5.770854537474243e-06,-0.23831926488097072,falla_engranaje,0.5
1.069,3.1461238287732356e-05,-0.23043042259147026,falla_engranaje,0.5
1.07,-4.230874817869387e-05,-0.23461683370280195,falla_engranaje,0.5
1.071,0.00010855923066967359,-0.22962844471411553,falla_engranaje,0.5
1.072,5.531775521072002e-05,-0.233881017915041,falla_engranaje,0.5
1.073,0.000135352077543925,-0.24772880145347215,falla_engranaje,0.5
1.074,4.214826633751363e-05,-0.2251852112920898,falla_engranaje,0.5
1.075,0.0001727502531407802,-0.24033390237023533,falla_engranaje,0.5
1.076,0.00013925057937072427,-0.2512101677711632,falla_engranaje,0.5
1.077,0.0001428726479656467,-0.2401731657627663,falla_engranaje,0.5
1.078,0.0001417813083999602,-0.2211318321618258,falla_engranaje,0.5
1.079,0.00013295196159213529,-0.22788447601114115,falla_engranaje,0.5
1.08,0.00021188924834820785,-0.24012042195414932,falla_engranaje,0.5
1.081,0.00017615746642526793,-0.24037372445512156,falla_engranaje,0.5
1.082,9.238751342931125e-05,-0.24034487958992462,falla_engranaje,0.5
1.083,0.0001431141595134977,-0.21660866042513735,falla_engranaje,0.5
1.084,0.00019725793867617444,-0.23380472048919274,falla_engranaje,0.5
1.085,0.00023125793973801238,-0.23357201029018537,falla_engranaje,0.5
1.086,0.0002256411125092437,-0.22781845376996857,falla_engranaje,0.5
1.087,0.0002945713846943188,-0.23598286021369536,falla_engranaje,0.5
1.088,0.00016055293842554498,-0.24121133018381877,falla_engranaje,0.5
1.089,0.0002661985659680916,-0.240835348367853,falla_engranaje,0.5
1.09,0.00018663004982207016,-0.23983967795809744,falla_engranaje,0.5
1.091,0.00031364964663190367,-0.23974866694638275,falla_engranaje,0.5
1.092,0.0002839133504565725,-0.23235398076149524,falla_engranaje,0.5
1.093,0.0003162234130684053,-0.23936578928379446,falla_engranaje,0.5
1.094,0.00026627349434172893,-0.23281504681396487,falla_engranaje,0.5
1.095,0.0003721999518750997,-0.24120612673472244,falla_engranaje,0.5
1.096,0.0003692612653640751,-0.23987152190012273,falla_engranaje,0.5
1.097,0.00035594598704233223,-0.26090027786093933,falla_engranaje,0.5
1.098,0.0003306691420897198,-0.23201695983184806,falla_engranaje,0.5
1.099,0.00036988950851340704,-0.2379789689161228,falla_engranaje,0.5
1.1,0.0003177930146747166,-0.23172910354789897,falla_engranaje,0.5
1.101,0.0003952383450834111,-0.2709389247637821,falla_engranaje,0.5
1.102,0.0004372918815017787,-0.22136168625538435,falla_engranaje,0.5
1.103,0.00041643695450896987,-0.24391236763417945,falla_engranaje,0.5
1.104,0.000339578376533271,-0.23170773581190193,falla_engranaje,0.5
1.105,0.00039417206149112483,-0.2534638483977002,falla_engranaje,0.5
1.106,0.0003232638178997859,-0.23721448476831586,falla_engranaje,0.5
1.107,0.0004124689600243778,-0.2541560997823176,falla_engranaje,0.5
1.108,0.0004107432531247548,-0.25014171487882075,falla_engranaje,0.5
1.109,0.00030843830446111096,-0.2250482278391575,falla_engranaje,0.5
1.11,0.0003438427281597122,-0.24638238970372237,falla_engranaje,0.5
1.111,0.00038668644298521764,-0.24259084174327922,falla_engranaje,0.5
1.112,0.0003883239330811666,-0.2363567496655352,falla_engranaje,0.5
1.113,0.0003489990807890101,-0.2403955865638432,falla_engranaje,0.5
1.114,0.00042361888555191403,-0.24414598607911156,falla_engranaje,0.5
1.115,0.0004187686208529579,-0.24230119422629115,falla_engranaje,0.5
1.116,0.0003995223040104266,-0.22222020413473134,falla_engranaje,0.5
1.117,0.00037466090467138443,-0.2471370964457816,falla_engranaje,0.5
1.118,0.0004573150263019323,-0.24485952432886068,falla_engranaje,0.5
1.119,0.0004850236281929054,-0.23667669900218885,falla_engranaje,0.5
1.12,0.00038723659869463847,-0.2364438965814332,falla_engranaje,0.5
1.121,0.00038074980587874416,-0.23594801243694927,falla_engranaje,0.5
1.122,0.00043008333611211307,-0.24175348024073604,falla_engranaje,0.5
1.123,0.00039007479899671435,-0.2598966655922839,falla_engranaje,0.5
1.124,0.00039839344401204456,-0.23246156071509108,falla_engranaje,0.5
1.125,0.0004364724300775788,-0.26059207252039446,falla_engranaje,0.5
1.1260000000000001,0.00031339159427039076,-0.24643854574600102,falla_engranaje,0.5
1.127,0.0004578347431302554,-0.25734753509860137,falla_engranaje,0.5
1.1280000000000001,0.0003980297179393551,-0.2507896846421861,falla_engranaje,0.5
1.129,0.00037258684497863714,-0.2472079028569389,falla_engranaje,0.5
1.1300000000000001,0.00038355929378833606,-0.24763293345714,falla_engranaje,0.5
1.131,0.0003818642537549964,-0.24698208007725572,falla_engranaje,0.5
1.1320000000000001,0.00030027894611886377,-0.23542280960032275,falla_engranaje,0.5
1.133,0.0004426200157850136,-0.2473871147287845,falla_engranaje,0.5
1.1340000000000001,0.00037132187073052753,-0.25473050725414004,falla_engranaje,0.5
1.135,0.00038425658350347734,-0.2430185457998122,falla_engranaje,0.5
1.1360000000000001,0.0004017342491971915,-0.24113922710949717,falla_engranaje,0.5
1.137,0.0003057875752483368,-0.26568860589526544,falla_engranaje,0.5
1.1380000000000001,0.00036755952209289924,-0.2478212460919908,falla_engranaje,0.5
1.139,0.00032709114521754215,-0.24717040255952352,falla_engranaje,0.5
1.1400000000000001,0.0003708814143926307,-0.25754885196397526,falla_engranaje,0.5
1.141,0.00022798936104437756,-0.2412114778709877,falla_engranaje,0.5
1.1420000000000001,0.0003127857919563484,-0.2568687101994821,falla_engranaje,0.5
1.143,0.00028186073800980896,-0.2545163132459456,falla_engranaje,0.5
1.1440000000000001,0.00032076014568238517,-0.2579110692214347,falla_engranaje,0.5
1.145,0.0003138825472465414,-0.2564372168072624,falla_engranaje,0.5
1.1460000000000001,0.0002512863640616169,-0.267972829658818,falla_engranaje,0.5
1.147,0.00024184517038945198,-0.27183210515204753,falla_engranaje,0.5
1.1480000000000001,0.000259707450614728,-0.24191253881402558,falla_engranaje,0.5
1.149,0.00021401806380631026,-0.26675769991156995,falla_engranaje,0.5
1.1500000000000001,0.0002831045798354054,-0.2686370377649468,falla_engranaje,0.5
1.151,0.0002174192915632954,-0.28069659982282524,falla_engranaje,0.5
1.1520000000000001,9.094827640913553e-05,-0.2659964815824564,falla_engranaje,0.5
1.153,0.00019526738422242574,-0.27328653159927274,falla_engranaje,0.5
1.154,0.0001536046274570071,-0.24408887761067963,falla_engranaje,0.5
1.155,0.00011488758943341718,-0.2508689004044158,falla_engranaje,0.5
1.156,0.00012086600326739717,-0.26831128262928866,falla_engranaje,0.5
1.157,0.00016999841651579975,-0.23937281275370034,falla_engranaje,0.5
1.158,0.00021304051810045537,-0.25255160797231896,falla_engranaje,0.5
1.159,0.00015395650392805525,-0.2660943844712316,falla_engranaje,0.5
1.16,9.89653982241531e-05,-0.28832166538751947,falla_engranaje,0.5
1.161,0.00013403516161645173,-0.24090446266961124,falla_engranaje,0.5
1.162,7.869887597262862e-05,-0.2782006472139599,falla_engranaje,0.5
1.163,5.407216172358887e-05,-0.2812547082947136,falla_engranaje,0.5
1.164,1.8945183904061625e-05,-0.25507558773939804,falla_engranaje,0.5
1.165,-2.272207890791862e-05,-0.24140911970688633,falla_engranaje,0.5
1.166,2.4683957694961323e-05,-0.2524740539867422,falla_engranaje,0.5
1.167,3.4755075976594734e-05,-0.2611926209717454,falla_engranaje,0.5
1.168,7.99927560381419e-06,-0.2614038939571841,falla_engranaje,0.5
1.169,-2.1944556768392646e-05,-0.2593418044859985,falla_engranaje,0.5
1.17,-6.171609286136193e-05,-0.2608159953674538,falla_engranaje,0.5
1.171,-6.736270504051651e-06,-0.2661274863989561,falla_engranaje,0.5
1.172,-0.00011058316406933175,-0.26843630554301784,falla_engranaje,0.5
1.173,-3.148487764790547e-05,-0.2706479574648576,falla_engranaje,0.5
1.174,-0.00012908174170857256,-0.2781101711281577,falla_engranaje,0.5
1.175,-0.0001344641182128121,-0.27393055900701613,falla_engranaje,0.5
1.176,-0.0001840201328694557,-0.2886114365256772,falla_engranaje,0.5
1.177,-0.00015723388054921997,-0.2732280938537369,falla_engranaje,0.5
1.178,-0.00010736051673352433,-0.2826981975378597,falla_engranaje,0.5
1.179,-0.00014596565270912624,-0.28442051753396086,falla_engranaje,0.5
1.18,-0.00014273578591018007,-0.2721627578147898,falla_engranaje,0.5
1.181,-0.0001816034075805489,-0.2606234752718281,falla_engranaje,0.5
1.182,-0.0002739694398759582,-0.26594684022879345,falla_engranaje,0.5
1.183,-0.0002571753644421531,-0.29142621405199354,falla_engranaje,0.5
1.184,-0.00029628612564001726,-0.2862133676433239,falla_engranaje,0.5
1.185,-0.00021889276137795116,-0.2675099108929948,falla_engranaje,0.5
1.186,-0.0003530948569561327,-0.28734767187685795,falla_engranaje,0.5
1.187,-0.0002769782731018394,-0.2803789224694894,falla_engranaje,0.5
1.188,-0.0002963600887914286,-0.2732464588039411,falla_engranaje,0.5
1.189,-0.0002731756585830217,-0.28904938565748994,falla_engranaje,0.5
1.19,-0.00039492193894914186,-0.27893569530696766,falla_engranaje,0.5
1.191,-0.0003636117080529904,-0.29395773674407555,falla_engranaje,0.5
1.192,-0.00031206894243715147,-0.2872636848225792,falla_engranaje,0.5
1.193,-0.0004643729437495801,-0.2786891825651277,falla_engranaje,0.5
1.194,-0.0005264812494168827,-0.2984583702592268,falla_engranaje,0.5
1.195,-0.000562640568355997,-0.27876952340541783,falla_engranaje,0.5
1.196,-0.00046503165307858565,-0.28402086162693624,falla_engranaje,0.5
1.197,-0.0006040568719707962,-0.27895413889013276,falla_engranaje,0.5
1.198,-0.0005560104984130684,-0.2828987595983794,falla_engranaje,0.5
1.199,-0.0005400418934237316,-0.2721596314350169,falla_engranaje,0.5
1.2,-0.0005725776304870789,-0.2852161612041257,falla_engranaje,0.5
1.201,-0.0005827709200623722,-0.2914340300807005,falla_engranaje,0.5
1.202,-0.0006132825245312468,-0.28659272710535877,falla_engranaje,0.5
1.203,-0.0005864744981162163,-0.28306256827281695,falla_engranaje,0.5
1.204,-0.0007096221936476518,-0.28869087204018845,falla_engranaje,0.5
1.205,-0.0007186053795140327,-0.28946151542190124,falla_engranaje,0.5
1.206,-0.0007445844350934858,-0.2975793007446821,falla_engranaje,0.5
1.207,-0.0006932256807955975,-0.29788429193213123,falla_engranaje,0.5
1.208,-0.0007118116946416512,-0.3059811360292055,falla_engranaje,0.5
1.209,-0.0007541540110669081,-0.27516297130693135,falla_engranaje,0.5
1.21,-0.0007427085296102645,-0.3058048335121753,falla_engranaje,0.5
1.211,-0.0008723452844514991,-0.30100647358629773,falla_engranaje,0.5
1.212,-0.0007647105908741004,-0.30197642271296565,falla_engranaje,0.5
1.213,-0.0007933924483461471,-0.2865616916431635,falla_engranaje,0.5
1.214,-0.0008514589151131281,-0.2991826223140676,falla_engranaje,0.5
1.215,-0.0008259764193268605,-0.28448144650236684,falla_engranaje,0.5
1.216,-0.0010049456030999722,-0.3044230125348515,falla_engranaje,0.5
1.217,-0.0009756062517486407,-0.2956308458649706,falla_engranaje,0.5
1.218,-0.0010075156098425405,-0.3075103251030736,falla_engranaje,0.5
1.219,-0.0009634363699384481,-0.27844475902312854,falla_engranaje,0.5
1.22,-0.0010665272939612807,-0.3125149006399466,falla_engranaje,0.5
1.221,-0.001006476344303481,-0.2982865867096297,falla_engranaje,0.5
1.222,-0.0010008912612966085,-0.29579605340840964,falla_engranaje,0.5
1.223,-0.0010540326165302343,-0.2987479495692687,falla_engranaje,0.5
1.224,-0.0010951398320242782,-0.3054939633135982,falla_engranaje,0.5
1.225,-0.0011754492622908297,-0.3056974047628184,falla_engranaje,0.5
1.226,-0.001191358522192469,-0.3047220950324061,falla_engranaje,0.5
1.227,-0.0011181196888994586,-0.30739407788151163,falla_engranaje,0.5
1.228,-0.0011618601588614026,-0.2970518852229278,falla_engranaje,0.5
1.229,-0.0012214394063190638,-0.28535476871792365,falla_engranaje,0.5
1.23,-0.0012609416045409895,-0.31380687527974205,falla_engranaje,0.5
1.231,-0.0013564230763286847,-0.32270451395319505,falla_engranaje,0.5
1.232,-0.0013350551063240539,-0.3106663302358703,falla_engranaje,0.5
1.233,-0.0012212419058416023,-0.2847658708424239,falla_engranaje,0.5
1.234,-0.0013888007303328718,-0.31938152242354434,falla_engranaje,0.5
1.235,-0.0013438026401264653,-0.2957377076544984,falla_engranaje,0.5
1.236,-0.0013284619759871136,-0.29613818056402785,falla_engranaje,0.5
1.237,-0.0014534524206140421,-0.3192395249610528,falla_engranaje,0.5
1.238,-0.0014096256741708514,-0.30880433248273975,falla_engranaje,0.5
1.239,-0.001397017819326426,-0.2990027099626726,falla_engranaje,0.5
1.24,-0.0014608406306829361,-0.3198723832722127,falla_engranaje,0.5
1.241,-0.0013522168446216446,-0.31891317971786837,falla_engranaje,0.5
1.242,-0.0015804988425570667,-0.32349221922491633,falla_engranaje,0.5
1.243,-0.0014775718736203048,-0.32862269750791573,falla_engranaje,0.5
1.244,-0.0015550150585796829,-0.3257692336662235,falla_engranaje,0.5
1.245,-0.0015331715703196687,-0.3323187178823015,falla_engranaje,0.5
1.246,-0.0015693693437322173,-0.32054278694914906,falla_engranaje,0.5
1.247,-0.001643933181524377,-0.3293890295731561,falla_engranaje,0.5
1.248,-0.0016209996842695706,-0.3201584021620994,falla_engranaje,0.5
1.249,-0.0017369385101812587,-0.3388633887106683,falla_engranaje,0.5
1.25,-0.00164545578718399,-0.32080492581741893,falla_engranaje,0.5
1.2510000000000001,-0.0016799493580207069,-0.31658877672926006,falla_engranaje,0.5
1.252,-0.0016848839451835164,-0.34567272012066297,falla_engranaje,0.5
1.2530000000000001,-0.0016860956519517756,-0.32280697077031784,falla_engranaje,0.5
1.254,-0.0017377762506345551,-0.31508381048920037,falla_engranaje,0.5
1.2550000000000001,-0.0017678432930262583,-0.3402705809461713,falla_engranaje,0.5
1.256,-0.001834673560287259,-0.3122627383624259,falla_engranaje,0.5
1.2570000000000001,-0.0018467474351289816,-0.32561309897345037,falla_engranaje,0.5
1.258,-0.0017797999678874404,-0.33766868359226904,falla_engranaje,0.5
1.2590000000000001,-0.0017878825159100733,-0.3319918942200759,falla_engranaje,0.5
1.26,-0.0018835146405087621,-0.3266668480373548,falla_engranaje,0.5
1.2610000000000001,-0.0018897075177453774,-0.3323061647214874,falla_engranaje,0.5
1.262,-0.0019520152453591226,-0.32849485997224476,falla_engranaje,0.5
1.2630000000000001,-0.0018761299534272432,-0.3439053685168941,falla_engranaje,0.5
1.264,-0.001917892574278134,-0.33382115972561455,falla_engranaje,0.5
1.2650000000000001,-0.0018782045070601478,-0.3504678819053909,falla_engranaje,0.5
1.266,-0.0020250197576951036,-0.33825871066442026,falla_engranaje,0.5
1.2670000000000001,-0.002020333850994696,-0.34700089394782224,falla_engranaje,0.5
1.268,-0.002010493607238049,-0.3461320487180723,falla_engranaje,0.5
1.2690000000000001,-0.0020093349795088223,-0.32723022318666944,falla_engranaje,0.5
1.27,-0.0020662000277745546,-0.32949184259567715,falla_engranaje,0.5
1.2710000000000001,-0.00211352040463389,-0.33512664373421364,falla_engranaje,0.5
1.272,-0.0020507042444477728,-0.35295343482313796,falla_engranaje,0.5
1.2730000000000001,-0.0020749640697847907,-0.3460057835768367,falla_engranaje,0.5
1.274,-0.0021663582293009642,-0.3315211320152601,falla_engranaje,0.5
1.2750000000000001,-0.0020793535142216994,-0.34304427600551707,falla_engranaje,0.5
1.276,-0.0021041261264820384,-0.3220763200355979,falla_engranaje,0.5
1.2770000000000001,-0.0021674474145740707,-0.34214334930773,falla_engranaje,0.5
1.278,-0.0021858148499705864,-0.3449615984293874,falla_engranaje,0.5
1.2790000000000001,-0.0021798405396782285,-0.3507773732726407,falla_engranaje,0.5
1.28,-0.00225980570254927,-0.3471533831602605,falla_engranaje,0.5
1.281,-0.0022343672652165277,-0.35081444598430184,falla_engranaje,0.5
1.282,-0.002348828592748944,-0.34300789530746634,falla_engranaje,0.5
1.283,-0.0022255175773228113,-0.34131937953721414,falla_engranaje,0.5
1.284,-0.0023511558970455704,-0.35954181119883255,falla_engranaje,0.5
1.285,-0.002225725054760315,-0.36578776031817756,falla_engranaje,0.5
1.286,-0.0023233526030612983,-0.37162890602314425,falla_engranaje,0.5
1.287,-0.0023317789308875494,-0.3489761748678054,falla_engranaje,0.5
1.288,-0.0023643377861811954,-0.36587671140395706,falla_engranaje,0.5
1.289,-0.00236220719360127,-0.37715653688944323,falla_engranaje,0.5
1.29,-0.002297542148683346,-0.3525239660396964,falla_engranaje,0.5
1.291,-0.0024884874786067837,-0.332259320697388,falla_engranaje,0.5
1.292,-0.0023295019347560984,-0.3580269386651459,falla_engranaje,0.5
1.293,-0.0023846599836593752,-0.3503554926959246,falla_engranaje,0.5
1.294,-0.002467188253117143,-0.3586934423874538,falla_engranaje,0.5
1.295,-0.0024730268412696244,-0.36126904023216366,falla_engranaje,0.5
1.296,-0.0023591832599477616,-0.3518547664855636,falla_engranaje,0.5
1.297,-0.002490018188680797,-0.3647105521094513,falla_engranaje,0.5
1.298,-0.00251055240195213,-0.35989295463701454,falla_engranaje,0.5
1.299,-0.0024169373329796023,-0.36010567479310285,falla_engranaje,0.5
1.3,-0.002463879661798018,-0.3707559448490219,falla_engranaje,0.5
1.301,-0.002532333498645439,-0.35490352528778574,falla_engranaje,0.5
1.302,-0.002489707770065609,-0.3673188847021392,falla_engranaje,0.5
1.303,-0.002556070079813935,-0.37386841608344185,falla_engranaje,0.5
1.304,-0.002468603525549518,-0.3616837917943416,falla_engranaje,0.5
1.305,-0.0024795999028637667,-0.3767676538473374,falla_engranaje,0.5
1.306,-0.0025126589905404184,-0.36823131428093975,falla_engranaje,0.5
1.307,-0.002529087585539911,-0.36933044595392933,falla_engranaje,0.5
1.308,-0.002473684829900417,-0.35910231938082143,falla_engranaje,0.5
1.309,-0.002562090252988206,-0.3659321116366269,falla_engranaje,0.5
1.31,-0.0026237783846557758,-0.3716428936696755,falla_engranaje,0.5
1.311,-0.002556970159556198,-0.36392411408866443,falla_engranaje,0.5
1.312,-0.0024896439009394022,-0.3589043895521544,falla_engranaje,0.5
1.313,-0.0026379686479649205,-0.3679284973907823,falla_engranaje,0.5
1.314,-0.002614887577000096,-0.37409857002578145,falla_engranaje,0.5
1.315,-0.002585846465671978,-0.3880112280186538,falla_engranaje,0.5
1.316,-0.002613432537290926,-0.3862299592912369,falla_engranaje,0.5
1.317,-0.002661630052115798,-0.37931212842216283,falla_engranaje,0.5
1.318,-0.002571324940787563,-0.3830310786092426,falla_engranaje,0.5
1.319,-0.0025220366080032927,-0.3794766765497915,falla_engranaje,0.5
1.32,-0.0026239068891542117,-0.37770631866757703,falla_engranaje,0.5
1.321,-0.002678835635585496,-0.3736365084980664,falla_engranaje,0.5
1.322,-0.0027127280724909644,-0.3802937224772862,falla_engranaje,0.5
1.323,-0.0026345787793038643,-0.3753736147964782,falla_engranaje,0.5
1.324,-0.0025999566837587064,-0.3802382994262373,falla_engranaje,0.5
1.325,-0.002632257293715271,-0.40127655587710886,falla_engranaje,0.5
1.326,-0.0026574124425386312,-0.3915484441820494,falla_engranaje,0.5
1.327,-0.0026872855017043527,-0.3842234389209236,falla_engranaje,0.5
1.328,-0.002713057383467753,-0.39550117732068923,falla_engranaje,0.5
1.329,-0.0026277906106016084,-0.37802072348295157,falla_engranaje,0.5
1.33,-0.0026264892611472758,-0.3693223193130544,falla_engranaje,0.5
1.331,-0.0027406105353517873,-0.3730459841977045,falla_engranaje,0.5
1.332,-0.0025993779879907248,-0.38796568766235556,falla_engranaje,0.5
1.333,-0.0026471218865845797,-0.37151545860561447,falla_engranaje,0.5
1.334,-0.0026106355091369653,-0.3855212355281189,falla_engranaje,0.5
1.335,-0.0027364851696793525,-0.39095761407711865,falla_engranaje,0.5
1.336,-0.0027381703366693455,-0.3942932051668613,falla_engranaje,0.5
1.337,-0.002683039898488143,-0.39174980595911657,falla_engranaje,0.5
1.338,-0.0026534002800226233,-0.3931662414872039,falla_engranaje,0.5
1.339,-0.002594236181673031,-0.38813303694001705,falla_engranaje,0.5
1.34,-0.002643465959078732,-0.38877747565353904,falla_engranaje,0.5
1.341,-0.002685973830028912,-0.39089199157104093,falla_engranaje,0.5
1.342,-0.002720683223654236,-0.38708545675980527,falla_engranaje,0.5
1.343,-0.002616555360291628,-0.38007384394766625,falla_engranaje,0.5
1.344,-0.002715045177859979,-0.3830032471313619,falla_engranaje,0.5
1.345,-0.002595014221372065,-0.40785919634325385,falla_engranaje,0.5
1.346,-0.002680120861088909,-0.4190537362377504,falla_engranaje,0.5
1.347,-0.0025923286122056534,-0.3846684485921091,falla_engranaje,0.5
1.348,-0.0026313048781337273,-0.4081703074844242,falla_engranaje,0.5
1.349,-0.002665662601960974,-0.3972317335652817,falla_engranaje,0.5
1.35,-0.0026800103597478878,-0.4071603922603401,falla_engranaje,0.5
1.351,-0.0026685423746239654,-0.4139468102902987,falla_engranaje,0.5
1.352,-0.0026299095125963527,-0.3909726229699104,falla_engranaje,0.5
1.353,-0.002642100870442713,-0.3892483832878094,falla_engranaje,0.5
1.354,-0.002668609638318036,-0.40305010464437213,falla_engranaje,0.5
1.355,-0.002644769322027956,-0.4236328121551891,falla_engranaje,0.5
1.356,-0.0026290865734692097,-0.40361448785280823,falla_engranaje,0.5
1.357,-0.0027249212377645753,-0.394655866638216,falla_engranaje,0.5
1.358,-0.002601982166303182,-0.4137770394980552,falla_engranaje,0.5
1.359,-0.002662267471404789,-0.39756044111165323,falla_engranaje,0.5
1.36,-0.002664693078862433,-0.399945301249433,falla_engranaje,0.5
1.361,-0.0026833095319398507,-0.3943894437189757,falla_engranaje,0.5
1.362,-0.0026822045532669168,-0.399368653057411,falla_engranaje,0.5
1.363,-0.002656021179734237,-0.41066913581517633,falla_engranaje,0.5
1.364,-0.002620133551237463,-0.389338563278604,falla_engranaje,0.5
1.365,-0.002492129318956707,-0.4032471997491894,falla_engranaje,0.5
1.366,-0.002598254246338294,-0.402284321615846,falla_engranaje,0.5
1.367,-0.002559079761462652,-0.41168502817513275,falla_engranaje,0.5
1.368,-0.002541610467780467,-0.4071178983532044,falla_engranaje,0.5
1.369,-0.0025463640896792117,-0.41185744091807963,falla_engranaje,0.5
1.37,-0.0025481330371973396,-0.4050547798416561,falla_engranaje,0.5
1.371,-0.0025911448857569947,-0.38651566535109627,falla_engranaje,0.5
1.372,-0.0024623632706230955,-0.41765067693044483,falla_engranaje,0.5
1.373,-0.0024377549979655326,-0.4203576393421865,falla_engranaje,0.5
1.374,-0.002588272713596047,-0.3897920876280548,falla_engranaje,0.5
1.375,-0.002549491527422021,-0.40687016114953783,falla_engranaje,0.5
1.3760000000000001,-0.002506603213727208,-0.4117321165337721,falla_engranaje,0.5
1.377,-0.0025286584026194825,-0.3948981028013877,falla_engranaje,0.5
1.3780000000000001,-0.002452286698570143,-0.4116003269365799,falla_engranaje,0.5
1.379,-0.002499018747137244,-0.38752232429707345,falla_engranaje,0.5
1.3800000000000001,-0.0023574127147854393,-0.39923260845799885,falla_engranaje,0.5
1.381,-0.002391914559134016,-0.41111159178048073,falla_engranaje,0.5
1.3820000000000001,-0.002426391800864597,-0.3848711409580281,falla_engranaje,0.5
1.383,-0.0023789808380048354,-0.4127042237881829,falla_engranaje,0.5
1.3840000000000001,-0.002364911654182488,-0.3994200507340049,falla_engranaje,0.5
1.385,-0.0024303822994625373,-0.40403306047219756,falla_engranaje,0.5
1.3860000000000001,-0.0024310616897849258,-0.3941845817774097,falla_engranaje,0.5
1.387,-0.002379300628951426,-0.39175389347177403,falla_engranaje,0.5
1.3880000000000001,-0.0023324154643071804,-0.4072069540444214,falla_engranaje,0.5
1.389,-0.0023540111730660377,-0.41521012177855865,falla_engranaje,0.5
1.3900000000000001,-0.0024207401475912493,-0.40321610590815743,falla_engranaje,0.5
1.391,-0.0023738064897879064,-0.41472378246423386,falla_engranaje,0.5
1.3920000000000001,-0.0023287889962149665,-0.387934456500179,falla_engranaje,0.5
1.393,-0.0023169173204847277,-0.406815557436906,falla_engranaje,0.5
1.3940000000000001,-0.002211452370558211,-0.41193757355416877,falla_engranaje,0.5
1.395,-0.0023522999261145526,-0.4065318529298398,falla_engranaje,0.5
1.3960000000000001,-0.002253698908282013,-0.4219350537960271,falla_engranaje,0.5
1.397,-0.0021963610517371744,-0.4182558906528669,falla_engranaje,0.5
1.3980000000000001,-0.0021480740348811733,-0.396602383680978,falla_engranaje,0.5
1.399,-0.0022572917576528136,-0.41523304102145625,falla_engranaje,0.5
1.4000000000000001,-0.0022035780584344607,-0.419181577544884,falla_engranaje,0.5
1.401,-0.002187016084541355,-0.40338509591470306,falla_engranaje,0.5
1.4020000000000001,-0.002190970945665941,-0.39692451725639694,falla_engranaje,0.5
1.403,-0.002191159532682171,-0.4016127352916023,falla_engranaje,0.5
1.4040000000000001,-0.00215343428637881,-0.39885327114443014,falla_engranaje,0.5
1.405,-0.0022752709882966882,-0.4163839454641737,falla_engranaje,0.5
1.4060000000000001,-0.002115188946817335,-0.42302711294220724,falla_engranaje,0.5
1.407,-0.002126873079056063,-0.3937794459059511,falla_engranaje,0.5
1.408,-0.002129014385693731,-0.4119941219381657,falla_engranaje,0.5
1.409,-0.002011723870029971,-0.4112409615154939,falla_engranaje,0.5
1.41,-0.0021218550100457257,-0.39540676729747304,falla_engranaje,0.5
1.411,-0.0020954375178504833,-0.4030732596199754,falla_engranaje,0.5
1.412,-0.001972168101262811,-0.40401431187436654,falla_engranaje,0.5
1.413,-0.002086674896753413,-0.3868515813402398,falla_engranaje,0.5
1.414,-0.0020595356997433045,-0.4148559952074589,falla_engranaje,0.5
1.415,-0.0020267954260636428,-0.39905242144094205,falla_engranaje,0.5
1.416,-0.001967336069042666,-0.4076615129516887,falla_engranaje,0.5
1.417,-0.001981682904746475,-0.4054373656803132,falla_engranaje,0.5
1.418,-0.0020355103790885578,-0.39272108356000746,falla_engranaje,0.5
1.419,-0.0019862155373000265,-0.4028007381670814,falla_engranaje,0.5
1.42,-0.0019749481449429836,-0.4023603260230713,falla_engranaje,0.5
1.421,-0.0019360340617725527,-0.3968732834891198,falla_engranaje,0.5
1.422,-0.0018982995926631505,-0.41109385011559735,falla_engranaje,0.5
1.423,-0.0018837987088008911,-0.41567329945848147,falla_engranaje,0.5
1.424,-0.0019689344851991763,-0.4175571079446053,falla_engranaje,0.5
1.425,-0.0018245750732017862,-0.426591348765101,falla_engranaje,0.5
1.426,-0.0018466350503528034,-0.38617545362155914,falla_engranaje,0.5
1.427,-0.0017800846951288767,-0.4175703484830098,falla_engranaje,0.5
1.428,-0.0018079651063066448,-0.4085425626272588,falla_engranaje,0.5
1.429,-0.0017630150197652298,-0.40888096755062475,falla_engranaje,0.5
1.43,-0.0017769378508224012,-0.4028126483861879,falla_engranaje,0.5
1.431,-0.0017218136815362831,-0.3974943238796216,falla_engranaje,0.5
1.432,-0.0017443299287206338,-0.39680306987960384,falla_engranaje,0.5
1.433,-0.0017575407155493552,-0.41098584542165556,falla_engranaje,0.5
1.434,-0.001634431729146943,-0.40656474246057117,falla_engranaje,0.5
1.435,-0.001682431005641244,-0.40179739971442957,falla_engranaje,0.5
1.436,-0.0016817463418304463,-0.4068310366740327,falla_engranaje,0.5
1.437,-0.001751026105277031,-0.3879828819119536,falla_engranaje,0.5
1.438,-0.0017365267148256997,-0.398850121331643,falla_engranaje,0.5
1.439,-0.001649416518193658,-0.3961059829996982,falla_engranaje,0.5
1.44,-0.0016410933774610086,-0.3965122320072289,falla_engranaje,0.5
1.441,-0.0016607006115581112,-0.39108402181751706,falla_engranaje,0.5
1.442,-0.001611276580532922,-0.40067773146273056,falla_engranaje,0.5
1.443,-0.0015303051830304064,-0.4151169642835507,falla_engranaje,0.5
1.444,-0.0015560720681730886,-0.3978040153117528,falla_engranaje,0.5
1.445,-0.001624869733725502,-0.4079583082665535,falla_engranaje,0.5
1.446,-0.0015630708840248234,-0.4063663883436062,falla_engranaje,0.5
1.447,-0.0015798548116222886,-0.394843745471331,falla_engranaje,0.5
1.448,-0.0015460520155896064,-0.3879434462548651,falla_engranaje,0.5
1.449,-0.0015324881668532476,-0.39972422592877904,falla_engranaje,0.5
1.45,-0.0015207049981401798,-0.39645109694120084,falla_engranaje,0.5
1.451,-0.0015414943653335512,-0.38211163184335084,falla_engranaje,0.5
1.452,-0.0014754970671832395,-0.396312521747269,falla_engranaje,0.5
1.453,-0.0014806771966975952,-0.3722814628234551,falla_engranaje,0.5
1.454,-0.0015741477284128228,-0.39221345719660644,falla_engranaje,0.5
1.455,-0.0013325803920174611,-0.41503851223459254,falla_engranaje,0.5
1.456,-0.0013621484874268273,-0.3894519236970699,falla_engranaje,0.5
1.457,-0.001414623397472143,-0.3927203894969677,falla_engranaje,0.5
1.458,-0.0013823751973253522,-0.3831733122283283,falla_engranaje,0.5
1.459,-0.001422471016198692,-0.38887018138421064,falla_engranaje,0.5
1.46,-0.00127767087001418,-0.39651005518328114,falla_engranaje,0.5
1.461,-0.0012544651354411322,-0.4068843809715935,falla_engranaje,0.5
1.462,-0.0013198812831607587,-0.396239995640792,falla_engranaje,0.5
1.463,-0.0012665395946736375,-0.40215585250339225,falla_engranaje,0.5
1.464,-0.001291472143080528,-0.39894934788138203,falla_engranaje,0.5
1.465,-0.0013467622685602583,-0.38674443622805893,falla_engranaje,0.5
1.466,-0.001291069036503822,-0.3754099853556832,falla_engranaje,0.5
1.467,-0.0012528385695648521,-0.38763389105894047,falla_engranaje,0.5
1.468,-0.0012662177840179864,-0.4030038421704251,falla_engranaje,0.5
1.469,-0.0012422208361911559,-0.38605628349922744,falla_engranaje,0.5
1.47,-0.0012232867407125064,-0.37798625237660016,falla_engranaje,0.5
1.471,-0.0012097763093124516,-0.3954936775467924,falla_engranaje,0.5
1.472,-0.0011907858281717176,-0.3901723921636556,falla_engranaje,0.5
1.473,-0.0012287091890065595,-0.38811486856313315,falla_engranaje,0.5
1.474,-0.0012003618303555977,-0.395533489703975,falla_engranaje,0.5
1.475,-0.0012136718665623776,-0.38061775310544516,falla_engranaje,0.5
1.476,-0.001098106800964557,-0.38771945408511505,falla_engranaje,0.5
1.477,-0.0012263403956323166,-0.3817174977814155,falla_engranaje,0.5
1.478,-0.0010655838370213317,-0.3941840989612782,falla_engranaje,0.5
1.479,-0.0010429136694002053,-0.3890736920463571,falla_engranaje,0.5
1.48,-0.0011079567784431567,-0.3768588764458025,falla_engranaje,0.5
1.481,-0.0012010478840715087,-0.3871883245266441,falla_engranaje,0.5
1.482,-0.0010872023023520208,-0.3655614529981995,falla_engranaje,0.5
1.483,-0.001062130136107487,-0.3861924215471634,falla_engranaje,0.5
1.484,-0.00109387367736828,-0.3793081250592922,falla_engranaje,0.5
1.485,-0.001060038911248555,-0.37158199644290896,falla_engranaje,0.5
1.486,-0.0009556892894008421,-0.3944385903195341,falla_engranaje,0.5
1.487,-0.0009841606936195491,-0.3972042216647712,falla_engranaje,0.5
1.488,-0.0010458065850346577,-0.394188146678545,falla_engranaje,0.5
1.489,-0.0010658431339412805,-0.365635519577572,falla_engranaje,0.5
1.49,-0.000997437800280898,-0.3831041244364876,falla_engranaje,0.5
1.491,-0.0009819192621446126,-0.35132221649296563,falla_engranaje,0.5
1.492,-0.0009393728451888603,-0.3818599149447295,falla_engranaje,0.5
1.493,-0.000976338644086862,-0.3736797984978677,falla_engranaje,0.5
1.494,-0.0009187289590841728,-0.35940680774867784,falla_engranaje,0.5
1.495,-0.0008440900326212572,-0.35406437798882534,falla_engranaje,0.5
1.496,-0.0008855244494057812,-0.3528025556854731,falla_engranaje,0.5
1.497,-0.0009154268878427436,-0.36062118028761625,falla_engranaje,0.5
1.498,-0.0009122682670351607,-0.36174651703940985,falla_engranaje,0.5
1.499,-0.0009110138338593555,-0.3653393034866453,falla_engranaje,0.5
1.5,-0.0008319326452333064,-0.3627536066888943,falla_engranaje,0.5
1.5010000000000001,-0.000905496100543818,-0.37531701607461054,falla_engranaje,0.5
1.502,-0.0008661593164928488,-0.3772504697634347,falla_engranaje,0.5
1.5030000000000001,-0.0008573818293890484,-0.36836101200240234,falla_engranaje,0.5
1.504,-0.0008742565418881974,-0.36928344889929504,falla_engranaje,0.5
1.5050000000000001,-0.0009057844178091468,-0.3713638517521646,falla_engranaje,0.5
1.506,-0.0008205183325719567,-0.3591133836131294,falla_engranaje,0.5
1.5070000000000001,-0.0008302100024490903,-0.3557656962775159,falla_engranaje,0.5
1.508,-0.0007969794547885639,-0.3636720587086165,falla_engranaje,0.5
1.5090000000000001,-0.0008366266591349245,-0.3490141806568401,falla_engranaje,0.5
1.51,-0.0007493464074582589,-0.37443578720090476,falla_engranaje,0.5
1.5110000000000001,-0.0008378233287063786,-0.36418105218896624,falla_engranaje,0.5
1.512,-0.00071286616050683,-0.3686344757559264,falla_engranaje,0.5
1.5130000000000001,-0.0008637957827880181,-0.37934973377404374,falla_engranaje,0.5
1.514,-0.0007577381832905898,-0.3607256964924686,falla_engranaje,0.5
1.5150000000000001,-0.0007494932676502695,-0.3603273807838138,falla_engranaje,0.5
1.516,-0.0008012166378997781,-0.34318300559205595,falla_engranaje,0.5
1.5170000000000001,-0.0007395697814624667,-0.3512136521359356,falla_engranaje,0.5
1.518,-0.0006947219134673351,-0.36696465932399824,falla_engranaje,0.5
1.5190000000000001,-0.0008484063166858375,-0.3373797312893965,falla_engranaje,0.5
1.52,-0.0007189320421676195,-0.3429051173789257,falla_engranaje,0.5
1.5210000000000001,-0.0008501527876254691,-0.34848629401806464,falla_engranaje,0.5
1.522,-0.0007753489165712773,-0.35576103600090536,falla_engranaje,0.5
1.5230000000000001,-0.0006520780563953508,-0.3622767065456745,falla_engranaje,0.5
1.524,-0.0007480530756236957,-0.3555877843232983,falla_engranaje,0.5
1.5250000000000001,-0.0007704252849358177,-0.3401590040111034,falla_engranaje,0.5
1.526,-0.0007215010706107588,-0.33137886011573087,falla_engranaje,0.5
1.5270000000000001,-0.0006139465247391391,-0.3339680682424202,falla_engranaje,0.5
1.528,-0.0007875934537202638,-0.35346241352488944,falla_engranaje,0.5
1.5290000000000001,-0.000748091238371758,-0.35894123287437923,falla_engranaje,0.5
1.53,-0.0006281766925424557,-0.34550514673741156,falla_engranaje,0.5
1.5310000000000001,-0.0006082063196099725,-0.3637652528781661,falla_engranaje,0.5
1.532,-0.0006942329006502932,-0.3420140192957052,falla_engranaje,0.5
1.5330000000000001,-0.0007428186963217032,-0.34588463447541545,falla_engranaje,0.5
1.534,-0.0005878074681235225,-0.34823004842479266,falla_engranaje,0.5
1.5350000000000001,-0.0006078535813780544,-0.35867603903357287,falla_engranaje,0.5
1.536,-0.0006469661766239197,-0.33675066982209306,falla_engranaje,0.5
1.537,-0.0007125121278760946,-0.3463697666483738,falla_engranaje,0.5
1.538,-0.0006754580346219606,-0.3518965259142754,falla_engranaje,0.5
1.539,-0.0006784647448981995,-0.36807317786603616,falla_engranaje,0.5
1.54,-0.000654194809672437,-0.3387775885698332,falla_engranaje,0.5
1.541,-0.0006014556992199534,-0.31993057948398185,falla_engranaje,0.5
1.542,-0.0006259886821162228,-0.32019001769827965,falla_engranaje,0.5
1.543,-0.0007138215961597126,-0.34052203134779757,falla_engranaje,0.5
1.544,-0.0006007734311187253,-0.3411206787047274,falla_engranaje,0.5
1.545,-0.0006482324870919484,-0.3295574208146589,falla_engranaje,0.5
1.546,-0.0006303535615065631,-0.3433748242948181,falla_engranaje,0.5
1.547,-0.0005941636345117145,-0.32951814369337845,falla_engranaje,0.5
1.548,-0.0007111947452919744,-0.3240197236610139,falla_engranaje,0.5
1.549,-0.0006618360997639443,-0.31855511330907504,falla_engranaje,0.5
1.55,-0.0006842611965573926,-0.33096944481824203,falla_engranaje,0.5
1.551,-0.0007314941483248545,-0.3311477231695429,falla_engranaje,0.5
1.552,-0.0006443840279154661,-0.33703359960458856,falla_engranaje,0.5
1.553,-0.0005460354549850184,-0.3356651547736819,falla_engranaje,0.5
1.554,-0.0007448967525023692,-0.3288035896599177,falla_engranaje,0.5
1.555,-0.0006631642377838858,-0.32200754937468123,falla_engranaje,0.5
1.556,-0.0006333273964009606,-0.3156877978447823,falla_engranaje,0.5
1.557,-0.0006579006205708209,-0.3319979905800953,falla_engranaje,0.5
1.558,-0.0006698123051337081,-0.30818207054951646,falla_engranaje,0.5
1.559,-0.0007251760017774162,-0.32496322605758693,falla_engranaje,0.5
1.56,-0.0006567930377166366,-0.3216090554151333,falla_engranaje,0.5
1.561,-0.000703503995628514,-0.32801132979674863,falla_engranaje,0.5
1.562,-0.0007705926767269567,-0.34392596324889185,falla_engranaje,0.5
1.563,-0.000618249344560823,-0.3099880499213458,falla_engranaje,0.5
1.564,-0.000631103512972164,-0.31060568172099867,falla_engranaje,0.5
1.565,-0.0006746624149153255,-0.3199337640754042,falla_engranaje,0.5
1.566,-0.0006689478974337655,-0.3155977770409997,falla_engranaje,0.5
1.567,-0.000632938973320728,-0.3102563919750436,falla_engranaje,0.5
1.568,-0.0006743422949945325,-0.33019032265192116,falla_engranaje,0.5
1.569,-0.0006461672884699525,-0.31900552595885845,falla_engranaje,0.5
1.57,-0.0007038924798335512,-0.3049236172468006,falla_engranaje,0.5
1.571,-0.0006336234286532664,-0.32456162686409956,falla_engranaje,0.5
1.572,-0.0006820372716398993,-0.3082368989889405,falla_engranaje,0.5
1.573,-0.0006911863299106499,-0.32389339184958,falla_engranaje,0.5
1.574,-0.0007614347181160851,-0.3048197913689274,falla_engranaje,0.5
1.575,-0.0006941069422425465,-0.30899851673123485,falla_engranaje,0.5
1.576,-0.0007488808788804281,-0.32395299486903206,falla_engranaje,0.5
1.577,-0.0007439601789328516,-0.29531549213781577,falla_engranaje,0.5
1.578,-0.0007560658459368358,-0.3134717139884996,falla_engranaje,0.5
1.579,-0.0007716545440736337,-0.31339300738944814,falla_engranaje,0.5
1.58,-0.0006304833895409109,-0.30245131609024944,falla_engranaje,0.5
1.581,-0.0006710538652213349,-0.2921390671178023,falla_engranaje,0.5
1.582,-0.0006487182503468349,-0.3129540653867196,falla_engranaje,0.5
1.583,-0.0007966232730694255,-0.3013514951042673,falla_engranaje,0.5
1.584,-0.0007423780134605479,-0.2968546798579894,falla_engranaje,0.5
1.585,-0.0008094399100201934,-0.2933885091674924,falla_engranaje,0.5
1.586,-0.0007871457971164144,-0.29773410267956585,falla_engranaje,0.5
1.587,-0.0008023404352790434,-0.3023500449373712,falla_engranaje,0.5
1.588,-0.0007091468653609372,-0.3061392743033781,falla_engranaje,0.5
1.589,-0.0007889795082305776,-0.2961879571628879,falla_engranaje,0.5
1.59,-0.0007275893539515255,-0.30695928865188316,falla_engranaje,0.5
1.591,-0.0007542225546986012,-0.3246424440206367,falla_engranaje,0.5
1.592,-0.0006823412647182567,-0.29025697855286614,falla_engranaje,0.5
1.593,-0.0008604727614025077,-0.28477952014566477,falla_engranaje,0.5
1.594,-0.0007414100210858987,-0.3166471963747106,falla_engranaje,0.5
1.595,-0.0007524184025759097,-0.302316950117418,falla_engranaje,0.5
1.596,-0.000855014249336631,-0.2852326943186341,falla_engranaje,0.5
1.597,-0.0007707908463058989,-0.27005675323929323,falla_engranaje,0.5
1.598,-0.000807495548269399,-0.2896341724732785,falla_engranaje,0.5
1.599,-0.0008393734139280711,-0.29633552374466005,falla_engranaje,0.5
1.6,-0.0008728267292109602,-0.29010087835546783,falla_engranaje,0.5
1.601,-0.0008743910391596037,-0.2737426549459631,falla_engranaje,0.5
1.602,-0.0007545840128530586,-0.2931737015364452,falla_engranaje,0.5
1.603,-0.0008544592133057549,-0.29393180474283725,falla_engranaje,0.5
1.604,-0.0008253831733534533,-0.28999637712878296,falla_engranaje,0.5
1.605,-0.0009036980678494109,-0.29393456455598266,falla_engranaje,0.5
1.606,-0.0009098745974641231,-0.28241023730509546,falla_engranaje,0.5
1.607,-0.0008317495026921651,-0.26662918843279465,falla_engranaje,0.5
1.608,-0.0009493743519796202,-0.2788876275745724,falla_engranaje,0.5
1.609,-0.0009136153104395658,-0.283887860558862,falla_engranaje,0.5
1.61,-0.000900019046201565,-0.2835318436364871,falla_engranaje,0.5
1.611,-0.0009034253706000534,-0.2954985858763178,falla_engranaje,0.5
1.612,-0.0009236515203422656,-0.2702921085607183,falla_engranaje,0.5
1.613,-0.000904477943106692,-0.2791617278227333,falla_engranaje,0.5
1.614,-0.0008980064393456484,-0.27945196376577175,falla_engranaje,0.5
1.615,-0.0009032088613660331,-0.24498359426176763,falla_engranaje,0.5
1.616,-0.0009887575126573212,-0.2731983789678671,falla_engranaje,0.5
1.617,-0.0009639165986148694,-0.2829788247190506,falla_engranaje,0.5
1.618,-0.0009036781668537852,-0.27900329863775347,falla_engranaje,0.5
1.619,-0.0009245655305581735,-0.26253790954474204,falla_engranaje,0.5
1.62,-0.0010351524802233256,-0.27217617418013956,falla_engranaje,0.5
1.621,-0.0009637977564125947,-0.2869820685572223,falla_engranaje,0.5
1.622,-0.001077262376422634,-0.262701338871753,falla_engranaje,0.5
1.623,-0.0009922416785355303,-0.277873366545667,falla_engranaje,0.5
1.624,-0.0009151811280373526,-0.2517612314598654,falla_engranaje,0.5
1.625,-0.0010522033697626645,-0.2590000251368963,falla_engranaje,0.5
1.6260000000000001,-0.0010543319733092756,-0.27358406029215443,falla_engranaje,0.5
1.627,-0.0009887847386597746,-0.25561507710323983,falla_engranaje,0.5
1.6280000000000001,-0.0011012455364240305,-0.2670651726593503,falla_engranaje,0.5
1.629,-0.0010670688898364918,-0.2585385884705157,falla_engranaje,0.5
1.6300000000000001,-0.0010183397942023986,-0.2615457266088321,falla_engranaje,0.5
1.631,-0.0010817303650068224,-0.2741875036176742,falla_engranaje,0.5
1.6320000000000001,-0.0010708619664907288,-0.27149448995666864,falla_engranaje,0.5
1.633,-0.0010334717310086165,-0.2540986287854891,falla_engranaje,0.5
1.6340000000000001,-0.0010554539281365355,-0.26708944378110194,falla_engranaje,0.5
1.635,-0.0010697663991753204,-0.267125853095642,falla_engranaje,0.5
1.6360000000000001,-0.0011046349747582647,-0.27199251202088703,falla_engranaje,0.5
1.637,-0.0010795465301468698,-0.25756146727470064,falla_engranaje,0.5
1.6380000000000001,-0.0011092754742541252,-0.2405326474788743,falla_engranaje,0.5
1.639,-0.0010899535858592425,-0.271197943609493,falla_engranaje,0.5
1.6400000000000001,-0.0011406294395080723,-0.25964942768667537,falla_engranaje,0.5
1.641,-0.0011334349723249257,-0.24514272432992798,falla_engranaje,0.5
1.6420000000000001,-0.0011773358552106996,-0.2594389600419284,falla_engranaje,0.5
1.643,-0.001140867320872033,-0.25350076071429434,falla_engranaje,0.5
1.6440000000000001,-0.0011832632347087775,-0.26803466941133436,falla_engranaje,0.5
1.645,-0.0012040684155413086,-0.2525182470370921,falla_engranaje,0.5
1.6460000000000001,-0.0011484535693410236,-0.2580676774021149,falla_engranaje,0.5
1.647,-0.001157461285572944,-0.2457381877564645,falla_engranaje,0.5
1.6480000000000001,-0.001138340847456786,-0.24312521864974282,falla_engranaje,0.5
1.649,-0.0012004889940978383,-0.22851137387966167,falla_engranaje,0.5
1.6500000000000001,-0.0011689824382523299,-0.24802294949564999,falla_engranaje,0.5
1.651,-0.001169155829896837,-0.24997792781547457,falla_engranaje,0.5
1.6520000000000001,-0.001180612625706399,-0.25071299449901524,falla_engranaje,0.5
1.653,-0.00124508911144376,-0.2556137806346587,falla_engranaje,0.5
1.6540000000000001,-0.0012071579992868529,-0.24812688892589085,falla_engranaje,0.5
1.655,-0.0012038226491220695,-0.25389967530953805,falla_engranaje,0.5
1.6560000000000001,-0.0012264881479053056,-0.24869930314796407,falla_engranaje,0.5
1.657,-0.001328254909020316,-0.23665049970516192,falla_engranaje,0.5
1.6580000000000001,-0.00123209375787773,-0.2593387648403893,falla_engranaje,0.5
1.659,-0.0011447508480031568,-0.23732571014331624,falla_engranaje,0.5
1.6600000000000001,-0.00126813995011987,-0.23500878349383292,falla_engranaje,0.5
1.661,-0.0012909588789401121,-0.2488203280434378,falla_engranaje,0.5
1.6620000000000001,-0.0012467184889891408,-0.2683221578579852,falla_engranaje,0.5
1.663,-0.0012554000980808757,-0.25265003856546553,falla_engranaje,0.5
1.6640000000000001,-0.0012211117491302034,-0.23307431198532197,falla_engranaje,0.5
1.665,-0.001338575330456339,-0.24574958991481605,falla_engranaje,0.5
1.666,-0.0012535745903531677,-0.25499477965596157,falla_engranaje,0.5
1.667,-0.0012655975146159603,-0.2495345328678411,falla_engranaje,0.5
1.668,-0.001304512217041987,-0.23556976904507643,falla_engranaje,0.5
1.669,-0.0012880307758250374,-0.2380019586394314,falla_engranaje,0.5
1.67,-0.001261885245609685,-0.24535605868473973,falla_engranaje,0.5
1.671,-0.001274301441340408,-0.2461365215302005,falla_engranaje,0.5
1.672,-0.0013713318185433537,-0.24589147194471672,falla_engranaje,0.5
1.673,-0.0012869245995862989,-0.2507076546343712,falla_engranaje,0.5
1.674,-0.001332250635681876,-0.2248434824916032,falla_engranaje,0.5
1.675,-0.0013308749584524978,-0.24373812891085436,falla_engranaje,0.5
1.676,-0.001335652044875015,-0.22786499506272354,falla_engranaje,0.5
1.677,-0.0013505271484042809,-0.22434901902448273,falla_engranaje,0.5
1.678,-0.001293934293414492,-0.22910858407864665,falla_engranaje,0.5
1.679,-0.001356535640958148,-0.24294129399935427,falla_engranaje,0.5
1.68,-0.0014081109588850419,-0.23412504116356733,falla_engranaje,0.5
1.681,-0.0013792738951572366,-0.2379453708371133,falla_engranaje,0.5
1.682,-0.0013573408129999595,-0.24628529477553973,falla_engranaje,0.5
1.683,-0.0013135047085728322,-0.23355329966742483,falla_engranaje,0.5
1.684,-0.0013459892506673759,-0.2481396269290324,falla_engranaje,0.5
1.685,-0.0014160897738516895,-0.22402845624666684,falla_engranaje,0.5
1.686,-0.0012677704961471083,-0.24011109224086005,falla_engranaje,0.5
1.687,-0.0013725986962842655,-0.23301660239474756,falla_engranaje,0.5
1.688,-0.0013300381290920402,-0.23176217209115466,falla_engranaje,0.5
1.689,-0.0013984749597070157,-0.2367544852829994,falla_engranaje,0.5
1.69,-0.0013705208088850083,-0.2278723749835548,falla_engranaje,0.5
1.691,-0.0013597224763482428,-0.23806567867299933,falla_engranaje,0.5
1.692,-0.0013455002762745995,-0.22418440796451938,falla_engranaje,0.5
1.693,-0.0013557540320874553,-0.2459412834985539,falla_engranaje,0.5
1.694,-0.0013670016080497753,-0.23080511992482497,falla_engranaje,0.5
1.695,-0.0014238138518262414,-0.21227033351411867,falla_engranaje,0.5
1.696,-0.0014380759766241774,-0.24125687794775938,falla_engranaje,0.5
1.697,-0.001399291434272615,-0.23762814283735512,falla_engranaje,0.5
1.698,-0.0013742430712102855,-0.2253118832977584,falla_engranaje,0.5
1.699,-0.0014291325478982704,-0.22825850505442957,falla_engranaje,0.5
1.7,-0.0013725038367591413,-0.22615442675964098,falla_engranaje,0.5
1.701,-0.0013567924272389988,-0.22437825571640888,falla_engranaje,0.5
1.702,-0.00146659129075087,-0.22253525578841712,falla_engranaje,0.5
1.703,-0.001464662135698134,-0.2174007087306224,falla_engranaje,0.5
1.704,-0.0014344672710101855,-0.22401759874210353,falla_engranaje,0.5
1.705,-0.0014154612135389075,-0.23014922901472318,falla_engranaje,0.5
1.706,-0.0014546877965457916,-0.22063451837660605,falla_engranaje,0.5
1.707,-0.0013703034042004624,-0.20798772075623442,falla_engranaje,0.5
1.708,-0.001413632146699167,-0.22794178939256954,falla_engranaje,0.5
1.709,-0.001432050518157204,-0.23599222850423998,falla_engranaje,0.5
1.71,-0.0015000601422982484,-0.21481012789536577,falla_engranaje,0.5
1.711,-0.0014952180959605355,-0.22672120416640698,falla_engranaje,0.5
1.712,-0.0014229246507758487,-0.24688294725994506,falla_engranaje,0.5
1.713,-0.0015333235900905889,-0.21632323749336513,falla_engranaje,0.5
1.714,-0.0013902142678228924,-0.22979422298213767,falla_engranaje,0.5
1.715,-0.0014437080792411914,-0.2249919857506124,falla_engranaje,0.5
1.716,-0.0012886704288535486,-0.22041472629417894,falla_engranaje,0.5
1.717,-0.0013311653201742274,-0.22147951363885002,falla_engranaje,0.5
1.718,-0.0014443702609495091,-0.21594201595237544,falla_engranaje,0.5
1.719,-0.0014405454530727892,-0.22704540245332852,falla_engranaje,0.5
1.72,-0.0013897845454755844,-0.21721540382523616,falla_engranaje,0.5
1.721,-0.0013568671607189328,-0.22459970700081738,falla_engranaje,0.5
1.722,-0.00150837143396211,-0.21427570555223116,falla_engranaje,0.5
1.723,-0.0015142047203301407,-0.21517143318336474,falla_engranaje,0.5
1.724,-0.0014600655631179832,-0.2303424555015462,falla_engranaje,0.5
1.725,-0.0014039538849711928,-0.209792805314313,falla_engranaje,0.5
1.726,-0.0014065419843822488,-0.22567835068729072,falla_engranaje,0.5
1.727,-0.001378966467906907,-0.21190569350446156,falla_engranaje,0.5
1.728,-0.0014808248117338084,-0.21598235233208216,falla_engranaje,0.5
1.729,-0.0015299895787208998,-0.20094367416477388,falla_engranaje,0.5
1.73,-0.0013834380432913072,-0.22123172000719457,falla_engranaje,0.5
1.731,-0.0014582976356257832,-0.2221629730249019,falla_engranaje,0.5
1.732,-0.0015104262989708544,-0.21853787303968122,falla_engranaje,0.5
1.733,-0.0014095528653882956,-0.22105040474538723,falla_engranaje,0.5
1.734,-0.001377631060146605,-0.20969510642337358,falla_engranaje,0.5
1.735,-0.0014168401966893672,-0.2335344688139387,falla_engranaje,0.5
1.736,-0.0014295146562130921,-0.22758587275473108,falla_engranaje,0.5
1.737,-0.0014131646415683518,-0.22740554157318726,falla_engranaje,0.5
1.738,-0.0014199332046847596,-0.2069036072466927,falla_engranaje,0.5
1.739,-0.001461504152456368,-0.1989803559733566,falla_engranaje,0.5
1.74,-0.0014295105037498675,-0.2168113525176015,falla_engranaje,0.5
1.741,-0.0013699192492841936,-0.21713594035534403,falla_engranaje,0.5
1.742,-0.001375642565330129,-0.2144284841943793,falla_engranaje,0.5
1.743,-0.0013791471394063318,-0.20319185287344826,falla_engranaje,0.5
1.744,-0.0014285432782219184,-0.22376607187057157,falla_engranaje,0.5
1.745,-0.0013877085452426957,-0.21179095680448645,falla_engranaje,0.5
1.746,-0.0014748071913863372,-0.2041049045796114,falla_engranaje,0.5
1.747,-0.0013634475302747161,-0.20852822799773,falla_engranaje,0.5
1.748,-0.0013023379557221217,-0.21132562313364867,falla_engranaje,0.5
1.749,-0.0014304271172201606,-0.202893154758925,falla_engranaje,0.5
1.75,-0.0013855826367489465,-0.23961794758643112,falla_engranaje,0.5
1.7510000000000001,-0.0013394084662111147,-0.20548863864298353,falla_engranaje,0.5
1.752,-0.0012927329583852366,-0.21848959951720265,falla_engranaje,0.5
1.7530000000000001,-0.0013655883446996708,-0.2299362314702832,falla_engranaje,0.5
1.754,-0.001371926934373738,-0.20619847045337616,falla_engranaje,0.5
1.7550000000000001,-0.0014252320111128307,-0.19725396411258184,falla_engranaje,0.5
1.756,-0.001325760423708644,-0.21204447192093842,falla_engranaje,0.5
1.7570000000000001,-0.0012322679942942407,-0.20081998743679905,falla_engranaje,0.5
1.758,-0.0013074712888095459,-0.1939039301324043,falla_engranaje,0.5
1.7590000000000001,-0.001315772627323026,-0.19655470632557734,falla_engranaje,0.5
1.76,-0.0012945985588956302,-0.19298042668373408,falla_engranaje,0.5
1.7610000000000001,-0.0013041885734319295,-0.20163402572985215,falla_engranaje,0.5
1.762,-0.0013350297233453525,-0.2079751250149994,falla_engranaje,0.5
1.7630000000000001,-0.0012546243464794326,-0.22442213692710714,falla_engranaje,0.5
1.764,-0.0012759472534462108,-0.2105349022758005,falla_engranaje,0.5
1.7650000000000001,-0.0012794325168545989,-0.2161772476731424,falla_engranaje,0.5
1.766,-0.0013185983820494683,-0.18570448919583998,falla_engranaje,0.5
1.7670000000000001,-0.0012085218527605065,-0.20884046410103008,falla_engranaje,0.5
1.768,-0.001231334932644759,-0.2055157271569999,falla_engranaje,0.5
1.7690000000000001,-0.0012804377361523617,-0.20089749511357835,falla_engranaje,0.5
1.77,-0.0012030720104645447,-0.2056392273047327,falla_engranaje,0.5
1.7710000000000001,-0.001264827790622588,-0.18878589844789148,falla_engranaje,0.5
1.772,-0.0012711038747720636,-0.211622238800074,falla_engranaje,0.5
1.7730000000000001,-0.0012633042347729832,-0.2031071113927562,falla_engranaje,0.5
1.774,-0.0013025364158142352,-0.21213336232296098,falla_engranaje,0.5
1.7750000000000001,-0.0011933616782119846,-0.21756230733949525,falla_engranaje,0.5
1.776,-0.001291298389953488,-0.21013107978941675,falla_engranaje,0.5
1.7770000000000001,-0.001256727619852214,-0.20403287023016578,falla_engranaje,0.5
1.778,-0.0012881692652797847,-0.20760237064186976,falla_engranaje,0.5
1.7790000000000001,-0.0011902360146960314,-0.20987806333236952,falla_engranaje,0.5
1.78,-0.0011858470591756415,-0.21665911877393032,falla_engranaje,0.5
1.7810000000000001,-0.0011865028011679042,-0.20306660263866405,falla_engranaje,0.5
1.782,-0.0012116827645185652,-0.21691979255624036,falla_engranaje,0.5
1.7830000000000001,-0.0012100751846906726,-0.1939064374332561,falla_engranaje,0.5
1.784,-0.0011278901266521138,-0.2003143016470149,falla_engranaje,0.5
1.7850000000000001,-0.0011664930426946243,-0.21534313792307053,falla_engranaje,0.5
1.786,-0.0011192562221901982,-0.20348578719670504,falla_engranaje,0.5
1.7870000000000001,-0.0011662489017280155,-0.20753841214489677,falla_engranaje,0.5
1.788,-0.0011098048194719658,-0.1964452615646077,falla_engranaje,0.5
1.7890000000000001,-0.0010507509854120274,-0.18584959680345367,falla_engranaje,0.5
1.79,-0.001075466693090326,-0.2176197860274072,falla_engranaje,0.5
1.7910000000000001,-0.0011129557933426384,-0.1973285559088239,falla_engranaje,0.5
1.792,-0.0010743549158915315,-0.19968762554259073,falla_engranaje,0.5
1.793,-0.0010889136059717157,-0.19097703384002265,falla_engranaje,0.5
1.794,-0.0010693908321488764,-0.19515919249588223,falla_engranaje,0.5
1.795,-0.0010763413154277206,-0.20440809487498213,falla_engranaje,0.5
1.796,-0.001060690022208775,-0.19967263418579004,falla_engranaje,0.5
1.797,-0.0010351868235777347,-0.2040324294973097,falla_engranaje,0.5
1.798,-0.0010817466306674137,-0.18489849127095623,falla_engranaje,0.5
1.799,-0.0010743376168229736,-0.1950280867993262,falla_engranaje,0.5
1.8,-0.0010828386005386208,-0.17580811972046537,falla_engranaje,0.5
1.801,-0.0010839506982462386,-0.19500157493222017,falla_engranaje,0.5
1.802,-0.0010579039206171162,-0.20105002637683256,falla_engranaje,0.5
1.803,-0.0009865235621923803,-0.20867008154289765,falla_engranaje,0.5
1.804,-0.0010258357759555827,-0.2111272361180393,falla_engranaje,0.5
1.805,-0.0009530570198469044,-0.20849595973668103,falla_engranaje,0.5
1.806,-0.00096619746326737,-0.1895378909032578,falla_engranaje,0.5
1.807,-0.0010487937613658945,-0.18667219795879478,falla_engranaje,0.5
1.808,-0.0009204593643557034,-0.20711731775941286,falla_engranaje,0.5
1.809,-0.0009045828182448819,-0.1818966006114389,falla_engranaje,0.5
1.81,-0.0009780456706730916,-0.19521471704912632,falla_engranaje,0.5
1.811,-0.0009047642679503514,-0.1884487888798185,falla_engranaje,0.5
1.812,-0.0009541110519741248,-0.1733225554218199,falla_engranaje,0.5
1.813,-0.0009017390469836911,-0.17999978267866085,falla_engranaje,0.5
1.814,-0.0009549183300839439,-0.19117220972044044,falla_engranaje,0.5
1.815,-0.0009700802117614058,-0.1969128086765112,falla_engranaje,0.5
1.816,-0.0008968514752673022,-0.20902822257305806,falla_engranaje,0.5
1.817,-0.0008760972494585009,-0.19420592670999248,falla_engranaje,0.5
1.818,-0.0008796410918197684,-0.1886251082430456,falla_engranaje,0.5
1.819,-0.0009065342072898878,-0.19588004610738033,falla_engranaje,0.5
1.82,-0.0008618369718093857,-0.1868102441121372,falla_engranaje,0.5
1.821,-0.0008223761118279165,-0.1842135045476289,falla_engranaje,0.5
1.822,-0.0008277337524450838,-0.18670980490451436,falla_engranaje,0.5
1.823,-0.0008084006366462042,-0.19043531356576987,falla_engranaje,0.5
1.824,-0.0008382981193049389,-0.18171755361546177,falla_engranaje,0.5
1.825,-0.0007453771375512037,-0.17844822603376173,falla_engranaje,0.5
1.826,-0.0008434308317055462,-0.19322982560037585,falla_engranaje,0.5
1.827,-0.0007586302891191958,-0.16766933469719397,falla_engranaje,0.5
1.828,-0.0007180191796207755,-0.18221193692238033,falla_engranaje,0.5
1.829,-0.0007410083812777141,-0.1804794827781473,falla_engranaje,0.5
1.83,-0.0007632047702544544,-0.17302223816532772,falla_engranaje,0.5
1.831,-0.0007691029733008313,-0.1772030589577776,falla_engranaje,0.5
1.832,-0.0006888486854248522,-0.16942908161564205,falla_engranaje,0.5
1.833,-0.0007919983465955314,-0.175508779966796,falla_engranaje,0.5
1.834,-0.0007624232272942103,-0.1839182720234101,falla_engranaje,0.5
1.835,-0.0007274077725407372,-0.17358700054668158,falla_engranaje,0.5
1.836,-0.0006439721083159728,-0.18804165498967212,falla_engranaje,0.5
1.837,-0.0006741999644229956,-0.17491533217587418,falla_engranaje,0.5
1.838,-0.0007267843254243814,-0.17572390513902306,falla_engranaje,0.5
1.839,-0.0006879717296961685,-0.17685755085484595,falla_engranaje,0.5
1.84,-0.0006930220454105465,-0.17544059775952578,falla_engranaje,0.5
1.841,-0.0006885920612793212,-0.1923465799408727,falla_engranaje,0.5
1.842,-0.00060287229910103,-0.17838219595467708,falla_engranaje,0.5
1.843,-0.0007013132131242791,-0.1713273107963486,falla_engranaje,0.5
1.844,-0.0005567783017176775,-0.17001193026843023,falla_engranaje,0.5
1.845,-0.000583710853538413,-0.18123586826874136,falla_engranaje,0.5
1.846,-0.0005631288044341638,-0.1576445171884287,falla_engranaje,0.5
1.847,-0.000625375508752308,-0.17829964760161582,falla_engranaje,0.5
1.848,-0.00060256153915794,-0.15927342508811704,falla_engranaje,0.5
1.849,-0.0006525415398300931,-0.16401991652131503,falla_engranaje,0.5
1.85,-0.0006026487550995122,-0.17407173293946235,falla_engranaje,0.5
1.851,-0.0005477893120941981,-0.14916765981800667,falla_engranaje,0.5
1.852,-0.0005028056967727949,-0.17816212868625889,falla_engranaje,0.5
1.853,-0.0006039804999132018,-0.15633286747521594,falla_engranaje,0.5
1.854,-0.0005618483924501573,-0.15481086757035897,falla_engranaje,0.5
1.855,-0.0005437925517485159,-0.17080878354405757,falla_engranaje,0.5
1.856,-0.000592271015826773,-0.14945740577659558,falla_engranaje,0.5
1.857,-0.0004934867720563806,-0.1651555663239836,falla_engranaje,0.5
1.858,-0.000545279153605566,-0.15903475181959242,falla_engranaje,0.5
1.859,-0.0005130685991133757,-0.15857858165538918,falla_engranaje,0.5
1.86,-0.0005166945485323648,-0.1617785058575176,falla_engranaje,0.5
1.861,-0.0005240554270685441,-0.15157444306663784,falla_engranaje,0.5
1.862,-0.00048042731505694116,-0.15098821840841273,falla_engranaje,0.5
1.863,-0.00048201040730077254,-0.17564246214836537,falla_engranaje,0.5
1.864,-0.0004812677614958701,-0.14434121932665314,falla_engranaje,0.5
1.865,-0.0004897159333578941,-0.17323045009197674,falla_engranaje,0.5
1.866,-0.0004341978325440709,-0.14549439335185177,falla_engranaje,0.5
1.867,-0.00036569882717371583,-0.14376053458316662,falla_engranaje,0.5
1.868,-0.0004270584428733209,-0.16513837586444904,falla_engranaje,0.5
1.869,-0.00038044889025270036,-0.15753136582920346,falla_engranaje,0.5
1.87,-0.00048171191081378877,-0.16366815856227535,falla_engranaje,0.5
1.871,-0.00040370839136044635,-0.15394158145663503,falla_engranaje,0.5
1.872,-0.0004535459792886402,-0.15404733747500213,falla_engranaje,0.5
1.873,-0.0004635392809827361,-0.14233837189557422,falla_engranaje,0.5
1.874,-0.00042267391055683646,-0.13619322740041934,falla_engranaje,0.5
1.875,-0.0003274503529111635,-0.13449416645911585,falla_engranaje,0.5
1.8760000000000001,-0.00033133665869005416,-0.15322072465670566,falla_engranaje,0.5
1.877,-0.00035648717110092743,-0.14883265218099348,falla_engranaje,0.5
1.8780000000000001,-0.0004304226816620667,-0.16270955381200147,falla_engranaje,0.5
1.879,-0.0003625780685220253,-0.1530619616149655,falla_engranaje,0.5
1.8800000000000001,-0.00033303319660505883,-0.13447618656957336,falla_engranaje,0.5
1.881,-0.00033200682690589004,-0.12708367283871821,falla_engranaje,0.5
1.8820000000000001,-0.0004173330652400246,-0.15469114857914854,falla_engranaje,0.5
1.883,-0.000367220831693209,-0.14737382729654463,falla_engranaje,0.5
1.8840000000000001,-0.000322989088063056,-0.14080813968028458,falla_engranaje,0.5
1.885,-0.00028912867661207007,-0.13683074804781573,falla_engranaje,0.5
1.8860000000000001,-0.00040725630006702065,-0.14681006109440412,falla_engranaje,0.5
1.887,-0.0003081948517821268,-0.13354848011269202,falla_engranaje,0.5
1.8880000000000001,-0.00028801401078676174,-0.14159595781626078,falla_engranaje,0.5
1.889,-0.0002496110486283899,-0.13606398174464612,falla_engranaje,0.5
1.8900000000000001,-0.0002506375789593369,-0.12951194497590593,falla_engranaje,0.5
1.891,-0.00024961859663514733,-0.13395934078556768,falla_engranaje,0.5
1.8920000000000001,-0.00030666387247963963,-0.1374296609508059,falla_engranaje,0.5
1.893,-0.0003512771801412578,-0.1331976171540471,falla_engranaje,0.5
1.8940000000000001,-0.0002764067256266068,-0.13201436130152464,falla_engranaje,0.5
1.895,-0.00020709614703573915,-0.13385356818907998,falla_engranaje,0.5
1.8960000000000001,-0.00018357796230017084,-0.13175767738476543,falla_engranaje,0.5
1.897,-0.00020912940870176634,-0.11219305674661953,falla_engranaje,0.5
1.8980000000000001,-0.00021644192351438722,-0.12157371966527847,falla_engranaje,0.5
1.899,-0.00021326908001513374,-0.1291346992233189,falla_engranaje,0.5
1.9000000000000001,-0.00025056305422335983,-0.11820095333650113,falla_engranaje,0.5
1.901,-0.0002258568045454054,-0.12749293731875075,falla_engranaje,0.5
1.9020000000000001,-0.00013864078672712202,-0.11140141006906551,falla_engranaje,0.5
1.903,-0.00025255103408609473,-0.11840784383280768,falla_engranaje,0.5
1.9040000000000001,-0.0001309186828892446,-0.1221426191077786,falla_engranaje,0.5
1.905,-0.00021421785627424633,-0.11555151125371173,falla_engranaje,0.5
1.9060000000000001,-0.00013421548506967315,-0.13469030514268415,falla_engranaje,0.5
1.907,-0.00025393468410899025,-0.12919589202499523,falla_engranaje,0.5
1.9080000000000001,-0.00015837129495605533,-0.12880798305325938,falla_engranaje,0.5
1.909,-0.00021402368760365385,-0.11437369196373877,falla_engranaje,0.5
1.9100000000000001,-0.00024039568715980217,-0.09740627042530907,falla_engranaje,0.5
1.911,-0.00016143725920502204,-0.09134065835532398,falla_engranaje,0.5
1.9120000000000001,-0.00012095850596926879,-0.10618936536838887,falla_engranaje,0.5
1.913,-0.00020112460471887497,-0.10647166162069038,falla_engranaje,0.5
1.9140000000000001,-0.00022664936425104246,-0.12839496434181602,falla_engranaje,0.5
1.915,-0.0001583026733355201,-0.11470949445363844,falla_engranaje,0.5
1.9160000000000001,-0.00015398786083888982,-0.11605309139646217,falla_engranaje,0.5
1.917,-0.00012097896545209565,-0.11327039533544182,falla_engranaje,0.5
1.9180000000000001,-9.874321819925386e-05,-0.10762423210220709,falla_engranaje,0.5
1.919,-0.0001408730297542109,-0.1095388253157254,falla_engranaje,0.5
1.92,-4.9803829015782465e-05,-0.12348033722615415,falla_engranaje,0.5
1.921,-0.00012046780057799593,-0.09507199393292634,falla_engranaje,0.5
1.922,-0.00014286944815068857,-0.11213666665581043,falla_engranaje,0.5
1.923,-0.0001970052256636708,-0.09786933584951056,falla_engranaje,0.5
1.924,-0.00013206636722375378,-0.07836802063214587,falla_engranaje,0.5
1.925,-0.00013203828712368053,-0.10714425828660125,falla_engranaje,0.5
1.926,-6.961237448046439e-05,-0.12208942318551112,falla_engranaje,0.5
1.927,-8.907636709801405e-05,-0.09847734553582871,falla_engranaje,0.5
1.928,-0.0001607761363318693,-0.08343313219669879,falla_engranaje,0.5
1.929,-9.609577162787739e-05,-0.07367940006947615,falla_engranaje,0.5
1.93,-7.032555423713369e-05,-0.10437328927881911,falla_engranaje,0.5
1.931,-2.834069431553134e-05,-0.08592054515384198,falla_engranaje,0.5
1.932,-5.466927635982268e-05,-0.09434526484797708,falla_engranaje,0.5
1.933,-5.764602241563637e-05,-0.0895511999045827,falla_engranaje,0.5
1.934,-8.686502379522605e-05,-0.06084282732941798,falla_engranaje,0.5
1.935,-6.923735172761076e-05,-0.1011055528627308,falla_engranaje,0.5
1.936,-2.737974279518682e-05,-0.08232314287489079,falla_engranaje,0.5
1.937,-0.00014255870420463898,-0.07896345640302953,falla_engranaje,0.5
1.938,-9.527342229486126e-05,-0.07155759059786276,falla_engranaje,0.5
1.939,-0.00011215830498610029,-0.0802059642894605,falla_engranaje,0.5
1.94,-5.731939173227796e-05,-0.07687096858021747,falla_engranaje,0.5
1.941,-1.6246411653552215e-05,-0.08262903465819645,falla_engranaje,0.5
1.942,-9.732160864340346e-05,-0.07477781287122448,falla_engranaje,0.5
1.943,-0.00017691680662765383,-0.07965305880270655,falla_engranaje,0.5
1.944,-8.466590867080077e-05,-0.06875305428102152,falla_engranaje,0.5
1.945,-2.2213669865393087e-05,-0.07740816066303029,falla_engranaje,0.5
1.946,-3.7384016158219734e-05,-0.06868004881081612,falla_engranaje,0.5
1.947,-4.0470169933055106e-05,-0.07147845269057805,falla_engranaje,0.5
1.948,-7.090594240452201e-05,-0.05865593592782143,falla_engranaje,0.5
1.949,-0.00011465325870936223,-0.06915689803070618,falla_engranaje,0.5
1.95,-3.112530642453685e-05,-0.08509578338072243,falla_engranaje,0.5
1.951,-9.097022956728489e-05,-0.05346478486370693,falla_engranaje,0.5
1.952,4.822778664431478e-05,-0.0738559756896055,falla_engranaje,0.5
1.953,-2.3764235433035814e-05,-0.07004714951983407,falla_engranaje,0.5
1.954,-7.47419307705759e-05,-0.06817318279622868,falla_engranaje,0.5
1.955,-7.470545528559661e-05,-0.04717559315673624,falla_engranaje,0.5
1.956,-4.968385121851317e-05,-0.08097651181210412,falla_engranaje,0.5
1.957,-5.50301817325057e-05,-0.02693854270124489,falla_engranaje,0.5
1.958,8.084502616411286e-06,-0.04644825310263026,falla_engranaje,0.5
1.959,-3.306462468345685e-05,-0.053465832571770344,falla_engranaje,0.5
1.96,-7.369162060180798e-05,-0.05493324273208753,falla_engranaje,0.5
1.961,4.69995591910266e-05,-0.05021159715455387,falla_engranaje,0.5
1.962,-3.579688211258283e-05,-0.046535577162648785,falla_engranaje,0.5
1.963,-1.9107622912874526e-06,-0.043971212216568786,falla_engranaje,0.5
1.964,-6.363021584306316e-05,-0.04354086835847942,falla_engranaje,0.5
1.965,-1.8340404310253575e-05,-0.04687170518178053,falla_engranaje,0.5
1.966,-1.9735200425895498e-05,-0.04840862540888585,falla_engranaje,0.5
1.967,-0.00011911604403133238,-0.04661291016108692,falla_engranaje,0.5
1.968,5.9771957329152936e-05,-0.0457114802825095,falla_engranaje,0.5
1.969,2.759274788205711e-05,-0.03108427827312348,falla_engranaje,0.5
1.97,-4.852265841815529e-05,-0.03514343339447831,falla_engranaje,0.5
1.971,-7.986607336078278e-05,-0.06913742637529764,falla_engranaje,0.5
1.972,-1.3030183534020283e-05,-0.031826668539896005,falla_engranaje,0.5
1.973,-2.4216059494574757e-05,-0.03508812672224556,falla_engranaje,0.5
1.974,-1.1279987488768319e-05,-0.035870144288670004,falla_engranaje,0.5
1.975,-1.811217591083478e-05,-0.038213644970561886,falla_engranaje,0.5
1.976,-3.1527844711395332e-06,-0.02173065294035714,falla_engranaje,0.5
1.977,4.033500045382197e-05,-0.022137831870141553,falla_engranaje,0.5
1.978,8.341239148879357e-07,-0.03798126716484107,falla_engranaje,0.5
1.979,-7.235675837515267e-05,-0.02481952056286451,falla_engranaje,0.5
1.98,3.812212013161757e-05,-0.03724240428890785,falla_engranaje,0.5
1.981,5.129478991265198e-05,-0.03995613456033818,falla_engranaje,0.5
1.982,0.00012065199256996399,-0.031059645759244116,falla_engranaje,0.5
1.983,-7.380457235413705e-05,-0.014799546455975327,falla_engranaje,0.5
1.984,-1.1105696802806313e-05,-0.012521808139447133,falla_engranaje,0.5
1.985,-0.0001166763924827125,-0.015550434468198607,falla_engranaje,0.5
1.986,3.8425215044018554e-06,-0.012057296675495405,falla_engranaje,0.5
1.987,-4.597065693384418e-05,-0.012772256689808154,falla_engranaje,0.5
1.988,6.707386074898133e-05,-0.022973543209101617,falla_engranaje,0.5
1.989,-5.554241982593879e-05,-0.010863175901473524,falla_engranaje,0.5
1.99,-9.687541359422149e-05,-0.005801050465234275,falla_engranaje,0.5
1.991,-4.100852807123371e-05,-0.0048841311014576555,falla_engranaje,0.5
1.992,-0.00010922452541520717,0.0008409521469216908,falla_engranaje,0.5
1.993,1.5412092125189514e-05,-0.0025856030483104283,falla_engranaje,0.5
1.994,-0.00011260048508301786,-0.004774026590728994,falla_engranaje,0.5
1.995,-1.681607254248728e-05,0.003793634871687917,falla_engranaje,0.5
1.996,-0.0001124654858611984,-0.005792015238260139,falla_engranaje,0.5
1.997,-3.199172306207567e-05,-0.012964145240175851,falla_engranaje,0.5
1.998,5.787364234708418e-05,-0.004394410111725169,falla_engranaje,0.5
1.999,-2.4481747399598616e-07,-0.008830939083093955,falla_engranaje,0.5
