t,x,F,falla,severidad
0.0,-2.702371355400069e-05,0.004967141530112327,saludable,0.0
0.001,-5.781745160610956e-06,0.003329734341330086,saludable,0.0
0.002,-3.170705213324428e-05,0.015901570323298184,saludable,0.0
0.003,-1.229992165809953e-05,0.029367151569355335,saludable,0.0
0.004,-7.572586271940057e-05,0.016507278034926506,saludable,0.0
0.005,8.66453156864861e-06,0.02121912194757928,saludable,0.0
0.006,2.5619164855833745e-07,0.04406395061448663,saludable,0.0
0.007,-3.238061851568565e-05,0.04065708215671582,saludable,0.0
0.008,2.6864037706135224e-05,0.03299841513896279,saludable,0.0
0.009000000000000001,3.8195307664947646e-05,0.0478286255678047,saludable,0.0
0.01,-6.344073539058766e-05,0.0424780866216712,saludable,0.0
0.011,-2.9350382263506438e-05,0.04716350701174696,saludable,0.0
0.012,-2.928738052400847e-05,0.05894820114934396,saludable,0.0
0.013000000000000001,-3.574972801765218e-05,0.04210271308520821,saludable,0.0
0.014,3.549037988076178e-05,0.0486923678557436,saludable,0.0
0.015,-5.001215542537249e-06,0.06502372544480002,saludable,0.0
0.016,-7.3095310303418415e-06,0.06522229837217564,saludable,0.0
0.017,-7.634175446342551e-05,0.08319597641626353,saludable,0.0
0.018000000000000002,2.9951779268722794e-05,0.07567497094197351,saludable,0.0
0.019,-4.434743335752442e-05,0.07533262882080713,saludable,0.0
0.02,8.459287907881392e-06,0.10881128365219353,saludable,0.0
0.021,1.8058629903097736e-05,0.09659476956556115,saludable,0.0
0.022,6.241215959451294e-05,0.10422408821652952,saludable,0.0
0.023,-4.33400772490531e-05,0.09399606543933123,saludable,0.0
0.024,-0.00011062151643587818,0.10749285929042264,saludable,0.0
0.025,1.8875791959238685e-05,0.11873738036947426,saludable,0.0
0.026000000000000002,8.497450556590769e-05,0.11080794596905548,saludable,0.0
0.027,6.400060890762456e-05,0.1307627791964707,saludable,0.0
0.028,2.442000995919018e-05,0.12568545008125723,saludable,0.0
0.029,-1.9112972024200153e-06,0.1334589888820453,saludable,0.0
0.03,5.1931044288273706e-05,0.13504093186057586,saludable,0.0
0.031,-1.7352410171235138e-05,0.16426076444362797,saludable,0.0
0.032,4.280733401310705e-05,0.15028083882849141,saludable,0.0
0.033,4.624864262976838e-05,0.14451430501496892,saludable,0.0
0.034,7.086507634633265e-05,0.16799017233728525,saludable,0.0
0.035,0.00014144415013446466,0.15222723228646676,saludable,0.0
0.036000000000000004,4.9403373485040313e-05,0.1711928179841676,saludable,0.0
0.037,1.618230667145979e-05,0.15417349278710069,saludable,0.0
0.038,3.85348533091727e-05,0.16515177538564096,saludable,0.0
0.039,-2.8098333420828017e-05,0.18506305110070367,saludable,0.0
0.04,1.8212668913049213e-05,0.19513719963962523,saludable,0.0
0.041,3.3119521069073325e-05,0.19412153524231102,saludable,0.0
0.042,3.218403432175415e-05,0.1959038430056578,saludable,0.0
0.043000000000000003,6.309412541704742e-05,0.19869884845026686,saludable,0.0
0.044,2.8092993936009595e-05,0.1915712426807883,saludable,0.0
0.045,0.00011006519993180864,0.2038015467610804,saludable,0.0
0.046,6.956632146050835e-05,0.2110340080165152,saludable,0.0
0.047,7.373057502614892e-05,0.2308488370871397,saludable,0.0
0.048,6.571872798705078e-05,0.2283477606947201,saludable,0.0
0.049,8.999640462175241e-05,0.21191181481379037,saludable,0.0
0.05,0.00012194430053917067,0.23741030200593854,saludable,0.0
0.051000000000000004,5.9541790508428856e-05,0.23494242467461562,saludable,0.0
0.052000000000000005,7.34400608694459e-05,0.2366442837761647,saludable,0.0
0.053,9.335953405954053e-05,0.2541469260798805,saludable,0.0
0.054,5.7593675663782806e-05,0.2629531529866117,saludable,0.0
0.055,8.483769735672777e-05,0.2665652207963268,saludable,0.0
0.056,0.00010496003588792967,0.2534657056757316,saludable,0.0
0.057,0.0001656304089817613,0.2633673501692971,saludable,0.0
0.058,0.0001479695562104149,0.2743697653096374,saludable,0.0
0.059000000000000004,0.00015226028989266454,0.2854062357878257,saludable,0.0
0.06,0.00018585521558881364,0.2754486245932812,saludable,0.0
0.061,0.0001538157375541952,0.2829692211522143,saludable,0.0
0.062,0.00018268571129339547,0.2783436992539541,saludable,0.0
0.063,0.00017089665661521822,0.28202194767194283,saludable,0.0
0.064,0.00019384459718454352,0.3066818966952704,saludable,0.0
0.065,0.00016832986843489653,0.3166872558337373,saludable,0.0
0.066,0.00010271884734031167,0.30696849688859895,saludable,0.0
0.067,0.00020387750726677377,0.3222831281654547,saludable,0.0
0.068,0.0002753661290666006,0.320418752176786,saludable,0.0
0.069,0.00026491474033329797,0.31490111199661774,saludable,0.0
0.07,0.00027615158129254446,0.3295114413979528,saludable,0.0
0.07100000000000001,0.0002969064092487508,0.34581821838839594,saludable,0.0
0.07200000000000001,0.0002611590444438964,0.3346150847818252,saludable,0.0
0.073,0.0002759460274190163,0.35515033282830544,saludable,0.0
0.074,0.0002540284832837427,0.3178319886476202,saludable,0.0
0.075,0.000277049831039603,0.35676893423937023,saludable,0.0
0.076,0.0003255456622622933,0.3539357093373084,saludable,0.0
0.077,0.00036054732686033704,0.35458528852231347,saludable,0.0
0.078,0.00031850283353989707,0.3629978211359488,saludable,0.0
0.079,0.00031804741441003375,0.3467040376981734,saludable,0.0
0.08,0.0003483219368499451,0.3688771178285434,saludable,0.0
0.081,0.00038485096295847425,0.37913360303512716,saludable,0.0
0.082,0.00031575055850800965,0.394824523595339,saludable,0.0
0.083,0.0002946637238608587,0.37934038657688546,saludable,0.0
0.084,0.0003778302397148642,0.38090999280085613,saludable,0.0
0.085,0.0003645650724162594,0.38844346770421134,saludable,0.0
0.08600000000000001,0.00040690490982289105,0.4070753727572603,saludable,0.0
0.08700000000000001,0.00043541800659220245,0.4056633152461445,saludable,0.0
0.088,0.0004375567300557171,0.4015267289201425,saludable,0.0
0.089,0.0005284653535953275,0.4163995415578413,saludable,0.0
0.09,0.0004983117278929634,0.41667412378444074,saludable,0.0
0.091,0.0005124373254271693,0.4298201595048986,saludable,0.0
0.092,0.0005407663439028994,0.41753735577824375,saludable,0.0
0.093,0.0004860051241888317,0.4256991938584985,saludable,0.0
0.094,0.0005891660465281361,0.42946634968969716,saludable,0.0
0.095,0.0005608009370546816,0.4231575208434993,saludable,0.0
0.096,0.000607187138860534,0.4451526714450082,saludable,0.0
0.097,0.0005542332364035196,0.44919431515143005,saludable,0.0
0.098,0.0005520012009136751,0.45102062243974,saludable,0.0
0.099,0.0006642528080801415,0.45300271007824955,saludable,0.0
0.1,0.0006641792420415324,0.4455672721568584,saludable,0.0
0.101,0.0006308671567689179,0.45988016579969965,saludable,0.0
0.10200000000000001,0.0006502811510639895,0.46501829138212375,saludable,0.0
0.10300000000000001,0.0007485164387732216,0.4647745963593289,saludable,0.0
0.10400000000000001,0.0006745103124754467,0.4755294964670528,saludable,0.0
0.105,0.000806770410982012,0.4855208358869488,saludable,0.0
0.106,0.000724151401030058,0.5046730865760168,saludable,0.0
0.107,0.0008052025202933148,0.4918807698878096,saludable,0.0
0.108,0.0007862255297854114,0.49702706138775404,saludable,0.0
0.109,0.0008435138667851116,0.49801640328003743,saludable,0.0
0.11,0.0008178507244874766,0.4838751323255638,saludable,0.0
0.111,0.0008536225835833575,0.5070923028341697,saludable,0.0
0.112,0.0008825356587956753,0.5122468939921873,saludable,0.0
0.113,0.00086180506873838,0.540556654780848,saludable,0.0
0.114,0.0009528581164423792,0.5182726956370958,saludable,0.0
0.115,0.0009242235941241553,0.5274762187520847,saludable,0.0
0.116,0.0009574284558727419,0.5283703747834964,saludable,0.0
0.117,0.0009488478311590826,0.5212797052020792,saludable,0.0
0.11800000000000001,0.0009084044604355813,0.5486358917511229,saludable,0.0
0.11900000000000001,0.0010258793104701075,0.5489602960217757,saludable,0.0
0.12,0.001152911437291513,0.5535766505951301,saludable,0.0
0.121,0.0011108276649522445,0.540789824776506,saludable,0.0
0.122,0.0011019744020205444,0.5681209529832523,saludable,0.0
0.123,0.0011157897990504274,0.5442756918765558,saludable,0.0
0.124,0.001151019911202213,0.5683557880385485,saludable,0.0
0.125,0.0011960615895877304,0.5885765499585099,saludable,0.0
0.126,0.001151196866343655,0.560943109246185,saludable,0.0
0.127,0.0012675925931777648,0.5693536165454001,saludable,0.0
0.128,0.0012763851723551658,0.5801728118900594,saludable,0.0
0.129,0.0013014837570261694,0.5782927698149942,saludable,0.0
0.13,0.0013155020471163246,0.5719635847066245,saludable,0.0
0.131,0.001324164797050101,0.5922899469562093,saludable,0.0
0.132,0.001375953425345706,0.5851067249387989,saludable,0.0
0.133,0.0013985684592945457,0.6045824192375158,saludable,0.0
0.134,0.001386783996515836,0.5947602149051896,saludable,0.0
0.135,0.0014042825768853207,0.623552934714402,saludable,0.0
0.136,0.001457820013902818,0.6043113040630663,saludable,0.0
0.137,0.0015424578753449338,0.6130045230244195,saludable,0.0
0.138,0.001457780262232998,0.6284326085786572,saludable,0.0
0.139,0.0014757602679185955,0.6120520307874577,saludable,0.0
0.14,0.0015684130527493859,0.6306893926533371,saludable,0.0
0.14100000000000001,0.0015913700396143133,0.6455311646660504,saludable,0.0
0.14200000000000002,0.001623988772648168,0.6204206158782689,saludable,0.0
0.14300000000000002,0.0016547217970006797,0.6423682081924597,saludable,0.0
0.14400000000000002,0.0016641124059212245,0.6471377723879916,saludable,0.0
0.145,0.001760952958873488,0.6563648448049714,saludable,0.0
0.146,0.001665710401189803,0.6401753209483734,saludable,0.0
0.147,0.0017252655376661463,0.6433289579272617,saludable,0.0
0.148,0.0017830959538053994,0.6657320636277725,saludable,0.0
0.149,0.0017504315443506457,0.6674519905914016,saludable,0.0
0.15,0.0018383052848000754,0.6709468844662766,saludable,0.0
0.151,0.0019411549502847043,0.6758565108020606,saludable,0.0
0.152,0.0019049676486206822,0.6695320594832996,saludable,0.0
0.153,0.0019429980915182062,0.6825852717015815,saludable,0.0
0.154,0.0019131119006452982,0.6871139825089061,saludable,0.0
0.155,0.001968818389428316,0.6809503068188422,saludable,0.0
0.156,0.002008554818937423,0.7106521148601775,saludable,0.0
0.157,0.0020410882512261297,0.7006231787711373,saludable,0.0
0.158,0.0021354860568443064,0.6878521711932073,saludable,0.0
0.159,0.0021370266081857034,0.7102009215610027,saludable,0.0
0.16,0.0021008653592088093,0.6977485168953562,saludable,0.0
0.161,0.0021859892843779163,0.7192158428708905,saludable,0.0
0.162,0.002226959359258036,0.726770277464592,saludable,0.0
0.163,0.00228367759637632,0.710806431623602,saludable,0.0
0.164,0.0023324471433795214,0.7324655044050165,saludable,0.0
0.165,0.002259813602821745,0.730767542937495,saludable,0.0
0.166,0.002299358514391283,0.7386577753479009,saludable,0.0
0.167,0.002312959249639251,0.7531919406506427,saludable,0.0
0.168,0.002385520829176745,0.7355463114074428,saludable,0.0
0.169,0.002445250489332978,0.7342283052051941,saludable,0.0
0.17,0.0024978858423692326,0.7366252374432113,saludable,0.0
0.171,0.0024871904806378227,0.7411061826630951,saludable,0.0
0.17200000000000001,0.0025093651921274072,0.7522263095503232,saludable,0.0
0.17300000000000001,0.002560251488353532,0.7601309735622283,saludable,0.0
0.17400000000000002,0.0025528374396503297,0.7631975238988351,saludable,0.0
0.17500000000000002,0.0027020556622607836,0.7724025944987145,saludable,0.0
0.176,0.002586307215468274,0.7679498603371763,saludable,0.0
0.177,0.002690343051373259,0.786033144410448,saludable,0.0
0.178,0.002796302908317214,0.7725180300488729,saludable,0.0
0.179,0.002747999738796153,0.8060218672320635,saludable,0.0
0.18,0.0027726000460329713,0.7887211588019928,saludable,0.0
0.181,0.0027984386821709277,0.7775259024333319,saludable,0.0
0.182,0.0028381022984483827,0.7790101791586274,saludable,0.0
0.183,0.0029328720516007814,0.7981540386684188,saludable,0.0
0.184,0.002822024876175136,0.794693432254588,saludable,0.0
0.185,0.0030045851457678385,0.80765529705043,saludable,0.0
0.186,0.002918897026712514,0.8088233381768734,saludable,0.0
0.187,0.0029979202350715636,0.8069267320726821,saludable,0.0
0.188,0.0030241294672789243,0.8027394845769128,saludable,0.0
0.189,0.003097586213376419,0.7995996434211723,saludable,0.0
0.19,0.00304277662071298,0.8138119056907118,saludable,0.0
0.191,0.0031579392314277244,0.8303581808315529,saludable,0.0
0.192,0.0032531593947902433,0.8274404188615073,saludable,0.0
0.193,0.003150267968251539,0.8163354859628433,saludable,0.0
0.194,0.00324509230044988,0.8340061323014288,saludable,0.0
0.195,0.003243649930825449,0.8395969564849305,saludable,0.0
0.196,0.003319816280577586,0.830362631934795,saludable,0.0
0.197,0.003336130195487029,0.844183798767462,saludable,0.0
0.198,0.003342245554332345,0.8466618481690622,saludable,0.0
0.199,0.0034199678915930744,0.8380710974382349,saludable,0.0
0.2,0.003505131716646463,0.8564874941246668,saludable,0.0
0.201,0.003457694416912239,0.8619140213078046,saludable,0.0
0.202,0.0035265182609938014,0.8705209343917445,saludable,0.0
0.203,0.003478275029350089,0.8736003339936306,saludable,0.0
0.20400000000000001,0.0035240343984098586,0.8526451123395671,saludable,0.0
0.20500000000000002,0.003613434333733247,0.8603906048650137,saludable,0.0
0.20600000000000002,0.003686057408408611,0.8782537697793042,saludable,0.0
0.20700000000000002,0.003672943796738744,0.8815633071893147,saludable,0.0
0.20800000000000002,0.0036781614118884367,0.8848853802118744,saludable,0.0
0.209,0.003722565933814838,0.9215590556199584,saludable,0.0
0.21,0.0037043844890881457,0.8920248217166297,saludable,0.0
0.211,0.003810394610501726,0.9009430445113462,saludable,0.0
0.212,0.003853194484014199,0.9023861301566549,saludable,0.0
0.213,0.0038313756331621947,0.9026059599057685,saludable,0.0
0.214,0.003862151046086857,0.8961724580610003,saludable,0.0
0.215,0.003922992464455236,0.9101350720948226,saludable,0.0
0.216,0.003926146444735354,0.8980244416588138,saludable,0.0
0.217,0.003972136187645537,0.9065788646875973,saludable,0.0
0.218,0.004089852929121707,0.907274774010128,saludable,0.0
0.219,0.0040268249941621285,0.9161154703865652,saludable,0.0
0.22,0.0040531366562787715,0.9415985541656974,saludable,0.0
0.221,0.004072205451438882,0.902921435555988,saludable,0.0
0.222,0.004158416087941381,0.9315856475642884,saludable,0.0
0.223,0.004151734558388086,0.9117116442870086,saludable,0.0
0.224,0.004163201839273891,0.9262220010488492,saludable,0.0
0.225,0.004272120609625096,0.9449200622099105,saludable,0.0
0.226,0.004305945468284002,0.9377492734936389,saludable,0.0
0.227,0.004254831704742012,0.9293915840659044,saludable,0.0
0.228,0.004233723929332668,0.9360651559747862,saludable,0.0
0.229,0.0043781483681602715,0.9530498959073858,saludable,0.0
0.23,0.004339640639314286,0.9419725032786298,saludable,0.0
0.231,0.004427731050826818,0.954449494445662,saludable,0.0
0.232,0.004346095881130611,0.9557358158795615,saludable,0.0
0.233,0.004489354164336812,0.9517456953639994,saludable,0.0
0.234,0.004433641266026713,0.9826691162264175,saludable,0.0
0.23500000000000001,0.0045396729303332625,0.9705231801409001,saludable,0.0
0.23600000000000002,0.004539121550327817,0.946873179938827,saludable,0.0
0.23700000000000002,0.004528289975300308,0.9719160296100264,saludable,0.0
0.23800000000000002,0.004577889122584038,0.9663467309620187,saludable,0.0
0.23900000000000002,0.0046491518235745035,0.9843882305723758,saludable,0.0
0.24,0.004653214183420628,0.9708241481553661,saludable,0.0
0.241,0.004699446748550855,0.9804735706310476,saludable,0.0
0.242,0.004782022781722613,0.9895284732800244,saludable,0.0
0.243,0.0046669521797600005,0.9959798688208082,saludable,0.0
0.244,0.004820715402602234,0.9781490854064964,saludable,0.0
0.245,0.004786363207531147,0.9896227514496959,saludable,0.0
0.246,0.004772175911915596,0.9910199725446571,saludable,0.0
0.247,0.004780630573277523,0.9920237087403538,saludable,0.0
0.248,0.0048517914242317,1.0189849987460713,saludable,0.0
0.249,0.004921501073426675,1.0081395751647722,saludable,0.0
0.25,0.004904527587235924,0.9942260334881116,saludable,0.0
0.251,0.004994887324370603,1.0187443878352105,saludable,0.0
0.252,0.004900842696187533,1.033503973380798,saludable,0.0
0.253,0.004982726914867284,1.0253094223948618,saludable,0.0
0.254,0.004957132015548725,1.0024791117255263,saludable,0.0
0.255,0.005045601293519984,1.015504163618573,saludable,0.0
0.256,0.00509006355959189,1.035674928582727,saludable,0.0
0.257,0.005060985944577691,1.0185740236408765,saludable,0.0
0.258,0.004996592930257555,1.0327193711950788,saludable,0.0
0.259,0.005131517754260894,1.03864350268975,saludable,0.0
0.26,0.005163500066922844,1.0242293387894281,saludable,0.0
0.261,0.005184393877212203,1.0354903371530768,saludable,0.0
0.262,0.005239586331874146,1.0062453003997467,saludable,0.0
0.263,0.0051688748426778845,1.030971886640819,saludable,0.0
0.264,0.00526028569741707,1.0412332475193589,saludable,0.0
0.265,0.005301818977341371,1.0338096107467811,saludable,0.0
0.266,0.0052036374034940165,1.0651253877921718,saludable,0.0
0.267,0.005308071539235496,1.036998983183384,saludable,0.0
0.268,0.005295263779919323,1.049384335971905,saludable,0.0
0.269,0.005332046405974272,1.0575618040674977,saludable,0.0
0.27,0.005368796877851922,1.0731219544076105,saludable,0.0
0.271,0.005354665726335745,1.0467906014536938,saludable,0.0
0.272,0.005366111434910641,1.0752060128949312,saludable,0.0
0.273,0.005413213451240756,1.0660869823578514,saludable,0.0
0.274,0.00538672625769271,1.0585649388591898,saludable,0.0
0.275,0.005404873349582064,1.075381504538186,saludable,0.0
0.276,0.005493309533281271,1.0751165558123668,saludable,0.0
0.277,0.005437620381996428,1.0694742978882616,saludable,0.0
0.278,0.005527444975511492,1.078509988438084,saludable,0.0
0.279,0.005536156889333593,1.0762793003324411,saludable,0.0
0.28,0.005465122718206619,1.083573021187259,saludable,0.0
0.281,0.005523322310799347,1.0913494838479814,saludable,0.0
0.28200000000000003,0.0056141720753798,1.10286356805775,saludable,0.0
0.28300000000000003,0.005542740631685748,1.0768853368962528,saludable,0.0
0.28400000000000003,0.005578744815713672,1.1128387628616172,saludable,0.0
0.28500000000000003,0.0056308380843467,1.0742173099190715,saludable,0.0
0.28600000000000003,0.005658397326795543,1.0944348939374522,saludable,0.0
0.28700000000000003,0.005631343841986716,1.1040352489855219,saludable,0.0
0.28800000000000003,0.005631553579120407,1.103146079855223,saludable,0.0
0.289,0.00572614119852439,1.0962779799064037,saludable,0.0
0.29,0.005752232602728525,1.102577273923113,saludable,0.0
0.291,0.005734911336811731,1.1018666938042412,saludable,0.0
0.292,0.005711923750179586,1.1030259259955932,saludable,0.0
0.293,0.005688608392794234,1.1195231072091059,saludable,0.0
0.294,0.005699851004331454,1.1166893748835738,saludable,0.0
0.295,0.005765817320049888,1.1082668581012671,saludable,0.0
0.296,0.005773141467269478,1.1262532664993894,saludable,0.0
0.297,0.005823664227064122,1.1223761360054119,saludable,0.0
0.298,0.005804454584921433,1.1294621743793674,saludable,0.0
0.299,0.005728798670453591,1.1296447736130875,saludable,0.0
0.3,0.005841285539536243,1.1170579672455954,saludable,0.0
0.301,0.0057691344818170875,1.121730020105488,saludable,0.0
0.302,0.005803283207485913,1.1367731418209102,saludable,0.0
0.303,0.00583791492136406,1.1373567271982987,saludable,0.0
0.304,0.0059167084094835605,1.1329812525780198,saludable,0.0
0.305,0.00596991726166889,1.136285193496318,saludable,0.0
0.306,0.005878022124577037,1.1497946091963878,saludable,0.0
0.307,0.005854383817785315,1.132992658898578,saludable,0.0
0.308,0.00589077239303057,1.1462541139495501,saludable,0.0
0.309,0.005912249438171956,1.1406203188823305,saludable,0.0
0.31,0.005870911490260438,1.1423088599628852,saludable,0.0
0.311,0.005962302177173876,1.1573011721115107,saludable,0.0
0.312,0.005906047946261838,1.156379587661103,saludable,0.0
0.313,0.005922843517227817,1.1580568143560226,saludable,0.0
0.314,0.005935347955339531,1.1647570576868778,saludable,0.0
0.315,0.005931036817111071,1.1536771022822305,saludable,0.0
0.316,0.005952901201422895,1.162035615585005,saludable,0.0
0.317,0.005899463013886924,1.1538466534799896,saludable,0.0
0.318,0.005906351045682973,1.1619084186125113,saludable,0.0
0.319,0.005888875073022184,1.1590669434417689,saludable,0.0
0.32,0.005954407198331894,1.1630241236659282,saludable,0.0
0.321,0.005971591325063629,1.1696756819987884,saludable,0.0
0.322,0.005962030720608636,1.1571959971921606,saludable,0.0
0.323,0.006013712623420392,1.1879403007557037,saludable,0.0
0.324,0.005949152237200218,1.1585785972840774,saludable,0.0
0.325,0.0059785303537675345,1.1581033349180077,saludable,0.0
0.326,0.005910142712563637,1.1834168745842528,saludable,0.0
0.327,0.0059401169001362854,1.1813270207481676,saludable,0.0
0.328,0.005984932438194807,1.1812102916831435,saludable,0.0
0.329,0.005992269832948789,1.1827953089326637,saludable,0.0
0.33,0.005947421882279704,1.1779161962305367,saludable,0.0
0.331,0.005956908081509091,1.1705769696128518,saludable,0.0
0.332,0.005899326905904126,1.1818024372761688,saludable,0.0
0.333,0.005945809302700848,1.1757516719816115,saludable,0.0
0.334,0.0059954547563655465,1.1937373931977067,saludable,0.0
0.335,0.005982282376511074,1.1839625287981554,saludable,0.0
0.336,0.005978461534479095,1.1786090282866264,saludable,0.0
0.337,0.005959289525532729,1.1850650215703917,saludable,0.0
0.338,0.005956169148706751,1.1938070478427747,saludable,0.0
0.339,0.005927769227853864,1.1854233064460549,saludable,0.0
0.34,0.005980203669023649,1.184205124124319,saludable,0.0
0.341,0.005966831240522751,1.1962149260940655,saludable,0.0
0.342,0.005967155438792457,1.1975623880348079,saludable,0.0
0.343,0.005923622300052982,1.1913618943028426,saludable,0.0
0.34400000000000003,0.0058554365160839545,1.1930234753550555,saludable,0.0
0.34500000000000003,0.005982213363383427,1.2013408122857159,saludable,0.0
0.34600000000000003,0.005915549389716876,1.185809839959439,saludable,0.0
0.34700000000000003,0.005896332214737183,1.187470326160254,saludable,0.0
0.34800000000000003,0.0059545002441695055,1.1955987066852152,saludable,0.0
0.34900000000000003,0.005906669390047989,1.201870761526051,saludable,0.0
0.35000000000000003,0.005960140233914462,1.2083202869747023,saludable,0.0
0.35100000000000003,0.005937524252860385,1.2211546411631125,saludable,0.0
0.352,0.005935064600407336,1.216151427859886,saludable,0.0
0.353,0.005847678631314086,1.207133079772618,saludable,0.0
0.354,0.005945267025853058,1.2096838133892784,saludable,0.0
0.355,0.005901387574583897,1.2009740656018884,saludable,0.0
0.356,0.005870081369957638,1.211923481775128,saludable,0.0
0.357,0.005884297638733449,1.2103151477530076,saludable,0.0
0.358,0.005800933173264915,1.2175059051772463,saludable,0.0
0.359,0.005881623419012333,1.2070672575891497,saludable,0.0
0.36,0.00581708624210978,1.2215777395221588,saludable,0.0
0.361,0.00579694340111076,1.2327402289446237,saludable,0.0
0.362,0.005782745740897947,1.2173376603104893,saludable,0.0
0.363,0.00588060033329842,1.2234386562981912,saludable,0.0
0.364,0.005803060161435345,1.2273031106243724,saludable,0.0
0.365,0.005881612458148229,1.2173534513026758,saludable,0.0
0.366,0.005790560816945227,1.224554419464392,saludable,0.0
0.367,0.005735250141215999,1.2233711105054732,saludable,0.0
0.368,0.005750283692784722,1.2251374927670156,saludable,0.0
0.369,0.005835628734807848,1.2173300331548833,saludable,0.0
0.37,0.005770927405426048,1.2261884866610329,saludable,0.0
0.371,0.005746033992884422,1.2317904775434512,saludable,0.0
0.372,0.005765015953865761,1.2421728975727655,saludable,0.0
0.373,0.005769158145580951,1.238088995423594,saludable,0.0
0.374,0.005784097141754161,1.2508467981517193,saludable,0.0
0.375,0.005787492540267361,1.2224440473381792,saludable,0.0
0.376,0.005705099689580159,1.2396271442206532,saludable,0.0
0.377,0.005656242384652033,1.2335076411010009,saludable,0.0
0.378,0.005682429910726966,1.2543264049659517,saludable,0.0
0.379,0.005698912377466211,1.225083422154747,saludable,0.0
0.38,0.005639289609930188,1.225491094417757,saludable,0.0
0.381,0.005628764151213136,1.2286001766333234,saludable,0.0
0.382,0.005669888317577068,1.2140448227576104,saludable,0.0
0.383,0.00564308005165471,1.2306997978968317,saludable,0.0
0.384,0.005635086118778458,1.2290234856334843,saludable,0.0
0.385,0.005592018615243108,1.238760115381099,saludable,0.0
0.386,0.005601623348257062,1.2412990090696443,saludable,0.0
0.387,0.005562195063509575,1.257252341710659,saludable,0.0
0.388,0.005623045060791728,1.2485879738873105,saludable,0.0
0.389,0.005616971679340043,1.2338917255714585,saludable,0.0
0.39,0.0054896486700001385,1.2312375730141674,saludable,0.0
0.391,0.005514222341284117,1.245685806846123,saludable,0.0
0.392,0.00547929962686697,1.2280931233804027,saludable,0.0
0.393,0.005500841680622956,1.2601228357423018,saludable,0.0
0.394,0.0055110802469157125,1.2540994019200613,saludable,0.0
0.395,0.005443875556205344,1.2380939647838003,saludable,0.0
0.396,0.0054523855901096535,1.2261190728201667,saludable,0.0
0.397,0.005436382727783376,1.257237823408583,saludable,0.0
0.398,0.005472055090398397,1.242986376339073,saludable,0.0
0.399,0.005453650622071888,1.2569266157075176,saludable,0.0
0.4,0.0054090289009067665,1.2290048658534465,saludable,0.0
0.401,0.0054319560269579835,1.2393401037917056,saludable,0.0
0.402,0.005389876693668668,1.2457550342759547,saludable,0.0
0.403,0.00538769130238981,1.2465251883853539,saludable,0.0
0.404,0.00545228511925819,1.2418915653289613,saludable,0.0
0.405,0.005425634880125715,1.252941620187756,saludable,0.0
0.406,0.005306588966790985,1.236341891694162,saludable,0.0
0.40700000000000003,0.005378378310923467,1.245883361924358,saludable,0.0
0.40800000000000003,0.00536415239658072,1.2487832711815035,saludable,0.0
0.40900000000000003,0.0052721787407800915,1.2529819705186862,saludable,0.0
0.41000000000000003,0.005337329696250116,1.2551951196972362,saludable,0.0
0.41100000000000003,0.00535250112100847,1.237058072640993,saludable,0.0
0.41200000000000003,0.0052323664620347035,1.2331730211593046,saludable,0.0
0.41300000000000003,0.005226876692870017,1.261484760095568,saludable,0.0
0.41400000000000003,0.005290605256386637,1.2522091340258104,saludable,0.0
0.41500000000000004,0.005246997867230717,1.2415633171843938,saludable,0.0
0.41600000000000004,0.005244438061077425,1.264706091436394,saludable,0.0
0.417,0.005222217690256282,1.2504819217926773,saludable,0.0
0.418,0.005210437530268869,1.2612329801234063,saludable,0.0
0.419,0.00512791873644486,1.2502142696979561,saludable,0.0
0.42,0.005209137740358704,1.2702298994816141,saludable,0.0
0.421,0.005200247666640861,1.267243438009546,saludable,0.0
0.422,0.0051304889498870595,1.2472522869868783,saludable,0.0
0.423,0.005124175496975092,1.2594938422077633,saludable,0.0
0.424,0.005050889487355452,1.2562524178408536,saludable,0.0
0.425,0.005119027925782344,1.2634898373416195,saludable,0.0
0.426,0.005107638584382768,1.2401435049841851,saludable,0.0
0.427,0.0050685689089905,1.2566268433171024,saludable,0.0
0.428,0.005102394337455896,1.2603085511899423,saludable,0.0
0.429,0.005030387978673053,1.2320792949847517,saludable,0.0
0.43,0.005052747060177129,1.2377609118908761,saludable,0.0
0.431,0.004975742182079104,1.2291124240386342,saludable,0.0
0.432,0.0050020329715125865,1.2467063861606333,saludable,0.0
0.433,0.004982443859212147,1.256456064172399,saludable,0.0
0.434,0.0049849287877528565,1.26416889646555,saludable,0.0
0.435,0.004947663447343036,1.2497354743694111,saludable,0.0
0.436,0.004943787260853741,1.2651144182706264,saludable,0.0
0.437,0.004968765463915994,1.2348455397185631,saludable,0.0
0.438,0.004904928083361419,1.2314155965039977,saludable,0.0
0.439,0.004844852438628192,1.2476814057588055,saludable,0.0
0.44,0.004965975966890202,1.2518496147500138,saludable,0.0
0.441,0.004938098917161473,1.2474387266307707,saludable,0.0
0.442,0.004818007121875378,1.2268326242421097,saludable,0.0
0.443,0.004884313130425752,1.2463418944646676,saludable,0.0
0.444,0.004823613932441446,1.2338991494300915,saludable,0.0
0.445,0.004841393677462534,1.2533360411926544,saludable,0.0
0.446,0.004829798250726402,1.2499855131279152,saludable,0.0
0.447,0.004795897284367234,1.2365857137223004,saludable,0.0
0.448,0.004761244337152651,1.2404956118121153,saludable,0.0
0.449,0.004752387032236407,1.2346767264350578,saludable,0.0
0.45,0.004730844198056318,1.2442614856669751,saludable,0.0
0.451,0.004721792619105091,1.254043972457402,saludable,0.0
0.452,0.00474006396001581,1.2342244425985827,saludable,0.0
0.453,0.00470186463599876,1.2486962270532045,saludable,0.0
0.454,0.004745665204977589,1.2379121736657477,saludable,0.0
0.455,0.004765844043009869,1.234829962941023,saludable,0.0
0.456,0.004671147014691269,1.241217307146329,saludable,0.0
0.457,0.004692089218845413,1.2314491099346394,saludable,0.0
0.458,0.004690750347389418,1.2357639905684716,saludable,0.0
0.459,0.004677985710073895,1.2288057085848703,saludable,0.0
0.46,0.004650579832987957,1.2599008217855097,saludable,0.0
0.461,0.004665826205192871,1.24006039386438,saludable,0.0
0.462,0.004644086012275923,1.2321498222360054,saludable,0.0
0.463,0.004564044608804337,1.2407113528713447,saludable,0.0
0.464,0.0046372809020999075,1.2368579338388137,saludable,0.0
0.465,0.004627039172895911,1.235166389934951,saludable,0.0
0.466,0.004550128061550892,1.2428978626990168,saludable,0.0
0.467,0.004571474932431289,1.2436966481430392,saludable,0.0
0.468,0.004586717162854727,1.2301672281384657,saludable,0.0
0.46900000000000003,0.004540528699034881,1.2290500469102168,saludable,0.0
0.47000000000000003,0.004581514539682012,1.2313790513284553,saludable,0.0
0.47100000000000003,0.0046229718355229425,1.2104170733166573,saludable,0.0
0.47200000000000003,0.0044868088688965815,1.2175764973340306,saludable,0.0
0.47300000000000003,0.004453015640607048,1.2456747088446851,saludable,0.0
0.47400000000000003,0.004510610029773465,1.2477186658822992,saludable,0.0
0.47500000000000003,0.0045176408329614245,1.2280271446778435,saludable,0.0
0.47600000000000003,0.004469976176834542,1.2355171144103683,saludable,0.0
0.47700000000000004,0.004527981584721247,1.2320836392873915,saludable,0.0
0.47800000000000004,0.004406981200024352,1.2589651221634024,saludable,0.0
0.47900000000000004,0.004479194243081149,1.238562853266681,saludable,0.0
0.48,0.004418278814496004,1.225264362651567,saludable,0.0
0.481,0.004502561869833974,1.2161502437603258,saludable,0.0
0.482,0.0045048508803791154,1.2087890008356619,saludable,0.0
0.483,0.004385907140153297,1.2260216538667508,saludable,0.0
0.484,0.004386229762594684,1.215542832688201,saludable,0.0
0.485,0.004434408498838101,1.2079889266448187,saludable,0.0
0.486,0.004376425978407936,1.214836691506296,saludable,0.0
0.487,0.004382160360340256,1.2095637622070443,saludable,0.0
0.488,0.004377194287174891,1.236313378289514,saludable,0.0
0.489,0.004291699495675465,1.2273070097550747,saludable,0.0
0.49,0.004360500972653883,1.2174454995551618,saludable,0.0
0.491,0.004326127936854097,1.2313452778946339,saludable,0.0
0.492,0.004326838804336647,1.2163261603261424,saludable,0.0
0.493,0.00439736081654552,1.2059323398711024,saludable,0.0
0.494,0.004282446280587558,1.2287552250984557,saludable,0.0
0.495,0.004358599604966488,1.2178780191573293,saludable,0.0
0.496,0.004308365781961601,1.2010675579020216,saludable,0.0
0.497,0.004301967830819097,1.2084739343253044,saludable,0.0
0.498,0.004338583524717736,1.2005446760036125,saludable,0.0
0.499,0.004314494950936531,1.1943826694916566,saludable,0.0
0.5,0.004317804143233949,1.2163685566618638,saludable,0.0
0.501,0.004327952580980279,1.2250834036128138,saludable,0.0
0.502,0.004270348493561028,1.1908723948679174,saludable,0.0
0.503,0.004253672433746788,1.2093430097119415,saludable,0.0
0.504,0.004229464461182853,1.196048587921735,saludable,0.0
0.505,0.004234736704795665,1.1965119419830046,saludable,0.0
0.506,0.004380837060418507,1.1942739613584306,saludable,0.0
0.507,0.004307797568546923,1.1903592571104065,saludable,0.0
0.508,0.0041992318427075456,1.1982722417932234,saludable,0.0
0.509,0.004195857257172761,1.1882520188497587,saludable,0.0
0.51,0.004263708039789376,1.1980272540771453,saludable,0.0
0.511,0.0042621102050744,1.1935681795652453,saludable,0.0
0.512,0.004258117425963646,1.1904157020127097,saludable,0.0
0.513,0.004222037765352379,1.1824509528261247,saludable,0.0
0.514,0.004223462901102065,1.1844671066269126,saludable,0.0
0.515,0.004237998676987592,1.196483824789364,saludable,0.0
0.516,0.004224854651255435,1.1926210779232151,saludable,0.0
0.517,0.004129289787013907,1.1765052870495556,saludable,0.0
0.518,0.004205768496631737,1.1859300751660269,saludable,0.0
0.519,0.004177883409121166,1.191093554562871,saludable,0.0
0.52,0.004216129370567199,1.1655156199879728,saludable,0.0
0.521,0.0043258939089332385,1.1862603623039183,saludable,0.0
0.522,0.004218556347231731,1.1728047485487707,saludable,0.0
0.523,0.004188881349984751,1.1837283770328182,saludable,0.0
0.524,0.004236052852472309,1.168968421920218,saludable,0.0
0.525,0.004216354736761472,1.1571180752326784,saludable,0.0
0.526,0.004211849864577564,1.157444655118277,saludable,0.0
0.527,0.004217450368989593,1.1727414538182293,saludable,0.0
0.528,0.004273732647554918,1.1733857371151908,saludable,0.0
0.529,0.004144557730110246,1.160260677981864,saludable,0.0
0.53,0.004207314865607636,1.1741925670415605,saludable,0.0
0.531,0.004149957612552559,1.149681748035018,saludable,0.0
0.532,0.004208074770362718,1.164114006954076,saludable,0.0
0.533,0.004148000411222997,1.1511300915984066,saludable,0.0
0.534,0.00416712190005761,1.1551749760367453,saludable,0.0
0.535,0.004171193416735601,1.1606080848964806,saludable,0.0
0.536,0.004221365305728502,1.1499584460303895,saludable,0.0
0.537,0.004218502184990137,1.1531332692477925,saludable,0.0
0.538,0.004131432043798629,1.1654458045647045,saludable,0.0
0.539,0.004183172808374083,1.148005859796173,saludable,0.0
0.54,0.004152382208756699,1.1605114955191853,saludable,0.0
0.541,0.004130339026818299,1.1392252394894506,saludable,0.0
0.542,0.004172068919752768,1.1541760652143087,saludable,0.0
0.543,0.004168574566945618,1.1616374510219893,saludable,0.0
0.544,0.004278335605244946,1.1208371315822392,saludable,0.0
0.545,0.004198930707870473,1.1359045507777252,saludable,0.0
0.546,0.004126953529382846,1.147952311112197,saludable,0.0
0.547,0.004160087068465922,1.1384474272094596,saludable,0.0
0.548,0.004224283250284744,1.142473880900398,saludable,0.0
0.549,0.004267808446218662,1.1309954065916508,saludable,0.0
0.55,0.004121661337806193,1.1361623333302877,saludable,0.0
0.551,0.004110915635211648,1.13198922649257,saludable,0.0
0.552,0.004262161920820798,1.1434618151170093,saludable,0.0
0.553,0.00420409264113556,1.1325546768973755,saludable,0.0
0.554,0.004155069091624995,1.1316014935833631,saludable,0.0
0.555,0.004212642418029842,1.1223102667343925,saludable,0.0
0.556,0.004087259732062082,1.119745161098298,saludable,0.0
0.557,0.0041944837503489025,1.1184764926644237,saludable,0.0
0.558,0.004209145420354612,1.1249161583531044,saludable,0.0
0.559,0.004234777789026617,1.1149201127859263,saludable,0.0
0.56,0.004159044784975018,1.1201748323720606,saludable,0.0
0.561,0.004204976257904644,1.1361670709787468,saludable,0.0
0.562,0.004166515256944778,1.122249189801072,saludable,0.0
0.5630000000000001,0.0042158734226428775,1.1083915355777718,saludable,0.0
0.5640000000000001,0.0041719868029566004,1.121766734551859,saludable,0.0
0.5650000000000001,0.004193732824943529,1.1037657104345158,saludable,0.0
0.5660000000000001,0.0041725242629445285,1.0855461803216466,saludable,0.0
0.5670000000000001,0.0042408089226188715,1.0939166651812802,saludable,0.0
0.5680000000000001,0.004251518866936721,1.0833489014023658,saludable,0.0
0.5690000000000001,0.004210225524485504,1.0965902165579193,saludable,0.0
0.5700000000000001,0.004223647869921515,1.0983273533583915,saludable,0.0
0.5710000000000001,0.00416669127983173,1.112934697318241,saludable,0.0
0.5720000000000001,0.004215288281062362,1.0974561382597037,saludable,0.0
0.5730000000000001,0.004227943470678589,1.090001834652188,saludable,0.0
0.5740000000000001,0.0043375653627549535,1.0984823558122547,saludable,0.0
0.5750000000000001,0.004190925976833334,1.0660619413178458,saludable,0.0
0.5760000000000001,0.004296829359473242,1.0885040186033739,saludable,0.0
0.577,0.004280946655547603,1.0918207377948541,saludable,0.0
0.578,0.00425514110250132,1.0672801206155746,saludable,0.0
0.579,0.004317185519510308,1.0914471554216791,saludable,0.0
0.58,0.004264606480310522,1.0813279961444955,saludable,0.0
0.581,0.004268238140178148,1.0717134057876474,saludable,0.0
0.582,0.004253507462699921,1.0801072429829472,saludable,0.0
0.583,0.004307599023580398,1.094389429740643,saludable,0.0
0.584,0.004305536394580067,1.0713942290520402,saludable,0.0
0.585,0.00423965918979765,1.0699408773982992,saludable,0.0
0.586,0.0042149639423774135,1.060738258608636,saludable,0.0
0.587,0.00426271410552658,1.0546967624949164,saludable,0.0
0.588,0.004241888253120038,1.0693520970800436,saludable,0.0
0.589,0.004274440795729199,1.0503316792825181,saludable,0.0
0.59,0.004329584734869254,1.0574422563438395,saludable,0.0
0.591,0.00426482003084084,1.0497744457756168,saludable,0.0
0.592,0.004284467816307151,1.0571556467888488,saludable,0.0
0.593,0.004291553706672324,1.0535077521990073,saludable,0.0
0.594,0.00432623113887569,1.0583423199743485,saludable,0.0
0.595,0.004205376150502805,1.0406531052769454,saludable,0.0
0.596,0.004274042829328053,1.04083148070342,saludable,0.0
0.597,0.004309775913679533,1.0315102185862715,saludable,0.0
0.598,0.004352316369549933,1.034613266697254,saludable,0.0
0.599,0.004287526209972338,1.0405783187462783,saludable,0.0
0.6,0.004235006920691361,1.0421151386889778,saludable,0.0
0.601,0.004337793166019631,1.0230544155274335,saludable,0.0
0.602,0.0042903976610163186,1.0386938752330288,saludable,0.0
0.603,0.004271011701856763,1.0412669264987748,saludable,0.0
0.604,0.004296408236571362,1.0295486671602923,saludable,0.0
0.605,0.004316746501214829,1.041877138653646,saludable,0.0
0.606,0.004302625831091446,1.013057297084186,saludable,0.0
0.607,0.004241208423347516,1.0060258508200786,saludable,0.0
0.608,0.004367981639496979,0.9983536585746441,saludable,0.0
0.609,0.004385621548665895,1.0287610761401844,saludable,0.0
0.61,0.004363133291278362,1.0179954247358518,saludable,0.0
0.611,0.004293931785964881,1.0085384743444854,saludable,0.0
0.612,0.0043337520143283655,1.0095280325945526,saludable,0.0
0.613,0.004343839232420373,0.9930990083070536,saludable,0.0
0.614,0.004370276345471163,1.026428553081273,saludable,0.0
0.615,0.004375203459118329,1.0008720166616354,saludable,0.0
0.616,0.004321149404194165,0.9982742165004311,saludable,0.0
0.617,0.004355819912621797,1.002030145873104,saludable,0.0
0.618,0.004372767400732407,0.9971665857162957,saludable,0.0
0.619,0.004414577783649067,0.9921712055145919,saludable,0.0
0.62,0.004386272652793414,0.9795954062252248,saludable,0.0
0.621,0.004391328342868951,0.9897745891236406,saludable,0.0
0.622,0.004364682239157703,1.001431930285668,saludable,0.0
0.623,0.0044192742193382515,0.9936097463788471,saludable,0.0
0.624,0.004380635451503055,0.9936234095387328,saludable,0.0
0.625,0.004331098144863432,0.9701075766506684,saludable,0.0
0.626,0.004422962498626844,0.9628441242683984,saludable,0.0
0.627,0.004395831352762392,0.968995047460748,saludable,0.0
0.628,0.004351172376394982,0.9683152714259764,saludable,0.0
0.629,0.004350606168660095,0.9761974609887935,saludable,0.0
0.63,0.004382457160480711,0.9458208973686824,saludable,0.0
0.631,0.004389792210721504,0.9755235756748744,saludable,0.0
0.632,0.004379701585151047,0.9561231099431816,saludable,0.0
0.633,0.0043847017231621425,0.9509021390824713,saludable,0.0
0.634,0.00444059027764047,0.9425103681438207,saludable,0.0
0.635,0.004415617996420677,0.9335360654969975,saludable,0.0
0.636,0.004380392422971898,0.9557623736073276,saludable,0.0
0.637,0.004410342001785307,0.9457027553361363,saludable,0.0
0.638,0.0043311134963546355,0.9295018041019405,saludable,0.0
0.639,0.004388002412925857,0.9268754496276146,saludable,0.0
0.64,0.004443978063479901,0.9338862587732679,saludable,0.0
0.641,0.004362172692031802,0.9513452910399753,saludable,0.0
0.642,0.004336177161290936,0.9294632914088671,saludable,0.0
0.643,0.0043430709051158305,0.9144251212290966,saludable,0.0
0.644,0.0043244708336220815,0.9243897403224978,saludable,0.0
0.645,0.004335428867744494,0.921503887571108,saludable,0.0
0.646,0.004350611861114609,0.89463959905606,saludable,0.0
0.647,0.004307621166005419,0.91843630682982,saludable,0.0
0.648,0.004362772282035249,0.9140342059462626,saludable,0.0
0.649,0.004396372658444076,0.9206634744138709,saludable,0.0
0.65,0.004321883640704971,0.9295424530846059,saludable,0.0
0.651,0.004416833418617928,0.9196637038066284,saludable,0.0
0.652,0.004374132246130901,0.9030480662080743,saludable,0.0
0.653,0.004392440292402517,0.8920043901391536,saludable,0.0
0.654,0.004322194323298025,0.9261297982293781,saludable,0.0
0.655,0.004379898413354547,0.8983088487732391,saludable,0.0
0.656,0.0042990092914549655,0.8951703933233172,saludable,0.0
0.657,0.004375192261326251,0.8920983157672314,saludable,0.0
0.658,0.004343113294008234,0.8916229693293478,saludable,0.0
0.659,0.004354880183151331,0.8854952201778447,saludable,0.0
0.66,0.004282007668248215,0.8784931129941653,saludable,0.0
0.661,0.004289380393824591,0.8760463173595858,saludable,0.0
0.662,0.004345072428240856,0.8784668715277045,saludable,0.0
0.663,0.004278992348439226,0.870634036582781,saludable,0.0
0.664,0.004331085798630308,0.8662081480460851,saludable,0.0
0.665,0.004253233392771766,0.871663730200448,saludable,0.0
0.666,0.004337122160060183,0.8653070372774857,saludable,0.0
0.667,0.004248879098038674,0.8801487393956146,saludable,0.0
0.668,0.004315170422858705,0.8358457891119532,saludable,0.0
0.669,0.004312768590477244,0.8705119701716828,saludable,0.0
0.67,0.00425430726963804,0.8692939639901333,saludable,0.0
0.671,0.004299779945204625,0.8333302753374736,saludable,0.0
0.672,0.0042810025184004015,0.8478632817691166,saludable,0.0
0.673,0.004242902563872842,0.8447967028580186,saludable,0.0
0.674,0.004217796621392788,0.8316519814844877,saludable,0.0
0.675,0.004173102645731381,0.8351600109580016,saludable,0.0
0.676,0.004258936689173476,0.8290386506887151,saludable,0.0
0.677,0.004175394258066958,0.8548685562474585,saludable,0.0
0.678,0.004234730001282246,0.8438993492613623,saludable,0.0
0.679,0.004213076284220743,0.8444501601617683,saludable,0.0
0.68,0.004243322498920368,0.8361387636487151,saludable,0.0
0.681,0.004196383031026402,0.8148144085858735,saludable,0.0
0.682,0.004187417722946586,0.8180381160254173,saludable,0.0
0.683,0.004221820425578399,0.8253510254252369,saludable,0.0
0.684,0.004197661701709432,0.8054055912433506,saludable,0.0
0.685,0.004188425183387738,0.821922131232463,saludable,0.0
0.686,0.00418587024690717,0.8095499183347211,saludable,0.0
0.687,0.004096743704392067,0.8053617971435115,saludable,0.0
0.6880000000000001,0.004179408267963992,0.8133723050718104,saludable,0.0
0.6890000000000001,0.004164345794885071,0.8078539657140194,saludable,0.0
0.6900000000000001,0.004089657105444365,0.7969462849779142,saludable,0.0
0.6910000000000001,0.004110894515996694,0.8092899053403574,saludable,0.0
0.6920000000000001,0.004109208345036656,0.7840227411570074,saludable,0.0
0.6930000000000001,0.00409531428132558,0.798125663921117,saludable,0.0
0.6940000000000001,0.004103771189121248,0.7950264799925366,saludable,0.0
0.6950000000000001,0.004137211496329286,0.7831254485857373,saludable,0.0
0.6960000000000001,0.004112531058639635,0.7866040346454662,saludable,0.0
0.6970000000000001,0.004005824366389491,0.7679497658645279,saludable,0.0
0.6980000000000001,0.00407214825931866,0.7868158346784662,saludable,0.0
0.6990000000000001,0.004089141383786315,0.772837731531428,saludable,0.0
0.7000000000000001,0.0040399363472071416,0.7665672965563516,saludable,0.0
0.7010000000000001,0.004056418620657824,0.7793890382513777,saludable,0.0
0.7020000000000001,0.004081390830682975,0.7589566335979324,saludable,0.0
0.7030000000000001,0.004029724384928199,0.7490133472443706,saludable,0.0
0.704,0.003986418758407976,0.7446263832881934,saludable,0.0
0.705,0.004005744066189837,0.7633443743794182,saludable,0.0
0.706,0.003956984275094507,0.7415685261255619,saludable,0.0
0.707,0.003939209146430404,0.7690063111092685,saludable,0.0
0.708,0.0039110591107263185,0.7277216896122684,saludable,0.0
0.709,0.0039743713894634936,0.7625852864418199,saludable,0.0
0.71,0.00386551292543892,0.7448078210619232,saludable,0.0
0.711,0.003945889151661857,0.7388046833548109,saludable,0.0
0.712,0.0038906548461425587,0.7313940960223781,saludable,0.0
0.713,0.003800534954900805,0.7379034846549595,saludable,0.0
0.714,0.0038569560193615258,0.7306020371716212,saludable,0.0
0.715,0.003743695321500946,0.7390751476109011,saludable,0.0
0.716,0.0038381053214599156,0.7262456936159384,saludable,0.0
0.717,0.003833635995475481,0.7236653266445944,saludable,0.0
0.718,0.0037594429053845126,0.7155827421727848,saludable,0.0
0.719,0.003772854605721589,0.715703686471796,saludable,0.0
0.72,0.003830692036035507,0.7164032217273977,saludable,0.0
0.721,0.0037166175866593953,0.6932734241032052,saludable,0.0
0.722,0.003678667692565532,0.693941060187233,saludable,0.0
0.723,0.0037643434608775343,0.7119013238174027,saludable,0.0
0.724,0.0037673968459426433,0.7032211274973742,saludable,0.0
0.725,0.0036726202284219625,0.6967145114164924,saludable,0.0
0.726,0.0036964029189837113,0.6957786968286622,saludable,0.0
0.727,0.003692879310070818,0.6961083879256098,saludable,0.0
0.728,0.003592561707560565,0.6842714476724684,saludable,0.0
0.729,0.0035857706115761836,0.678920790598721,saludable,0.0
0.73,0.0036371939192788322,0.6856954630677773,saludable,0.0
0.731,0.0036379294548928567,0.6709848941728587,saludable,0.0
0.732,0.0035754004327986154,0.6818812591546003,saludable,0.0
0.733,0.0034998687029423373,0.6578015628334467,saludable,0.0
0.734,0.003596649891254124,0.6821462395354494,saludable,0.0
0.735,0.0034777344745487693,0.6736066186219491,saludable,0.0
0.736,0.003467282497966386,0.6684656374290797,saludable,0.0
0.737,0.0034759502497448353,0.672755741130029,saludable,0.0
0.738,0.0035058497351873074,0.6766059210799283,saludable,0.0
0.739,0.003459076912983212,0.6671161359522667,saludable,0.0
0.74,0.0034226088708866685,0.6355839241167343,saludable,0.0
0.741,0.003405496057181135,0.6382161594469442,saludable,0.0
0.742,0.003369475308824745,0.6417820966277588,saludable,0.0
0.743,0.0033706928018605153,0.6453086958068621,saludable,0.0
0.744,0.003227576817997854,0.6472410869749545,saludable,0.0
0.745,0.003297272262135608,0.631823037576752,saludable,0.0
0.746,0.0032989801599011465,0.6379634486206419,saludable,0.0
0.747,0.003223283671186767,0.6255566420553453,saludable,0.0
0.748,0.003264702650205361,0.6240094276408804,saludable,0.0
0.749,0.003220799896011987,0.6130716315830853,saludable,0.0
0.75,0.003278843420632535,0.6149191082052634,saludable,0.0
0.751,0.003250992542458356,0.6076474125483169,saludable,0.0
0.752,0.0031486982204623273,0.6084180223682792,saludable,0.0
0.753,0.003140472450997623,0.6257254059870447,saludable,0.0
0.754,0.0031225911951608784,0.6027070274993177,saludable,0.0
0.755,0.0030863907445999325,0.6355367190002191,saludable,0.0
0.756,0.0030910776343895073,0.6111578712143675,saludable,0.0
0.757,0.003031621525413343,0.605084817414714,saludable,0.0
0.758,0.0029953047633140798,0.5916646706314881,saludable,0.0
0.759,0.0030439484928398773,0.6042632258657696,saludable,0.0
0.76,0.0030225761034389643,0.588515771863556,saludable,0.0
0.761,0.0029434327583031084,0.5925044737078965,saludable,0.0
0.762,0.002989597726828992,0.6138977066574632,saludable,0.0
0.763,0.0029065279377859326,0.584349066095281,saludable,0.0
0.764,0.0029198949166279378,0.5938155780330239,saludable,0.0
0.765,0.00292045719570097,0.5723046937396143,saludable,0.0
0.766,0.0028640444842176318,0.5760006774594172,saludable,0.0
0.767,0.002861259723575738,0.5910732217822113,saludable,0.0
0.768,0.0027999748775178177,0.5641108040568104,saludable,0.0
0.769,0.0027902844771047716,0.5855208829533687,saludable,0.0
0.77,0.0027673310941211194,0.5714905603010279,saludable,0.0
0.771,0.0027230408378667117,0.5558057948202705,saludable,0.0
0.772,0.002723119283053968,0.5647727968071601,saludable,0.0
0.773,0.002645406518158817,0.5651934130184431,saludable,0.0
0.774,0.0026648586381115605,0.5587060664990302,saludable,0.0
0.775,0.002650177730546458,0.5338068241789519,saludable,0.0
0.776,0.0026283147428044855,0.5392598670792648,saludable,0.0
0.777,0.002605812751048973,0.541079339626667,saludable,0.0
0.778,0.002589847862914098,0.5398346551600965,saludable,0.0
0.779,0.0025882881621124227,0.5438114067707582,saludable,0.0
0.78,0.0025808239530034625,0.5364086814856045,saludable,0.0
0.781,0.0024964869610013514,0.5183065592782002,saludable,0.0
0.782,0.002450949270591914,0.5324917147519386,saludable,0.0
0.783,0.0024339584008728674,0.5318267852456645,saludable,0.0
0.784,0.002432682825159232,0.528351538090445,saludable,0.0
0.785,0.0024145763996900357,0.5305957169504003,saludable,0.0
0.786,0.00237428937959702,0.525163033491476,saludable,0.0
0.787,0.0023296492992034706,0.5184531969616658,saludable,0.0
0.788,0.0023396586036739083,0.5101990609570451,saludable,0.0
0.789,0.0023415346604497437,0.4913322239248146,saludable,0.0
0.79,0.0023344090916599786,0.5092809794325208,saludable,0.0
0.791,0.0022645704569414235,0.5041065422921622,saludable,0.0
0.792,0.0022466184767848986,0.5017922814725345,saludable,0.0
0.793,0.0022023072067982406,0.48335784972201207,saludable,0.0
0.794,0.002214366202027491,0.48236568224940723,saludable,0.0
0.795,0.0021578668742343304,0.5007608131418914,saludable,0.0
0.796,0.00219095248672905,0.4868889496880446,saludable,0.0
0.797,0.002072719615057244,0.49115695925448416,saludable,0.0
0.798,0.002105986282895205,0.48168487619629535,saludable,0.0
0.799,0.0021086148057218677,0.4787613376380514,saludable,0.0
0.8,0.0020801043021763306,0.48491109620733686,saludable,0.0
0.801,0.0021567248034981604,0.4674347451964336,saludable,0.0
0.802,0.002039136739144798,0.4706258412223587,saludable,0.0
0.803,0.0019611548061802563,0.4621138822858483,saludable,0.0
0.804,0.0019737361188351342,0.4594662893509077,saludable,0.0
0.805,0.0018826894032888159,0.4577968154454536,saludable,0.0
0.806,0.0019267966720227876,0.4601898818065281,saludable,0.0
0.807,0.0018729397143634602,0.4502638412726338,saludable,0.0
0.808,0.0019192023919017984,0.4646945016472676,saludable,0.0
0.809,0.0018368814020738857,0.4402793631681794,saludable,0.0
0.81,0.0018305464975734915,0.44444815171576413,saludable,0.0
0.811,0.0017861520717052564,0.43901397885853993,saludable,0.0
0.812,0.001857588555724202,0.45497853191048415,saludable,0.0
0.8130000000000001,0.001751578886823619,0.43957485969944227,saludable,0.0
0.8140000000000001,0.0018142773409180039,0.4450314642121231,saludable,0.0
0.8150000000000001,0.0017500595070943086,0.4169643226329661,saludable,0.0
0.8160000000000001,0.0017133554117082371,0.431600589749793,saludable,0.0
0.8170000000000001,0.0016854497086579924,0.4349398613470434,saludable,0.0
0.8180000000000001,0.0016631411329201956,0.4239832174152829,saludable,0.0
0.8190000000000001,0.0015469731446238397,0.4309354153659564,saludable,0.0
0.8200000000000001,0.0015897762698794766,0.41223142316514017,saludable,0.0
0.8210000000000001,0.001611639589907521,0.4286249919408839,saludable,0.0
0.8220000000000001,0.0015527969647167912,0.434651274200089,saludable,0.0
0.8230000000000001,0.001475537574399912,0.40516829993125736,saludable,0.0
0.8240000000000001,0.0015067858070123051,0.40147972149917077,saludable,0.0
0.8250000000000001,0.001554259928568171,0.41761037258950423,saludable,0.0
0.8260000000000001,0.001513209343213889,0.41601780149225737,saludable,0.0
0.8270000000000001,0.0014381620128927077,0.39214285413637406,saludable,0.0
0.8280000000000001,0.0014561504225986599,0.3903228336711252,saludable,0.0
0.8290000000000001,0.0013809019602432535,0.3888640270128139,saludable,0.0
0.8300000000000001,0.0013049566312481266,0.3753985136975845,saludable,0.0
0.8310000000000001,0.0013138126332611212,0.37682166997588923,saludable,0.0
0.8320000000000001,0.001391106369644983,0.3731360276675718,saludable,0.0
0.833,0.001295406538860545,0.3726728310304107,saludable,0.0
0.834,0.0012745375946025266,0.37718150465059813,saludable,0.0
0.835,0.001250276690623265,0.3770522730874201,saludable,0.0
0.836,0.0013165886324852227,0.3874011780725887,saludable,0.0
0.837,0.0012836638305700819,0.3591030048658476,saludable,0.0
0.838,0.001285707448962424,0.37612451558519,saludable,0.0
0.839,0.0011689590365685763,0.3613405729852403,saludable,0.0
0.84,0.0011656925811392939,0.3601894668079434,saludable,0.0
0.841,0.0010718018947825354,0.3646404629506289,saludable,0.0
0.842,0.0011703794086304672,0.34387778242965356,saludable,0.0
0.843,0.0010434001722633437,0.3561464539052905,saludable,0.0
0.844,0.001077805632092031,0.35120890004048033,saludable,0.0
0.845,0.0010043213796971184,0.35169562820882855,saludable,0.0
0.846,0.0010039079269745026,0.3468943039354818,saludable,0.0
0.847,0.0009733318079328092,0.36579193320426895,saludable,0.0
0.848,0.0009620179327386023,0.33210270655751595,saludable,0.0
0.849,0.0009444129475544384,0.33041621947627337,saludable,0.0
0.85,0.0009238144093817812,0.3267458220043488,saludable,0.0
0.851,0.0009590068904094702,0.32467849735846377,saludable,0.0
0.852,0.0008614555345791373,0.3211204888583395,saludable,0.0
0.853,0.0008946581000563213,0.3366507144210838,saludable,0.0
0.854,0.0009148744789741376,0.3362369248989816,saludable,0.0
0.855,0.0008260345755142424,0.31360094388927046,saludable,0.0
0.856,0.0007984359932941438,0.3082666132042013,saludable,0.0
0.857,0.0007986763310128347,0.318591370743753,saludable,0.0
0.858,0.0008359979354219186,0.3056473613855767,saludable,0.0
0.859,0.0007775732096149082,0.3147966631574253,saludable,0.0
0.86,0.0007297166474757993,0.30779975077257793,saludable,0.0
0.861,0.000751675044365027,0.2879217231904578,saludable,0.0
0.862,0.0006696653895261466,0.3158683739106084,saludable,0.0
0.863,0.0007226858579758655,0.31567181538202976,saludable,0.0
0.864,0.0006935725866427426,0.28891047294045685,saludable,0.0
0.865,0.000646865480369533,0.28849231495054783,saludable,0.0
0.866,0.0006077426665505929,0.2925646495675844,saludable,0.0
0.867,0.0005880992276587379,0.29039296779658114,saludable,0.0
0.868,0.0006274411146560844,0.29098203052974886,saludable,0.0
0.869,0.0006378402856421987,0.30185264913395293,saludable,0.0
0.87,0.0005459374170279271,0.277341019640821,saludable,0.0
0.871,0.0005727613693435784,0.2684933238767026,saludable,0.0
0.872,0.0004540142991081191,0.2600548685163656,saludable,0.0
0.873,0.0004974375372179538,0.26391652859065085,saludable,0.0
0.874,0.0005030440452764495,0.2682783746440517,saludable,0.0
0.875,0.0004514949790787785,0.2839451288680654,saludable,0.0
0.876,0.0004342198060161619,0.2582194766856205,saludable,0.0
0.877,0.00042895388335309855,0.2630356851406922,saludable,0.0
0.878,0.00045152792449451633,0.2580420118551813,saludable,0.0
0.879,0.00041666366680551153,0.26750487053838706,saludable,0.0
0.88,0.0003190886393918456,0.2783112632144122,saludable,0.0
0.881,0.00030849988544000756,0.24516059872289822,saludable,0.0
0.882,0.0003539859820586701,0.24300862786162206,saludable,0.0
0.883,0.00038166411120178973,0.2557847970360707,saludable,0.0
0.884,0.00023863075055693188,0.2496087409009058,saludable,0.0
0.885,0.0003140398138536977,0.25871005018923215,saludable,0.0
0.886,0.00029861646164566855,0.2435419641373229,saludable,0.0
0.887,0.000361078645826428,0.23157606219931573,saludable,0.0
0.888,0.00027611675697608904,0.2385484685623667,saludable,0.0
0.889,0.000293057033116002,0.2412085701963663,saludable,0.0
0.89,0.0002697756581251895,0.2358126877929106,saludable,0.0
0.891,0.00016543544753202873,0.23017369561223,saludable,0.0
0.892,0.0002682380415057444,0.23326758932692382,saludable,0.0
0.893,0.00023308619307163534,0.23180052315946015,saludable,0.0
0.894,0.00023197997270224869,0.23144275937178024,saludable,0.0
0.895,0.00035615382337673697,0.22162878741765302,saludable,0.0
0.896,0.00010316044284492656,0.21099798298689362,saludable,0.0
0.897,0.00024336425961098064,0.21167077116644414,saludable,0.0
0.898,0.00015077444728360913,0.2198102286398675,saludable,0.0
0.899,0.00016192033874153002,0.19712435979549273,saludable,0.0
0.9,0.00013692807115527766,0.20653613847958774,saludable,0.0
0.901,0.00011028516390168159,0.19647885580403418,saludable,0.0
0.902,9.31610679719295e-05,0.19826971843846958,saludable,0.0
0.903,0.00011804661470410848,0.20834404075447677,saludable,0.0
0.904,3.3219530293452936e-05,0.19505502805448813,saludable,0.0
0.905,0.00011326548413384309,0.19120021891384298,saludable,0.0
0.906,5.603718971581911e-05,0.17473644617380024,saludable,0.0
0.907,1.7115436378249163e-05,0.1934040725647968,saludable,0.0
0.908,3.417014104614781e-05,0.19001032007716573,saludable,0.0
0.909,9.25288334244552e-05,0.20280941556482054,saludable,0.0
0.91,1.1017331470528969e-05,0.1757279612106408,saludable,0.0
0.911,3.721892817536984e-05,0.17863364347773045,saludable,0.0
0.912,-1.5769466086823705e-05,0.17657993113363687,saludable,0.0
0.913,3.462629571449577e-05,0.18751217447738172,saludable,0.0
0.914,2.2729175694585737e-05,0.16844386265077693,saludable,0.0
0.915,6.0475359444741013e-05,0.1698538738528641,saludable,0.0
0.916,-2.9162184195369226e-05,0.17081716384180984,saludable,0.0
0.917,-3.8054734187934168e-06,0.1642865646468352,saludable,0.0
0.918,-3.4887575835093326e-05,0.15564618124193402,saludable,0.0
0.919,4.9918673502936044e-06,0.15974926515815605,saludable,0.0
0.92,-8.352626080010024e-05,0.1662503687941383,saludable,0.0
0.921,-3.262860753058959e-05,0.14296245673395833,saludable,0.0
0.922,-7.774829073878994e-05,0.1522787711956351,saludable,0.0
0.923,-7.985686368650113e-05,0.1416772710371569,saludable,0.0
0.924,-8.077052203327573e-05,0.15836632371192147,saludable,0.0
0.925,-8.132099979578781e-05,0.1289293733963362,saludable,0.0
0.926,-0.00010286506522653369,0.13632544884358916,saludable,0.0
0.927,-9.624873457902767e-05,0.1434482836380334,saludable,0.0
0.928,-4.8127460693218215e-05,0.15310100808060598,saludable,0.0
0.929,-7.811557075005477e-05,0.13456600582101463,saludable,0.0
0.93,-8.885397868241318e-05,0.12745742374515642,saludable,0.0
0.931,-0.0001477885068867744,0.14961510219886018,saludable,0.0
0.932,-0.00017087995947236758,0.1141257386602171,saludable,0.0
0.933,-0.00010261346348310532,0.10442842946105652,saludable,0.0
0.934,-0.00011119217203899186,0.12863554140835198,saludable,0.0
0.935,-9.255856722007055e-05,0.11704209015609268,saludable,0.0
0.936,-0.00018075408556215506,0.109685898203225,saludable,0.0
0.937,-0.000170685842556757,0.12482577395524098,saludable,0.0
0.9380000000000001,-0.00023187110609834309,0.11803261928748517,saludable,0.0
0.9390000000000001,-0.000186542397798492,0.10781467827357563,saludable,0.0
0.9400000000000001,-0.00013536407821759973,0.09852175276922176,saludable,0.0
0.9410000000000001,-0.00019819133765087586,0.11792721171356955,saludable,0.0
0.9420000000000001,-0.00015799427894086182,0.11359103091645435,saludable,0.0
0.9430000000000001,-0.00019519617114304054,0.10399220954275828,saludable,0.0
0.9440000000000001,-0.0001783821479616067,0.12135388460306387,saludable,0.0
0.9450000000000001,-0.00024089969429963925,0.0900988397144603,saludable,0.0
0.9460000000000001,-0.0001950074874864852,0.08346526330498284,saludable,0.0
0.9470000000000001,-0.00032145123241678644,0.0897309452546515,saludable,0.0
0.9480000000000001,-0.00021238619820121923,0.09413238820584874,saludable,0.0
0.9490000000000001,-0.00027319081862393945,0.09496860470144762,saludable,0.0
0.9500000000000001,-0.00016253793775630266,0.08807857860927788,saludable,0.0
0.9510000000000001,-0.0001824194844101895,0.09197601676265885,saludable,0.0
0.9520000000000001,-0.00019743668451692158,0.07391341405549252,saludable,0.0
0.9530000000000001,-0.00015767789581544182,0.0988486487588494,saludable,0.0
0.9540000000000001,-0.00025883016643723936,0.08158056107644991,saludable,0.0
0.9550000000000001,-0.00015305463234134662,0.09157500361041215,saludable,0.0
0.9560000000000001,-0.00018768379557249933,0.08183819982397261,saludable,0.0
0.9570000000000001,-0.00023632022590130817,0.08099633435737565,saludable,0.0
0.9580000000000001,-0.00018310848131367335,0.08015331139071176,saludable,0.0
0.9590000000000001,-0.000274417770173183,0.07696856687303147,saludable,0.0
0.96,-0.00026458022520242837,0.0769635832306191,saludable,0.0
0.961,-0.0002572421545135524,0.08188181214698552,saludable,0.0
0.962,-0.0002552208860855229,0.06861851155798578,saludable,0.0
0.963,-0.0002773640865835102,0.07181545696729459,saludable,0.0
0.964,-0.00018701692120417948,0.06190931297385724,saludable,0.0
0.965,-0.00024710528334588496,0.07529824783703883,saludable,0.0
0.966,-0.00022328221579489735,0.052232737679382635,saludable,0.0
0.967,-0.0002607387427145508,0.07511485307441843,saludable,0.0
0.968,-0.000311179689682337,0.054821883853215785,saludable,0.0
0.969,-0.00022777653219184705,0.0390429768274429,saludable,0.0
0.97,-0.00031529234090599744,0.05276830943107135,saludable,0.0
0.971,-0.0002415655328401208,0.04282258191852854,saludable,0.0
0.972,-0.0002935423347501211,0.05619468556956792,saludable,0.0
0.973,-0.00015907956479430433,0.039426502608470755,saludable,0.0
0.974,-0.00020188591891037816,0.039664763249789355,saludable,0.0
0.975,-0.0002337753410753975,0.02341443019736557,saludable,0.0
0.976,-0.0001869845597412747,0.03597942063176615,saludable,0.0
0.977,-0.00027090310857706354,0.014465764678072437,saludable,0.0
0.978,-0.00021466262018448516,0.02107705280411608,saludable,0.0
0.979,-0.00022772638315633173,0.04274122060280965,saludable,0.0
0.98,-0.0002243779504987402,0.04122555923249097,saludable,0.0
0.981,-0.00018314050052468478,0.03586212792600369,saludable,0.0
0.982,-0.00020377623624345811,0.02018731681255224,saludable,0.0
0.983,-0.00022048145660261503,0.027639041867966316,saludable,0.0
0.984,-0.00029713828626567866,0.026348778210322117,saludable,0.0
0.985,-0.00026811015267962345,0.013079395363761346,saludable,0.0
0.986,-0.00023330397447968252,0.03798487366637532,saludable,0.0
0.987,-0.00022328380542666474,0.030021990701365173,saludable,0.0
0.988,-0.00027079659586343294,0.017345850732587587,saludable,0.0
0.989,-0.00012749803905228198,0.018141141597889904,saludable,0.0
0.99,-0.00016172441962343642,0.01828258637838496,saludable,0.0
0.991,-0.000196640145631153,-0.005882412889851939,saludable,0.0
0.992,-0.00021612069520528333,0.010409059678076427,saludable,0.0
0.993,-0.00022570857230957405,0.0044166265125752755,saludable,0.0
0.994,-0.0002534678909380028,-0.0004143405118982573,saludable,0.0
0.995,-0.00021036729555091134,0.005166019440445316,saludable,0.0
0.996,-0.00020120046464878655,0.024338839447835707,saludable,0.0
0.997,-0.0002592020343377767,0.011165160227163292,saludable,0.0
0.998,-0.00019404425151437377,-0.0025504788685941863,saludable,0.0
0.999,-0.00021149978317518508,0.007301556348555079,saludable,0.0
1.0,-0.0002794613529012396,0.013993554365860132,saludable,0.0
1.0010000000000001,-0.0002352976887029481,0.007680477878241622,saludable,0.0
1.002,-0.0002151181557163458,-0.0025255292371234896,saludable,0.0
1.0030000000000001,-0.00012066461487467968,-0.011137274595706608,saludable,0.0
1.004,-0.00017155957729601492,0.0007781674321236812,saludable,0.0
1.0050000000000001,-0.00024486541779243957,-0.0037954410882984294,saludable,0.0
1.006,-0.00016949520311648053,-0.00029464792808011654,saludable,0.0
1.0070000000000001,-0.0002483740732995879,-0.004401189083132385,saludable,0.0
1.008,-0.00014056543107103194,-0.0017537347868619713,saludable,0.0
1.0090000000000001,-0.00020017346710023333,-0.01908798309148822,saludable,0.0
1.01,-0.00018245194112969005,-0.002038060122875435,saludable,0.0
1.0110000000000001,-0.0001229974697513539,-0.01470236211960391,saludable,0.0
1.012,-0.000224906618818352,0.00261791852720248,saludable,0.0
1.0130000000000001,-0.00022660197644321447,-0.026472862363797617,saludable,0.0
1.014,-0.00019130975255582033,-0.003657589637508594,saludable,0.0
1.0150000000000001,-0.00012363713640453465,-0.020464300619329613,saludable,0.0
1.016,-0.00022323102159524673,-0.03037369461468617,saludable,0.0
1.0170000000000001,-0.00027298747844050643,-0.030104392669917778,saludable,0.0
1.018,-0.00017489623787957226,-0.02986492932012337,saludable,0.0
1.0190000000000001,-0.00013195843167627665,-0.023805609617997492,saludable,0.0
1.02,-0.00010319773543567974,-0.024194607002975883,saludable,0.0
1.0210000000000001,-0.00016696260182906542,-0.03652552394939704,saludable,0.0
1.022,-0.00016207724743599598,-0.032387490598042516,saludable,0.0
1.0230000000000001,-9.661393292547676e-05,-0.012066510352380159,saludable,0.0
1.024,-0.00021481346426575725,-0.017548890002668883,saludable,0.0
1.025,-0.00015269246505553993,-0.03178602152428356,saludable,0.0
1.026,-0.00012668010943030176,-0.037083979204538674,saludable,0.0
1.027,-0.0001134873750208678,-0.037568266473396124,saludable,0.0
1.028,-0.0001490466939537504,-0.033927766743758234,saludable,0.0
1.029,-0.00012444675670504482,-0.05157503106227652,saludable,0.0
1.03,-0.0002226187448065545,-0.04519481341078426,saludable,0.0
1.031,-0.00014659237991705934,-0.06057060681255179,saludable,0.0
1.032,-9.934405486228121e-05,-0.0411460202655028,saludable,0.0
1.033,-0.0001540868780929563,-0.03990953710808495,saludable,0.0
1.034,-0.00010970231094610063,-0.05244635819827837,saludable,0.0
1.035,-9.149197510818455e-05,-0.03309736777560094,saludable,0.0
1.036,-0.00012042298243868487,-0.062307371586775726,saludable,0.0
1.037,-9.72500986145738e-05,-0.06589567421965023,saludable,0.0
1.038,-0.00014000943063540678,-0.05019934204829908,saludable,0.0
1.039,-0.00010718598837875751,-0.04315453006810665,saludable,0.0
1.04,-7.195895660876717e-05,-0.03795760101778202,saludable,0.0
1.041,-8.75867148485215e-05,-0.06054679155613389,saludable,0.0
1.042,-0.00011486207650872267,-0.04632191216957981,saludable,0.0
1.043,-7.996401951377056e-05,-0.058634272026321474,saludable,0.0
1.044,-5.792228819171057e-05,-0.061105617323850725,saludable,0.0
1.045,-0.0001662005396570755,-0.05166258726818476,saludable,0.0
1.046,-3.542889377017715e-05,-0.05508548090774246,saludable,0.0
1.047,-9.298333409651749e-05,-0.07847183069036287,saludable,0.0
1.048,-6.024996303219098e-05,-0.049031377326101085,saludable,0.0
1.049,-2.716407169272935e-05,-0.05107440739797002,saludable,0.0
1.05,-0.00012782336011980564,-0.07219915286748496,saludable,0.0
1.051,-9.920322717511073e-05,-0.06304335685589137,saludable,0.0
1.052,-8.02959214102496e-05,-0.06310861496265242,saludable,0.0
1.053,-9.810457501613693e-05,-0.06647935921641648,saludable,0.0
1.054,4.664291977653882e-06,-0.07561598123695767,saludable,0.0
1.055,-9.716529831823534e-05,-0.07784564658106824,saludable,0.0
1.056,-8.32709233727816e-05,-0.07239108504260316,saludable,0.0
1.057,-5.107948092298894e-05,-0.06140403189106443,saludable,0.0
1.058,-0.00010565647274474925,-0.0686807429443254,saludable,0.0
1.059,-7.171522786873625e-05,-0.0787979534524263,saludable,0.0
1.06,-4.156857123980295e-05,-0.0683395307233105,saludable,0.0
1.061,-6.605828058083474e-05,-0.10549629285654746,saludable,0.0
1.062,-5.50113607868109e-05,-0.0664671988973661,saludable,0.0
1.063,-7.10705456412702e-05,-0.09628562292095331,saludable,0.0
1.064,-0.0001091819597634962,-0.08343616355390639,saludable,0.0
1.065,-3.445600437927179e-05,-0.09192136190315495,saludable,0.0
1.066,2.407347124343094e-05,-0.09457402661927179,saludable,0.0
1.067,-4.435333223375032e-05,-0.07091113350136904,saludable,0.0
1.068,-3.506984009054324e-05,-0.08807824427079396,saludable,0.0
1.069,-1.5426837457322864e-05,-0.08080766669535187,saludable,0.0
1.07,-9.310327473997307e-05,-0.08560302817324594,saludable,0.0
1.071,2.6627804897008678e-05,-0.08121417608627132,saludable,0.0
1.072,-3.270662664173881e-05,-0.08605677425051608,saludable,0.0
1.073,2.5144993320140288e-05,-0.10048497300114398,saludable,0.0
1.074,-6.896086926389568e-05,-0.07851209116581402,saludable,0.0
1.075,3.361595350184452e-05,-0.09422168724334472,saludable,0.0
1.076,-7.732836144900734e-06,-0.10564895858764925,saludable,0.0
1.077,-1.6322786605690747e-05,-0.09515296846503239,saludable,0.0
1.078,-2.8880768380709728e-05,-0.07664255843489808,saludable,0.0
1.079,-4.806042413165784e-05,-0.08391594404322218,saludable,0.0
1.08,9.997794136364754e-06,-0.09666235721339286,saludable,0.0
1.081,-3.245270184056476e-05,-0.09741576048250822,saludable,0.0
1.082,-0.0001169067557667076,-0.097876558808117,saludable,0.0
1.083,-8.308367332100799e-05,-0.07461943496317973,saludable,0.0
1.084,-4.607691782450414e-05,-0.09228395302293695,saludable,0.0
1.085,-2.6573882044296988e-05,-0.0925089748983013,saludable,0.0
1.086,-4.167186152051599e-05,-0.08720233680541058,saludable,0.0
1.087,8.877285642747163e-06,-0.09580276119048416,saludable,0.0
1.088,-0.00011859068384758665,-0.10145626267900287,saludable,0.0
1.089,-3.542460000748334e-05,-0.10149424093850437,saludable,0.0
1.09,-0.00011469860510512254,-0.1009013750731991,saludable,0.0
1.091,-1.2380321371302064e-05,-0.10120192993346187,saludable,0.0
1.092,-4.750990566623644e-05,-0.09418748876785123,saludable,0.0
1.093,-2.7961666842266107e-05,-0.10156814025217174,saludable,0.0
1.094,-8.044753705388789e-05,-0.09537475847251681,saludable,0.0
1.095,4.1400896896120175e-06,-0.10411163760110843,saludable,0.0
1.096,-6.6591967648278725e-06,-0.10311119229958514,saludable,0.0
1.097,-2.637127524774193e-05,-0.12446239095819371,saludable,0.0
1.098,-5.638540391954559e-05,-0.09588972267662783,saludable,0.0
1.099,-2.9560912802262272e-05,-0.10215051350221278,saludable,0.0
1.1,-8.271606636122241e-05,-0.09618748788549254,saludable,0.0
1.101,-2.1915138464159053e-05,-0.13567213396498656,saludable,0.0
1.102,8.027541859688693e-06,-0.08635763363271397,saludable,0.0
1.103,-1.7069045326366692e-05,-0.10915889581185179,saludable,0.0
1.104,-9.112906503155173e-05,-0.09719261784977208,saludable,0.0
1.105,-4.955373436522317e-05,-0.11917478892764802,saludable,0.0
1.106,-0.00011795781541888002,-0.10313912114291202,saludable,0.0
1.107,-4.556403488737e-05,-0.120282003235586,saludable,0.0
1.108,-5.280303500243086e-05,-0.11645639169891245,saludable,0.0
1.109,-0.00014813782876494625,-0.09153912055275575,saludable,0.0
1.11,-0.00012234242700172462,-0.11303687827198781,saludable,0.0
1.111,-8.979713146492062e-05,-0.10939624476914901,saludable,0.0
1.112,-9.321779304884552e-05,-0.10330032561218612,saludable,0.0
1.113,-0.0001323780090945747,-0.1074645349841249,saludable,0.0
1.114,-7.127254088671213e-05,-0.11132744885576015,saludable,0.0
1.115,-7.973145529586318e-05,-0.10958225682272325,saludable,0.0
1.116,-0.00010061115659740888,-0.0895878968562254,saludable,0.0
1.117,-0.00012619662765991265,-0.11457839571084653,saludable,0.0
1.118,-5.715665749428608e-05,-0.11236135395059207,saludable,0.0
1.119,-3.614252435532536e-05,-0.1042259314794101,saludable,0.0
1.12,-0.00012509972189974668,-0.10402735439942253,saludable,0.0
1.121,-0.00013366574455493915,-0.10355246937754095,saludable,0.0
1.122,-9.299488265371897e-05,-0.10936566270159967,saludable,0.0
1.123,-0.0001305484890985168,-0.12750325391516426,saludable,0.0
1.124,-0.00012544510383877608,-0.10004919052280795,saludable,0.0
1.125,-9.398732331101794e-05,-0.1281473360623892,saludable,0.0
1.1260000000000001,-0.00020381639486791734,-0.1139479932522167,saludable,0.0
1.127,-7.85178854588098e-05,-0.12479767614148961,saludable,0.0
1.1280000000000001,-0.00013234171614847387,-0.11816698950662133,saludable,0.0
1.129,-0.00015577013241224022,-0.11449880391782928,saludable,0.0
1.1300000000000001,-0.00014699692303021976,-0.11482382656451624,saludable,0.0
1.131,-0.0001491268707539968,-0.11405932594862282,saludable,0.0
1.1320000000000001,-0.00022118333934626158,-0.10237273522005587,saludable,0.0
1.133,-9.639206261810042e-05,-0.11419601475434965,saludable,0.0
1.1340000000000001,-0.0001589687541489597,-0.12138464542892025,saludable,0.0
1.135,-0.0001473600037784324,-0.10950415637231753,saludable,0.0
1.1360000000000001,-0.00013154053656698418,-0.10744251625873716,saludable,0.0
1.137,-0.00021509266945294277,-0.13179575316206063,saludable,0.0
1.1380000000000001,-0.00015993417020549318,-0.11371840581600033,saludable,0.0
1.139,-0.00019433168721501575,-0.11284370532176416,saludable,0.0
1.1400000000000001,-0.00015452340288990197,-0.12298440603460757,saludable,0.0
1.141,-0.00027841669309671096,-0.10639537066214208,saludable,0.0
1.1420000000000001,-0.0002021602091295102,-0.12178700972289791,saludable,0.0
1.143,-0.00022729750993055997,-0.11915506957520046,saludable,0.0
1.1440000000000001,-0.00019090747717291919,-0.1222563159585283,saludable,0.0
1.145,-0.00019449499689859143,-0.12047497255333542,saludable,0.0
1.1460000000000001,-0.000246791120403183,-0.13168909948877047,saludable,0.0
1.147,-0.00025219757008631595,-0.13521288209283114,saludable,0.0
1.1480000000000001,-0.0002334174804472636,-0.10494380532637786,saludable,0.0
1.149,-0.0002702255736173255,-0.12942542937496235,saludable,0.0
1.1500000000000001,-0.00020603837281156409,-0.13092719596551375,saludable,0.0
1.151,-0.00025997898362268104,-0.14259514644404542,saludable,0.0
1.1520000000000001,-0.00036708337836260783,-0.12748937169835386,saludable,0.0
1.153,-0.0002713296377898599,-0.1343597171699066,saludable,0.0
1.154,-0.0003035487554400995,-0.1047283089796913,saludable,0.0
1.155,-0.0003329725481210369,-0.11106052779840021,saludable,0.0
1.156,-0.0003229416954302716,-0.1280410576587602,saludable,0.0
1.157,-0.00027481123001950466,-0.09862668991541913,saludable,0.0
1.158,-0.00023182313262017234,-0.11131554615274684,saludable,0.0
1.159,-0.0002783031541677494,-0.1243543484508843,saludable,0.0
1.16,-0.00032098685306821345,-0.1460636273459837,saludable,0.0
1.161,-0.00028439066828372993,-0.09811440369099549,saludable,0.0
1.162,-0.0003269772690696925,-0.13486455879254441,saludable,0.0
1.163,-0.0003423986717619884,-0.13735859384057023,saludable,0.0
1.164,-0.00036684494131376116,-0.11060546408374747,saludable,0.0
1.165,-0.0003968377895459045,-0.09635101860696003,saludable,0.0
1.166,-0.0003484209241035473,-0.10681402362992004,saludable,0.0
1.167,-0.00033259115082331404,-0.11491672747873476,saludable,0.0
1.168,-0.0003489048077097405,-0.11449822288401514,saludable,0.0
1.169,-0.0003678266630628702,-0.11179246232459822,saludable,0.0
1.17,-0.00039518789592712266,-0.11260911104457595,saludable,0.0
1.171,-0.0003391614498292889,-0.11724921277323211,saludable,0.0
1.172,-0.00042241079129181985,-0.11887282089990395,saludable,0.0
1.173,-0.000344837025525943,-0.1203854670092455,saludable,0.0
1.174,-0.000422231693762909,-0.1271349084744259,saludable,0.0
1.175,-0.0004184751668650581,-0.12222878766628933,saludable,0.0
1.176,-0.0004533266951150115,-0.13616945139007092,saludable,0.0
1.177,-0.00042096954369003086,-0.12003222267735955,saludable,0.0
1.178,-0.00036816591762069134,-0.12873480241434695,saludable,0.0
1.179,-0.00039287972473087037,-0.12967599637031807,saludable,0.0
1.18,-0.00038068921472699907,-0.11662354580131803,saludable,0.0
1.181,-0.0004052935936835547,-0.10427604634791122,saludable,0.0
1.182,-0.00047670329054948045,-0.10877770854432388,saludable,0.0
1.183,-0.00045209622434291407,-0.1334219354242151,saludable,0.0
1.184,-0.00047641370063250115,-0.1273605410088724,saludable,0.0
1.185,-0.00039827153285924177,-0.10779517975491376,saludable,0.0
1.186,-0.0005057649868639777,-0.12675772574637625,saludable,0.0
1.187,-0.0004284254195296383,-0.11890049830233793,saludable,0.0
1.188,-0.0004347847144256633,-0.11086634243099534,saludable,0.0
1.189,-0.0004036133458133769,-0.12575441320952163,saludable,0.0
1.19,-0.000499549684589167,-0.11471275463329333,saludable,0.0
1.191,-0.0004609418827713956,-0.12879376882488466,saludable,0.0
1.192,-0.0004044214402724958,-0.12114568517473608,saludable,0.0
1.193,-0.0005267484025204485,-0.11160420264122974,saludable,0.0
1.194,-0.0005697335176401884,-0.1303935188397166,saludable,0.0
1.195,-0.0005897932146549462,-0.1097119679835344,saludable,0.0
1.196,-0.0004922563711457482,-0.11395782978630377,saludable,0.0
1.197,-0.0006023635448174967,-0.10787291967477917,saludable,0.0
1.198,-0.0005480736059621091,-0.11078670487498073,saludable,0.0
1.199,-0.0005218169365275773,-0.09900415724716431,saludable,0.0
1.2,-0.0005380190766288431,-0.1110047491184173,saludable,0.0
1.201,-0.0005344739230695928,-0.11615422852445292,saludable,0.0
1.202,-0.0005486446144602284,-0.1102321526957459,saludable,0.0
1.203,-0.0005123613654719761,-0.10560890713723337,saludable,0.0
1.204,-0.0006076309505141259,-0.11013188112765052,saludable,0.0
1.205,-0.0006025390714831948,-0.10978502380528295,saludable,0.0
1.206,-0.0006122543890657474,-0.11677321091360235,saludable,0.0
1.207,-0.0005539480250695203,-0.11593658107629565,saludable,0.0
1.208,-0.0005569474027427304,-0.1228798573120216,saludable,0.0
1.209,-0.0005806986759532418,-0.09089625512920221,saludable,0.0
1.21,-0.0005571131983017973,-0.12036088876569434,saludable,0.0
1.211,-0.0006573035462016975,-0.11437358889715599,saludable,0.0
1.212,-0.0005490519813088922,-0.11414296767439457,saludable,0.0
1.213,-0.000560397328596641,-0.09751611803772978,saludable,0.0
1.214,-0.000597447318683565,-0.1089134653250462,saludable,0.0
1.215,-0.0005610404094018597,-0.09297732591411385,saludable,0.0
1.216,-0.0007040631292531724,-0.11167263392200467,saludable,0.0
1.217,-0.0006640868031190637,-0.10162300177030469,saludable,0.0
1.218,-0.0006778047927478098,-0.11223389620384308,saludable,0.0
1.219,-0.0006247142689287275,-0.08188871528572533,saludable,0.0
1.22,-0.0007007667933701169,-0.11466830246271321,saludable,0.0
1.221,-0.0006334896291736687,-0.09913858605365704,saludable,0.0
1.222,-0.0006139608346067509,-0.09533589491616655,saludable,0.0
1.223,-0.0006459217814613888,-0.09696497167089446,saludable,0.0
1.224,-0.0006672441103466929,-0.10237759932070783,saludable,0.0
1.225,-0.000722919485074911,-0.10123718394966147,saludable,0.0
1.226,-0.0007219799358531042,-0.09890764370422957,saludable,0.0
1.227,-0.0006426974278537685,-0.10021512042997054,saludable,0.0
1.228,-0.0006660690090131636,-0.08849824516840256,saludable,0.0
1.229,-0.0007032874785251423,-0.07541636973859027,saludable,0.0
1.23,-0.0007228184067047243,-0.10247374222725726,saludable,0.0
1.231,-0.0007914473164585134,-0.10996677385484975,saludable,0.0
1.232,-0.000757423853087744,-0.09651421328307644,saludable,0.0
1.233,-0.0006421772967646476,-0.06918971136539379,saludable,0.0
1.234,-0.0007739484848165013,-0.10237175985203065,saludable,0.0
1.235,-0.0007190339382715438,-0.07728488746445945,saludable,0.0
1.236,-0.000690118783815596,-0.07623295521009313,saludable,0.0
1.237,-0.0007843820837736925,-0.09787265479465435,saludable,0.0
1.238,-0.0007303753878640726,-0.0859666866557916,saludable,0.0
1.239,-0.0007037471459289434,-0.07468526731666851,saludable,0.0
1.24,-0.0007441972534470354,-0.09406623321263005,saludable,0.0
1.241,-0.0006331970549349117,-0.09160952307375225,saludable,0.0
1.242,-0.0008179977384630138,-0.0946823690935346,saludable,0.0
1.243,-0.0007119497195910592,-0.09829808008436983,saludable,0.0
1.244,-0.0007642552084859936,-0.09392138905790659,saludable,0.0
1.245,-0.0007293653325256235,-0.0989393009080921,saludable,0.0
1.246,-0.0007454245688898121,-0.0856235679232432,saludable,0.0
1.247,-0.0007951564175188217,-0.0929218950734265,saludable,0.0
1.248,-0.0007592688262792336,-0.08213535578288929,saludable,0.0
1.249,-0.0008453095909271218,-0.0992765517999173,saludable,0.0
1.25,-0.0007492159853152155,-0.07964653819803098,saludable,0.0
1.2510000000000001,-0.0007637342952970678,-0.07385119740461717,saludable,0.0
1.252,-0.0007522851217829495,-0.10134842796420011,saludable,0.0
1.2530000000000001,-0.0007375783716966658,-0.07688856519906703,saludable,0.0
1.254,-0.00076718749412403,-0.06756401212122733,saludable,0.0
1.2550000000000001,-0.0007778257133584913,-0.09114223224181407,saludable,0.0
1.256,-0.0008207498580085918,-0.06151880424926648,saludable,0.0
1.2570000000000001,-0.0008156056474651023,-0.07324666745493577,saludable,0.0
1.258,-0.0007410756035137851,-0.08367296633991544,saludable,0.0
1.2590000000000001,-0.0007324523953671421,-0.07636022714917882,saludable,0.0
1.26,-0.0008007157613230053,-0.06939269186614352,saludable,0.0
1.2610000000000001,-0.0007904699121748051,-0.07338310551365465,saludable,0.0
1.262,-0.0008295178258421593,-0.06791660966279356,saludable,0.0
1.2630000000000001,-0.0007472414793387222,-0.0816657654212361,saludable,0.0
1.264,-0.000768298600771275,-0.06991416903187216,saludable,0.0
1.2650000000000001,-0.000717861025615681,-0.08488759614984076,saludable,0.0
1.266,-0.0008312208656074253,-0.07099935019003338,saludable,0.0
1.2670000000000001,-0.0008115862827545708,-0.07805680734584776,saludable,0.0
1.268,-0.0007874611556817873,-0.07549771325262414,saludable,0.0
1.2690000000000001,-0.0007709966115924914,-0.054900245202269354,saludable,0.0
1.27,-0.0008055205488562331,-0.055460957907716546,saludable,0.0
1.2710000000000001,-0.0008317035299003531,-0.05938971800229545,saludable,0.0
1.272,-0.0007612159535431603,-0.07550546390726792,saludable,0.0
1.2730000000000001,-0.0007672322446184134,-0.0668418938764267,saludable,0.0
1.274,-0.0008322491338715376,-0.050636580790921606,saludable,0.0
1.2750000000000001,-0.0007406707870137311,-0.060434451683613034,saludable,0.0
1.276,-0.000747291178783232,-0.03773674249553648,saludable,0.0
1.2770000000000001,-0.0007878137435109523,-0.05606967015197223,saludable,0.0
1.278,-0.0007889174497835529,-0.05714960123615947,saludable,0.0
1.2790000000000001,-0.0007687047978470183,-0.061222973831330095,saludable,0.0
1.28,-0.0008240121400833462,-0.05585262968948937,saludable,0.0
1.281,-0.0007868287253065876,-0.05776351933266372,saludable,0.0
1.282,-0.0008725505870236904,-0.048203109136924605,saludable,0.0
1.283,-0.0007495584182759599,-0.044757180489157396,saludable,0.0
1.284,-0.000845227887812403,-0.06121877904278519,saludable,0.0
1.285,-0.0007205106530677143,-0.06570060808317144,saludable,0.0
1.286,-0.0007917260547543134,-0.06977448011175141,saludable,0.0
1.287,-0.0007846929644026244,-0.045351455152846526,saludable,0.0
1.288,-0.0007989231487741318,-0.06047881130788989,saludable,0.0
1.289,-0.0007827705588092487,-0.06998270344645019,saludable,0.0
1.29,-0.0007117881894826552,-0.043571579940483975,saludable,0.0
1.291,-0.0008653315724637576,-0.021525896316719768,saludable,0.0
1.292,-0.0007116873514512567,-0.04551012407212843,saludable,0.0
1.293,-0.000746159848799186,-0.0360530696470749,saludable,0.0
1.294,-0.0008047490869626083,-0.04260332630257084,saludable,0.0
1.295,-0.0007960860036484159,-0.043389280153040645,saludable,0.0
1.296,-0.0006824212954709928,-0.03218354501756658,saludable,0.0
1.297,-0.000783691047564243,-0.043246185346007646,saludable,0.0
1.298,-0.0007881990000595189,-0.03663389206704276,saludable,0.0
1.299,-0.0006925662194463292,-0.03505049919143167,saludable,0.0
1.3,-0.0007204485112038292,-0.043903372149835765,saludable,0.0
1.301,-0.0007673152238009943,-0.0262524044411505,saludable,0.0
1.302,-0.0007167429188671104,-0.03686819751365088,saludable,0.0
1.303,-0.000761966931565088,-0.04161727703705652,saludable,0.0
1.304,-0.0006722178296404787,-0.027631447858434487,saludable,0.0
1.305,-0.0006690266327123799,-0.04091348426405697,saludable,0.0
1.306,-0.0006853124490332342,-0.030574830338907996,saludable,0.0
1.307,-0.0006870982599445389,-0.029871290744357834,saludable,0.0
1.308,-0.0006259155234942834,-0.017840267537105152,saludable,0.0
1.309,-0.0006911116083267366,-0.02286706905748514,saludable,0.0
1.31,-0.0007329544529378758,-0.026774897225907958,saludable,0.0
1.311,-0.0006620746238541819,-0.017253331313600163,saludable,0.0
1.312,-0.0005908503204929809,-0.01043111831586416,saludable,0.0
1.313,-0.0007090938595074436,-0.017653165558137347,saludable,0.0
1.314,-0.0006769395007442961,-0.022021735098434757,saludable,0.0
1.315,-0.0006396633520481648,-0.03413357676103238,saludable,0.0
1.316,-0.0006522245792859316,-0.030552307340625126,saludable,0.0
1.317,-0.0006829983743358908,-0.021835419882971174,saludable,0.0
1.318,-0.0005922754244632759,-0.023756385631546896,saludable,0.0
1.319,-0.0005376895631470879,-0.018405198892240973,saludable,0.0
1.32,-0.0006159450512461852,-0.014839383244761473,saludable,0.0
1.321,-0.0006531003839581594,-0.008975568912447843,saludable,0.0
1.322,-0.0006719029214901767,-0.013840358535786156,saludable,0.0
1.323,-0.0005924439672497162,-0.007129532011832578,saludable,0.0
1.324,-0.0005513232355846242,-0.010205328503217344,saludable,0.0
1.325,-0.0005690965355661525,-0.029456652183720587,saludable,0.0
1.326,-0.0005807069784735029,-0.0179436872058168,saludable,0.0
1.327,-0.0005965836848235929,-0.008836031710372694,saludable,0.0
1.328,-0.000608983327495748,-0.018333445912142803,saludable,0.0
1.329,-0.0005240175011495694,0.0009248836872445751,saludable,0.0
1.33,-0.0005128969495518207,0.01139859338465028,saludable,0.0
1.331,-0.0006032505137389775,0.009447542612127095,saludable,0.0
1.332,-0.0004695326781496462,-0.003702358706253993,saludable,0.0
1.333,-0.0005018485626204108,0.014514740625268393,saludable,0.0
1.334,-0.00046034551425374335,0.0022727828592254426,saludable,0.0
1.335,-0.0005614981871361097,-0.0014029462258432056,saludable,0.0
1.336,-0.0005537509172912491,-0.0029811754320782594,saludable,0.0
1.337,-0.000496243607456004,0.001316180890728321,saludable,0.0
1.338,-0.0004612470459334885,0.0016501812345320983,saludable,0.0
1.339,-0.00040045643512821394,0.008430184662292107,saludable,0.0
1.34,-0.00043497132190766836,0.009528792829603054,saludable,0.0
1.341,-0.00046371239359408183,0.009153457537496227,saludable,0.0
1.342,-0.00048574062178877343,0.014695193228576327,saludable,0.0
1.343,-0.00038598487128295504,0.02343791446319131,saludable,0.0
1.344,-0.0004642699458051803,0.022235415323647513,saludable,0.0
1.345,-0.00035080920540376,-0.0008979453400980685,saludable,0.0
1.346,-0.00041760229661611957,-0.010374322484594984,saludable,0.0
1.347,-0.00033271037009941303,0.025724592638406145,saludable,0.0
1.348,-0.0003592614433179757,0.00393171731592392,saludable,0.0
1.349,-0.00038188612490618653,0.016574523113885846,saludable,0.0
1.35,-0.00038707253797256577,0.008345237686191224,saludable,0.0
1.351,-0.0003697225551127838,0.0032532282662187106,saludable,0.0
1.352,-0.0003286511100942581,0.027916754379133633,saludable,0.0
1.353,-0.0003323377537026853,0.03132515877321248,saludable,0.0
1.354,-0.0003487287722888913,0.019202324692972783,saludable,0.0
1.355,-0.000321037901392894,0.00029312458651981066,saludable,0.0
1.356,-0.0003006394084514036,0.0219794749144612,saludable,0.0
1.357,-0.00037829275949925707,0.03260054020890527,saludable,0.0
1.358,-0.00026397703022193957,0.015136129866559335,saludable,0.0
1.359,-0.000310675401084504,0.033003710551837845,saludable,0.0
1.36,-0.00030669765335846106,0.03226395480841972,saludable,0.0
1.361,-0.00031706502549130807,0.03945894212297178,saludable,0.0
1.362,-0.00031024326443260025,0.03611279224237553,saludable,0.0
1.363,-0.00028152922984870494,0.026439203899396798,saludable,0.0
1.364,-0.0002444210846688235,0.04939041209935806,saludable,0.0
1.365,-0.00012655580593060243,0.03709605984993996,saludable,0.0
1.366,-0.00021439762082168336,0.03966677909782037,saludable,0.0
1.367,-0.00017478210521311088,0.031867379917152175,saludable,0.0
1.368,-0.0001543517846471302,0.03802919379613893,saludable,0.0
1.369,-0.00015356064639355905,0.03487762343310141,saludable,0.0
1.37,-0.00015027448236004597,0.04326145738261527,saludable,0.0
1.371,-0.00018332725450171335,0.06337485901208569,saludable,0.0
1.372,-6.565638279073293e-05,0.033807163507905524,saludable,0.0
1.373,-3.957912477394105e-05,0.032660461861478515,saludable,0.0
1.374,-0.00016739893219801667,0.06477913587580528,saludable,0.0
1.375,-0.00012912302353975205,0.049246964132174935,saludable,0.0
1.3760000000000001,-8.736150355301276e-05,0.04592360905128194,saludable,0.0
1.377,-0.00010274517030029326,0.064288841772191,saludable,0.0
1.3780000000000001,-3.1814901485209226e-05,0.049110376588887346,saludable,0.0
1.379,-6.908958068277139e-05,0.07470460054673268,saludable,0.0
1.3800000000000001,5.889192824754167e-05,0.06450292360481923,saludable,0.0
1.381,3.212224425193938e-05,0.054124858073407764,saludable,0.0
1.3820000000000001,5.257758206390766e-06,0.08185846307337297,saludable,0.0
1.383,5.018238242730795e-05,0.05551069777018499,saludable,0.0
1.3840000000000001,6.57160379737468e-05,0.07027227981786302,saludable,0.0
1.385,1.1294092818060252e-05,0.06712869981608031,saludable,0.0
1.3860000000000001,1.3650925951229435e-05,0.07843855943090028,saludable,0.0
1.387,6.194294938397795e-05,0.08232251145007002,saludable,0.0
1.3880000000000001,0.00010584372816473452,0.06831453016813809,saludable,0.0
1.389,8.950272514956328e-05,0.0617481912638078,saludable,0.0
1.3900000000000001,3.3422587982373734e-05,0.0751707206474766,saludable,0.0
1.391,7.703766406613678e-05,0.06508317861898076,saludable,0.0
1.3920000000000001,0.00011886225343701225,0.0932841976460886,saludable,0.0
1.393,0.0001314763155698408,0.0758062870229701,saludable,0.0
1.3940000000000001,0.00022616798681959578,0.07207889838229614,saludable,0.0
1.395,0.00010447500751496522,0.07887062475916883,saludable,0.0
1.3960000000000001,0.00019293133535878276,0.06484475023801362,saludable,0.0
1.397,0.0002450524312001633,0.0698925038415869,saludable,0.0
1.3980000000000001,0.0002891226566910986,0.0929058101211219,saludable,0.0
1.399,0.00019479306722240203,0.0756261068787237,saludable,0.0
1.4000000000000001,0.00024343018585032376,0.07301962640055157,saludable,0.0
1.401,0.00025934639961743407,0.0901492143954257,saludable,0.0
1.4020000000000001,0.000257150282526257,0.09793389932742608,saludable,0.0
1.403,0.00025816665229081337,0.09456073828335158,saludable,0.0
1.4040000000000001,0.0002923806960309437,0.09862616216776908,saludable,0.0
1.405,0.0001863958019585228,0.08239230358146822,saludable,0.0
1.4060000000000001,0.0003278635574420145,0.07703676230552062,saludable,0.0
1.407,0.00031841573590892674,0.10756282170806973,saludable,0.0
1.408,0.00031725737137691136,0.0906172611255874,saludable,0.0
1.409,0.00042088146335411025,0.09263021822467467,saludable,0.0
1.41,0.0003247255887662601,0.10971484971319277,saludable,0.0
1.411,0.00034838374228502215,0.1032893958467612,saludable,0.0
1.412,0.0004570013478890996,0.10357994504933156,saludable,0.0
1.413,0.00035675135778781585,0.12196480307998725,saludable,0.0
1.414,0.0003807965129813863,0.09517300701022686,saludable,0.0
1.415,0.0004096794887236754,0.11217965435830987,saludable,0.0
1.416,0.0004619447588537468,0.10476405891715201,saludable,0.0
1.417,0.0004493251684462362,0.10817209266951662,saludable,0.0
1.418,0.00040196235298558365,0.12206262082357432,saludable,0.0
1.419,0.000445073514898671,0.11314754216068595,saludable,0.0
1.42,0.00045472115334473605,0.11474283173141606,saludable,0.0
1.421,0.0004885722610869957,0.12137502595907845,saludable,0.0
1.422,0.0005213166037211881,0.10828985928783803,saludable,0.0
1.423,0.0005335910921436944,0.10483603336386339,saludable,0.0
1.424,0.00045830804838819063,0.10406804816740424,saludable,0.0
1.425,0.0005844696644320591,0.09613980811648788,saludable,0.0
1.426,0.000564435443690123,0.13765186031769647,saludable,0.0
1.427,0.0006221429638248029,0.10734325880593124,saludable,0.0
1.428,0.0005968706316321311,0.11744745549962708,saludable,0.0
1.429,0.0006354861986020205,0.11817556128737561,saludable,0.0
1.43,0.0006223461168333666,0.12530047460583985,saludable,0.0
1.431,0.0006697752612690125,0.13166546145990055,saludable,0.0
1.432,0.000648973702058688,0.13339343192802827,saludable,0.0
1.433,0.0006362876363530458,0.1202374140740429,saludable,0.0
1.434,0.0007432456049011436,0.12567530421008885,saludable,0.0
1.435,0.0006999047039216534,0.13144945304784858,saludable,0.0
1.436,0.000699259974272051,0.1274126316841371,saludable,0.0
1.437,0.0006371311404296546,0.14724760328670605,saludable,0.0
1.438,0.0006485180528944722,0.13735717483980356,saludable,0.0
1.439,0.000723615690555707,0.14106811230639157,saludable,0.0
1.44,0.0007294875571990443,0.14161864576108182,saludable,0.0
1.441,0.0007107906303373278,0.147993618036603,saludable,0.0
1.442,0.0007526660786913417,0.13933664752102884,saludable,0.0
1.443,0.0008222011703686999,0.12582412941192198,saludable,0.0
1.444,0.0007979712495325388,0.14405376832734373,saludable,0.0
1.445,0.0007359176249957255,0.1348061413029251,saludable,0.0
1.446,0.0007884987346075572,0.13729470499611537,saludable,0.0
1.447,0.0007720425391557768,0.14970397242292566,saludable,0.0
1.448,0.0007999699197455405,0.1574808810068796,saludable,0.0
1.449,0.000810093282146817,0.1465667006190323,saludable,0.0
1.45,0.000818621539748816,0.15069642498641045,saludable,0.0
1.451,0.000798519045018848,0.165882488794881,saludable,0.0
1.452,0.0008545934348569322,0.15251820922365655,saludable,0.0
1.453,0.0008481426780017835,0.17737589943973162,saludable,0.0
1.454,0.0007641417260304409,0.15826056769405603,saludable,0.0
1.455,0.0009743053878151223,0.13624221802431444,saludable,0.0
1.456,0.0009463684688516516,0.16262556709790596,saludable,0.0
1.457,0.0008982944074557754,0.16014393044189948,saludable,0.0
1.458,0.0009245932472472311,0.17046791990647675,saludable,0.0
1.459,0.0008873503159781159,0.16553806143816363,saludable,0.0
1.46,0.0010124414889828206,0.15865531324421847,saludable,0.0
1.461,0.0010307484022553806,0.14902824538168744,saludable,0.0
1.462,0.0009712234342141466,0.16041003932988576,saludable,0.0
1.463,0.0010159602414985512,0.15522176110565836,saludable,0.0
1.464,0.0009919533811697896,0.15914603466517332,saludable,0.0
1.465,0.000941278271236765,0.17205892677234258,saludable,0.0
1.466,0.0009880444203486285,0.18409159176128226,saludable,0.0
1.467,0.0010194642622884565,0.17255615690282877,saludable,0.0
1.468,0.0010055542589533957,0.157864957338897,saludable,0.0
1.469,0.0010244569099360592,0.1754815731336008,saludable,0.0
1.47,0.0010389083378602422,0.18421099271716337,saludable,0.0
1.471,0.001048595214368871,0.1673533139845288,saludable,0.0
1.472,0.0010630915130827557,0.17331473128807423,saludable,0.0
1.473,0.0010276114755427277,0.1760028006543153,saludable,0.0
1.474,0.0010503220069197454,0.16920516833225616,saludable,0.0
1.475,0.0010364556937538475,0.18473236684463432,saludable,0.0
1.476,0.001135751807453927,0.1782326317389513,saludable,0.0
1.477,0.001020979795404069,0.1848270895536332,saludable,0.0
1.478,0.0011599669593338547,0.17294355799898306,saludable,0.0
1.479,0.0011777119136275008,0.17862763591944356,saludable,0.0
1.48,0.0011184438809729105,0.19140675794919226,saludable,0.0
1.481,0.0010345568349073126,0.1816322865300235,saludable,0.0
1.482,0.0011323854043880134,0.2038048405150935,saludable,0.0
1.483,0.0011522751651037453,0.18371029652188522,saludable,0.0
1.484,0.001122289153886596,0.19112179669847298,saludable,0.0
1.485,0.0011498984500289285,0.19936594588786774,saludable,0.0
1.486,0.001239440874776779,0.17701822792514052,saludable,0.0
1.487,0.0012123707212966872,0.17475236698419258,saludable,0.0
1.488,0.001156185100907851,0.17825914669508364,saludable,0.0
1.489,0.0011365486886864271,0.20729345333903554,saludable,0.0
1.49,0.0011945920463338287,0.1902975439946908,saludable,0.0
1.491,0.0012062158088770823,0.22254320522029522,saludable,0.0
1.492,0.0012415935864679391,0.1924603602439012,saludable,0.0
1.493,0.0012071770211313096,0.20108647340219118,saludable,0.0
1.494,0.0012558271382920763,0.21579664774568894,saludable,0.0
1.495,0.0013194537006810155,0.22156749222058236,saludable,0.0
1.496,0.0012811860613688236,0.22324900517550111,saludable,0.0
1.497,0.0012530726543071725,0.2158413925420176,saludable,0.0
1.498,0.0012540179316493476,0.2151184350080859,saludable,0.0
1.499,0.0012533184238671643,0.21191944149826603,saludable,0.0
1.5,0.0013209853674717215,0.21489039194821383,saludable,0.0
1.5010000000000001,0.001254649023947932,0.20270374443615624,saludable,0.0
1.502,0.0012874769118180103,0.2011386088470998,saludable,0.0
1.5030000000000001,0.001293501543621124,0.21038798942308115,saludable,0.0
1.504,0.0012770322831264951,0.20981712901622052,saludable,0.0
1.5050000000000001,0.0012477285320378402,0.20808000574554936,saludable,0.0
1.506,0.0013210115871111058,0.22066550641951727,saludable,0.0
1.5070000000000001,0.0013109492606362683,0.22434002953310617,saludable,0.0
1.508,0.0013386099930381048,0.21675235682928484,saludable,0.0
1.5090000000000001,0.001302314920549891,0.23172082966602997,saludable,0.0
1.51,0.0013775087512996455,0.20660177446126105,saludable,0.0
1.5110000000000001,0.0012984105367505835,0.21715106923780989,saludable,0.0
1.512,0.0014067595391167268,0.2129842660921708,saludable,0.0
1.5130000000000001,0.0012728945262920554,0.20254774172991769,saludable,0.0
1.514,0.0013647214735022946,0.22144267881216964,saludable,0.0
1.5150000000000001,0.0013707013459873132,0.2221041136949927,saludable,0.0
1.516,0.0013240644231981773,0.23950388096744754,saludable,0.0
1.5170000000000001,0.0013770153958510265,0.23172095323411657,saludable,0.0
1.518,0.0014152582191009429,0.2162100456859703,saludable,0.0
1.5190000000000001,0.0012792172298678349,0.24602750855146002,saludable,0.0
1.52,0.0013918523564838824,0.2407271470933568,saludable,0.0
1.5210000000000001,0.001275623046612476,0.23536353972958035,saludable,0.0
1.522,0.0013403425783591804,0.22829896672912642,saludable,0.0
1.5230000000000001,0.0014476632918508342,0.2219861201423975,saludable,0.0
1.524,0.0013625124221417861,0.22887057675848618,saludable,0.0
1.5250000000000001,0.001342035093411785,0.2444876575373213,saludable,0.0
1.526,0.0013842067364608775,0.2534489237726023,saludable,0.0
1.5270000000000001,0.0014779055775215291,0.25103371580836964,saludable,0.0
1.528,0.001324740139698531,0.23170630459498082,saludable,0.0
1.5290000000000001,0.0013587798748401464,0.22638740942593727,saludable,0.0
1.53,0.0014634766539584057,0.23997646616600393,saludable,0.0
1.5310000000000001,0.001480458747602012,0.2218624334547269,saludable,0.0
1.532,0.0014044064270609087,0.2437528997751188,saludable,0.0
1.5330000000000001,0.001361282987435204,0.2400147331881473,saludable,0.0
1.534,0.001496980232003691,0.23779504028290124,saludable,0.0
1.5350000000000001,0.0014790118865897301,0.2274680998024356,saludable,0.0
1.536,0.0014443552647874743,0.24950590488141072,saludable,0.0
1.537,0.0013865346130617461,0.23999268632504409,saludable,0.0
1.538,0.0014188513644041903,0.2345653043890148,saludable,0.0
1.539,0.0014160395448252145,0.21848158546502242,saludable,0.0
1.54,0.0014372153859679541,0.24786372009136143,saludable,0.0
1.541,0.001483447196125944,0.2667909433668931,saludable,0.0
1.542,0.001461873875506447,0.26660544469791564,saludable,0.0
1.543,0.0013847671704446862,0.24634115237063167,saludable,0.0
1.544,0.001484101570239891,0.24580406444560568,saludable,0.0
1.545,0.0014425518621139597,0.2574227761078391,saludable,0.0
1.546,0.0014584259001767655,0.24365477685493814,saludable,0.0
1.547,0.001490424747476245,0.2575548681242587,saludable,0.0
1.548,0.001387937131155444,0.26309076110787083,saludable,0.0
1.549,0.0014315856237337398,0.26858696238095203,saludable,0.0
1.55,0.0014122660899148186,0.2561983952797696,saludable,0.0
1.551,0.001371210048295817,0.25604011015735817,saludable,0.0
1.552,0.0014481537201470347,0.25016851091004855,saludable,0.0
1.553,0.0015350270338132424,0.2515455718161864,saludable,0.0
1.554,0.0013609741977458738,0.25841014659893335,saludable,0.0
1.555,0.0014333475397331423,0.26520364461774176,saludable,0.0
1.556,0.0014602079674309923,0.2715153561682671,saludable,0.0
1.557,0.0014393371899274067,0.2551916797018519,saludable,0.0
1.558,0.001429639100807572,0.2789887259367739,saludable,0.0
1.559,0.0013818358767812232,0.2621833599689067,saludable,0.0
1.56,0.0014427406393959811,0.265508036588448,saludable,0.0
1.561,0.0014026301544508987,0.2590710374098946,saludable,0.0
1.562,0.001344669206414328,0.24311650085148567,saludable,0.0
1.563,0.0014794391202681881,0.2770093848913779,saludable,0.0
1.564,0.0014691992931189178,0.2763416494015906,saludable,0.0
1.565,0.0014320472032193902,0.2669584403722653,saludable,0.0
1.566,0.0014382075237861433,0.27123432879136616,saludable,0.0
1.567,0.0014710113145579426,0.2765106939607585,saludable,0.0
1.568,0.0014358917779119637,0.25650687236802006,saludable,0.0
1.569,0.0014619125384996642,0.26761695697894755,saludable,0.0
1.57,0.0014125517603313824,0.28161938187500485,saludable,0.0
1.571,0.0014756240610195456,0.261897165708067,saludable,0.0
1.572,0.0014345277839633531,0.2781330128565354,saludable,0.0
1.573,0.0014279539026189523,0.2623830131937547,saludable,0.0
1.574,0.001367774148357849,0.28135852843219494,saludable,0.0
1.575,0.0014284382745507287,0.2770771865456445,saludable,0.0
1.576,0.0013819319012023427,0.2620156072712729,saludable,0.0
1.577,0.0013878839727672937,0.29054157042406037,saludable,0.0
1.578,0.0013789269833599262,0.27226941621358297,saludable,0.0
1.579,0.0013669536099820787,0.272227842811341,saludable,0.0
1.58,0.0014926669111247576,0.2830449510764727,saludable,0.0
1.581,0.0014588383447790856,0.29322835804927677,saludable,0.0
1.582,0.0014802868017509338,0.27228030233054895,saludable,0.0
1.583,0.0013522917957382898,0.28374564266651386,saludable,0.0
1.584,0.0014018378263023943,0.2881010978512005,saludable,0.0
1.585,0.0013449062660881794,0.29142182016479257,saludable,0.0
1.586,0.0013664745334305613,0.2869267311687768,saludable,0.0
1.587,0.001355161811541869,0.28215728692716224,saludable,0.0
1.588,0.001439058664000767,0.2782105890740876,saludable,0.0
1.589,0.001371062615732303,0.2880005106009834,saludable,0.0
1.59,0.0014271044691285442,0.27706389511954804,saludable,0.0
1.591,0.0014058891765107108,0.2592116054891098,saludable,0.0
1.592,0.0014712095542876971,0.29342412388858524,saludable,0.0
1.593,0.0013170316726529344,0.29872485922781045,saludable,0.0
1.594,0.0014238445071129452,0.2666767200737391,saludable,0.0
1.595,0.001416477528306911,0.28082279901885154,saludable,0.0
1.596,0.001328719772780935,0.29771921790716255,saludable,0.0
1.597,0.0014050329245285094,0.31270368657743003,saludable,0.0
1.598,0.001375194026017835,0.29293119283830804,saludable,0.0
1.599,0.0013496238886341282,0.2860311976632752,saludable,0.0
1.6,0.001322698122976069,0.29206366173518816,saludable,0.0
1.601,0.0013238004271252754,0.30821619767849306,saludable,0.0
1.602,0.001431503190557809,0.2885759880100592,saludable,0.0
1.603,0.0013463363991199086,0.2876052759163944,saludable,0.0
1.604,0.001374423029669107,0.29132467789451083,saludable,0.0
1.605,0.0013082358087020778,0.2871670763947151,saludable,0.0
1.606,0.0013054143477760436,0.29846862869299157,saludable,0.0
1.607,0.0013766382439368908,0.3140235685274038,saludable,0.0
1.608,0.0012760032065254672,0.30153571228890486,saludable,0.0
1.609,0.0013100723955660012,0.29630277940100447,saludable,0.0
1.61,0.0013247018413631024,0.29642283808427017,saludable,0.0
1.611,0.0013244214590310184,0.28421690295479657,saludable,0.0
1.612,0.0013093889683894592,0.3091809756230474,saludable,0.0
1.613,0.0013289707618568075,0.30006576205113633,saludable,0.0
1.614,0.0013374166384009538,0.2995267634277741,saludable,0.0
1.615,0.0013356281673716853,0.3337432223649181,saludable,0.0
1.616,0.0012633072694805624,0.305273398876066,saludable,0.0
1.617,0.001287932778786177,0.29523480497878885,saludable,0.0
1.618,0.0013436531677188204,0.29894909158044203,saludable,0.0
1.619,0.0013281515524613597,0.3151501670627954,saludable,0.0
1.62,0.0012338997323018252,0.30524453105669097,saludable,0.0
1.621,0.0012994174256186655,0.29016822308410756,saludable,0.0
1.622,0.001202659721658941,0.31417551164486585,saludable,0.0
1.623,0.0012801952506775968,0.2987270291691608,saludable,0.0
1.624,0.001350749895173271,0.3245597087811639,saludable,0.0
1.625,0.001233332223375538,0.31703847111291944,saludable,0.0
1.6260000000000001,0.0012343690275708362,0.30216901474990154,saludable,0.0
1.627,0.0012948358771850586,0.3198496099585948,saludable,0.0
1.6280000000000001,0.0011990040583403799,0.3081081692342188,saludable,0.0
1.629,0.0012319347708292184,0.3163404597887976,saludable,0.0
1.6300000000000001,0.0012776467797808223,0.3130360874074071,saludable,0.0
1.631,0.0012249122431388171,0.30009414253663114,saludable,0.0
1.6320000000000001,0.001237382944249514,0.3024840608374352,saludable,0.0
1.633,0.0012731406578685817,0.3195739043994057,saludable,0.0
1.6340000000000001,0.0012567642388142289,0.3062741539217197,saludable,0.0
1.635,0.0012471208219438082,0.30592589475366916,saludable,0.0
1.6360000000000001,0.0012194242895964859,0.30074447422877204,saludable,0.0
1.637,0.0012443695336169316,0.31485784737709627,saludable,0.0
1.6380000000000001,0.0012211760274676519,0.3315660864463724,saludable,0.0
1.639,0.0012410482093773048,0.3005773004507653,saludable,0.0
1.6400000000000001,0.0011994513603673497,0.31179941648045506,saludable,0.0
1.641,0.0012086603358120414,0.3259768081457924,saludable,0.0
1.6420000000000001,0.001172995967835361,0.31134834629320546,saludable,0.0
1.643,0.0012078932337346998,0.31695140149930845,saludable,0.0
1.6440000000000001,0.001173531547904444,0.3020794262872122,saludable,0.0
1.645,0.0011581160489926843,0.31725485445972723,saludable,0.0
1.6460000000000001,0.0012097900137490213,0.31136149603302393,saludable,0.0
1.647,0.0012047073462361241,0.32334411670423935,saludable,0.0
1.6480000000000001,0.0012243093224816556,0.32560726799224976,saludable,0.0
1.649,0.0011725380679298817,0.33986833729008536,saludable,0.0
1.6500000000000001,0.0012029878194329408,0.3200010188624902,saludable,0.0
1.651,0.001205604971109319,0.3176873198306534,saludable,0.0
1.6520000000000001,0.0011982970612764655,0.3165905430999685,saludable,0.0
1.653,0.0011444149957067495,0.31132504527535604,saludable,0.0
1.6540000000000001,0.0011804345254149103,0.3184442104765738,saludable,0.0
1.655,0.0011860552821191554,0.3123006687220557,saludable,0.0
1.6560000000000001,0.0011688232874247015,0.3171272417389815,saludable,0.0
1.657,0.0010821117321382812,0.3287991864896298,saludable,0.0
1.6580000000000001,0.0011691719718431592,0.305730986480368,saludable,0.0
1.659,0.0012484650172784708,0.3273610126293153,saludable,0.0
1.6600000000000001,0.0011426948595863815,0.3292917987095183,saludable,0.0
1.661,0.0011252072207219744,0.3150909823707311,saludable,0.0
1.6620000000000001,0.0011665761162900658,0.29519672950001224,saludable,0.0
1.663,0.0011614457912011468,0.3104732535774686,saludable,0.0
1.6640000000000001,0.0011940150325393327,0.32965019105063675,saludable,0.0
1.665,0.0010933054514464808,0.31657290755199663,saludable,0.0
1.666,0.0011703441715593128,0.3069224723760899,saludable,0.0
1.667,0.0011621564102401506,0.31197420963143146,saludable,0.0
1.668,0.0011303222062601648,0.32552717476644183,saludable,0.0
1.669,0.0011470961460862518,0.3226798714524198,saludable,0.0
1.67,0.001172321675567164,0.31490731596336524,saludable,0.0
1.671,0.0011636526128935096,0.3137050284476017,saludable,0.0
1.672,0.0010806507731514886,0.3135248558285315,saludable,0.0
1.673,0.0011569253974552274,0.3082800242924202,saludable,0.0
1.674,0.0011192461701656563,0.33371209104465155,saludable,0.0
1.675,0.0011225368936693036,0.31438185199967944,saludable,0.0
1.676,0.0011203853718931528,0.3298158745126375,saludable,0.0
1.677,0.0011093275601818699,0.3328891882547571,saludable,0.0
1.678,0.001160983322651608,0.3276833769208918,saludable,0.0
1.679,0.0011079384037211224,0.3134008029493966,saludable,0.0
1.68,0.0010645329678082907,0.3217635394173519,saludable,0.0
1.681,0.0010916911031185286,0.31748600576110436,saludable,0.0
1.682,0.0011127442268785805,0.30868515418215653,saludable,0.0
1.683,0.0011529829648296041,0.32095246121075843,saludable,0.0
1.684,0.0011261603551994516,0.3058976479183156,saludable,0.0
1.685,0.001066261400950331,0.3295364963822484,saludable,0.0
1.686,0.0011981029153722907,0.31297766302917945,saludable,0.0
1.687,0.0011076155190582538,0.3195920407140812,saludable,0.0
1.688,0.0011464965233945264,0.32036240369087143,saludable,0.0
1.689,0.0010878608264620223,0.31488202694983625,saludable,0.0
1.69,0.0011138157608319781,0.3232720357353484,saludable,0.0
1.691,0.0011246558604327344,0.3125825501474447,saludable,0.0
1.692,0.0011384517857273464,0.32596351548399477,saludable,0.0
1.693,0.0011307042028179024,0.3037021673548785,saludable,0.0
1.694,0.0011220299944936574,0.31832964670851527,saludable,0.0
1.695,0.0010732929364583867,0.3363514922287897,saludable,0.0
1.696,0.0010618634631954665,0.3068477045544218,saludable,0.0
1.697,0.0010969612524852936,0.30995484776820637,saludable,0.0
1.698,0.0011199392870059044,0.3217451198331728,saludable,0.0
1.699,0.0010726702829425335,0.31826806749448033,saludable,0.0
1.7,0.0011232646912428936,0.31983722397260417,saludable,0.0
1.701,0.0011378729631681772,0.32107393324892763,saludable,0.0
1.702,0.0010422145307463237,0.32237288216547366,saludable,0.0
1.703,0.0010446075309634086,0.3269587391040806,saludable,0.0
1.704,0.001071768511675775,0.3197884694434657,saludable,0.0
1.705,0.0010890331824062922,0.3130987190205978,saludable,0.0
1.706,0.0010551166006756102,0.3220505174973796,saludable,0.0
1.707,0.0011296694644778891,0.3341295589068319,saludable,0.0
1.708,0.0010920212928812096,0.3136028374533745,saludable,0.0
1.709,0.0010761876259977458,0.3049747958541559,saludable,0.0
1.71,0.0010167407627698502,0.325574290743865,saludable,0.0
1.711,0.0010212020330451817,0.31307555147463356,saludable,0.0
1.712,0.001084830590034222,0.2923210335811135,saludable,0.0
1.713,0.0009879747113516527,0.3222828017587702,saludable,0.0
1.714,0.0011136516584123878,0.3082086524516807,saludable,0.0
1.715,0.0010666339648777157,0.31240244775292514,saludable,0.0
1.716,0.0012026582123758575,0.3163659308537212,saludable,0.0
1.717,0.0011651648369838173,0.31468197599523323,saludable,0.0
1.718,0.0010655165953553853,0.3195948578689533,saludable,0.0
1.719,0.0010685629816024572,0.3078613497192078,saludable,0.0
1.72,0.0011127557868486223,0.317055662940718,saludable,0.0
1.721,0.0011412175694003554,0.3090300523061427,saludable,0.0
1.722,0.0010076735940907002,0.31870706558770917,saludable,0.0
1.723,0.0010019693170042645,0.3171586100768884,saludable,0.0
1.724,0.0010488575224671189,0.30132906082473826,saludable,0.0
1.725,0.0010974076044277742,0.32121432535727257,saludable,0.0
1.726,0.0010943462195535628,0.30465847562980725,saludable,0.0
1.727,0.0011176987656716538,0.31775484947899496,saludable,0.0
1.728,0.0010273320831613898,0.31299586777129157,saludable,0.0
1.729,0.0009831638768451674,0.327346122669328,saludable,0.0
1.73,0.0011107792111533033,0.30636349206277136,saludable,0.0
1.731,0.0010439106824189257,0.3047314314300724,saludable,0.0
1.732,0.0009969297652138442,0.30764943935581546,saludable,0.0
1.733,0.0010842243251651844,0.3044234693276223,saludable,0.0
1.734,0.0011109027003354975,0.3150589210335367,saludable,0.0
1.735,0.001075052508247959,0.29049324150345407,saludable,0.0
1.736,0.0010624279045919063,0.2957089874836531,saludable,0.0
1.737,0.0010752151100953268,0.2951498730573542,saludable,0.0
1.738,0.0010676287486729203,0.31490570349761293,saludable,0.0
1.739,0.0010294103760492886,0.3220761297096497,saludable,0.0
1.74,0.0010557167588926444,0.30348552389842265,saludable,0.0
1.741,0.0011061831072005839,0.3023944794366536,saludable,0.0
1.742,0.001099225520926892,0.30432856835770195,saludable,0.0
1.743,0.0010941426270698923,0.31478485846979654,saludable,0.0
1.744,0.0010486901941852381,0.29342326086104803,saludable,0.0
1.745,0.0010823944041892931,0.3046038964113945,saludable,0.0
1.746,0.0010036895025065757,0.31148830466105965,saludable,0.0
1.747,0.001099172617753105,0.30625610921232754,saludable,0.0
1.748,0.0011504596785356241,0.3026425503673739,saludable,0.0
1.749,0.0010355426256851324,0.3102514997180605,saludable,0.0
1.75,0.0010724008921005578,0.2726957689149221,saludable,0.0
1.7510000000000001,0.0011103519043570579,0.3059866573081105,saludable,0.0
1.752,0.0011486678005676193,0.2921397297131369,saludable,0.0
1.7530000000000001,0.0010819528976569648,0.27983952131371986,saludable,0.0
1.754,0.0010735681909741918,0.302716032658044,saludable,0.0
1.7550000000000001,0.001023869657729989,0.3107915526674209,saludable,0.0
1.756,0.0011082468938158861,0.2951242585179721,saludable,0.0
1.7570000000000001,0.0011873001452977058,0.3054640933959299,saludable,0.0
1.758,0.001118153376850448,0.31148757468275784,saludable,0.0
1.7590000000000001,0.0011076787339825487,0.3079362330371488,saludable,0.0
1.76,0.0011230135989214818,0.3106018949047185,saludable,0.0
1.7610000000000001,0.001111263287385738,0.3010315630257361,saludable,0.0
1.762,0.0010807805609912764,0.29376555327629933,saludable,0.0
1.7630000000000001,0.001147906920229888,0.2763853908732581,saludable,0.0
1.764,0.0011256328235365878,0.2893311728030791,saludable,0.0
1.7650000000000001,0.0011189479355559599,0.28273901045478483,saludable,0.0
1.766,0.001080858253065455,0.31225352597142264,saludable,0.0
1.7670000000000001,0.0011737415906470324,0.2881508205479413,saludable,0.0
1.768,0.0011498667858247096,0.29050027811411666,saludable,0.0
1.7690000000000001,0.0011028345505505858,0.29413462087778836,saludable,0.0
1.77,0.0011667773471379628,0.2884003287358739,saludable,0.0
1.7710000000000001,0.0011084899158023034,0.30425236648862963,saludable,0.0
1.772,0.0010988460537202497,0.28040594369708516,saludable,0.0
1.7730000000000001,0.0011014896893025072,0.28790213746170884,saludable,0.0
1.774,0.0010627634386439057,0.27784804214482495,saludable,0.0
1.7750000000000001,0.0011542765685318467,0.27138228279784604,saludable,0.0
1.776,0.001063861065964452,0.2777676672282465,saludable,0.0
1.7770000000000001,0.001089726914854137,0.2828109464008295,saludable,0.0
1.778,0.0010575598804206411,0.2781773702387865,saludable,0.0
1.7790000000000001,0.0011389251336244488,0.2748283987319887,saludable,0.0
1.78,0.0011380811849764486,0.2669648041135543,saludable,0.0
1.7810000000000001,0.0011327350458165747,0.2794654638376543,saludable,0.0
1.782,0.0011057836058215667,0.26451104383498464,saludable,0.0
1.7830000000000001,0.0011022818198624029,0.2864137392065243,saludable,0.0
1.784,0.0011694630384974953,0.27888573004283435,saludable,0.0
1.7850000000000001,0.0011305141676189066,0.2627272085595356,saludable,0.0
1.786,0.00116686855766143,0.2734452792487925,saludable,0.0
1.7870000000000001,0.001120412220179677,0.2682437253602486,saludable,0.0
1.788,0.0011647113665913327,0.27817824453558043,saludable,0.0
1.7890000000000001,0.0012112330259013663,0.2876055223906002,saludable,0.0
1.79,0.0011841309220438701,0.2546571382602645,saludable,0.0
1.7910000000000001,0.0011457454612876627,0.2737603135232831,saludable,0.0
1.792,0.0011741036288453743,0.27020327769854185,saludable,0.0
1.793,0.001155716420868539,0.27770594106369617,saludable,0.0
1.794,0.0011671876816882823,0.27230584170056993,saludable,0.0
1.795,0.0011553480443819118,0.2618289366208932,saludable,0.0
1.796,0.0011632873910222452,0.2653262836049531,saludable,0.0
1.797,0.0011798110837091297,0.2597182151968916,saludable,0.0
1.798,0.0011329919188077626,0.27759367318491845,saludable,0.0
1.799,0.0011334962485743062,0.2661953431745474,saludable,0.0
1.8,0.0011199661031674676,0.28413627508624095,saludable,0.0
1.801,0.001112860349515567,0.2636534382528851,saludable,0.0
1.802,0.001129539274055012,0.2563052136469218,saludable,0.0
1.803,0.0011859569492177013,0.24737494939002894,saludable,0.0
1.804,0.0011451165713887732,0.24359710611197916,saludable,0.0
1.805,0.0012026350647667966,0.2448971712143089,saludable,0.0
1.806,0.0011846414713976368,0.262513463958441,saludable,0.0
1.807,0.0011056021437196599,0.2640267745103391,saludable,0.0
1.808,0.0012117127562260525,0.24221862527312762,saludable,0.0
1.809,0.0012190157650672968,0.2660656259630022,saludable,0.0
1.81,0.0011478115436797931,0.251363066842417,saludable,0.0
1.811,0.001205399015007976,0.2567337876857197,saludable,0.0
1.812,0.0011552499688168806,0.27045401155196314,saludable,0.0
1.813,0.0011943584327237305,0.26235993562121246,saludable,0.0
1.814,0.0011407279605193572,0.24975978482364966,saludable,0.0
1.815,0.001120419238593664,0.2425805518572245,saludable,0.0
1.816,0.0011776662226322106,0.2290155593602844,saludable,0.0
1.817,0.001188775149009163,0.24237729854477053,saludable,0.0
1.818,0.0011784902914634002,0.24648654962408587,saludable,0.0
1.819,0.0011476469702075124,0.23774900189932263,saludable,0.0
1.82,0.0011796077274829461,0.2453251206744234,saludable,0.0
1.821,0.001206913875757555,0.2464170736585664,saludable,0.0
1.822,0.0011948105570772185,0.24240485425643746,saludable,0.0
1.823,0.0012043301287059864,0.23715226588557417,saludable,0.0
1.824,0.00117056741043593,0.24433175817676914,saludable,0.0
1.825,0.0012445946917367184,0.24605160378809932,saludable,0.0
1.826,0.0011508762776094564,0.2297092825103973,saludable,0.0
1.827,0.0012176659925031683,0.25369778747336735,saludable,0.0
1.828,0.001245602265808089,0.23757191154011512,saludable,0.0
1.829,0.0012176415022102502,0.2377097816278532,saludable,0.0
1.83,0.0011903243083014523,0.24356111022166088,saludable,0.0
1.831,0.0011772678645729881,0.23776302080827127,saludable,0.0
1.832,0.0012398042822838297,0.24390835727084342,saludable,0.0
1.833,0.0011412518076396923,0.23618862711541158,saludable,0.0
1.834,0.0011591915826066079,0.22612769466206076,saludable,0.0
1.835,0.0011818614311232085,0.23479610048778377,saludable,0.0
1.836,0.0012469950619438252,0.2186671394910751,saludable,0.0
1.837,0.0012122791687954307,0.23010770022064747,saludable,0.0
1.838,0.0011578830852823677,0.2276018960427414,saludable,0.0
1.839,0.0011836933370381378,0.22475953741634255,saludable,0.0
1.84,0.0011709418292483672,0.22445628438152465,saludable,0.0
1.841,0.0011664680025942197,0.20581859237492722,saludable,0.0
1.842,0.0012333242844648844,0.2180397534198853,saludable,0.0
1.843,0.001138428294367299,0.2233398941611182,saludable,0.0
1.844,0.0012568368843487406,0.2228890015033718,saludable,0.0
1.845,0.0012246398720085322,0.2098872553292729,saludable,0.0
1.846,0.0012341163516154923,0.23168925810710778,saludable,0.0
1.847,0.001170823861810548,0.20923323520683484,saludable,0.0
1.848,0.001182176707173332,0.2264470180828641,saludable,0.0
1.849,0.001129569792846499,0.21987653799150803,saludable,0.0
1.85,0.0011646164320883723,0.20798918312483336,saludable,0.0
1.851,0.0012039827551003218,0.23104616834331976,saludable,0.0
1.852,0.0012346360603177847,0.20019306356400646,saludable,0.0
1.853,0.00113691231836589,0.22015214341730854,saludable,0.0
1.854,0.0011649822839331705,0.2197924201986826,saludable,0.0
1.855,0.0011718727092934077,0.20190124414051647,saludable,0.0
1.856,0.0011203026407140128,0.22134783079521805,saludable,0.0
1.857,0.0011980009877207666,0.20373335517134242,saludable,0.0
1.858,0.0011434449259408142,0.20792633883572048,saludable,0.0
1.859,0.001162611539252401,0.20644317173581023,saludable,0.0
1.86,0.001150274014038824,0.20129241432751785,saludable,0.0
1.861,0.0011346198810213276,0.20953415959809152,saludable,0.0
1.862,0.0011637021245487237,0.2081465951986767,saludable,0.0
1.863,0.001153050112478984,0.18150710479232918,saludable,0.0
1.864,0.0011444047089781784,0.21081165842192595,saludable,0.0
1.865,0.0011276535424490051,0.17991431217876117,saludable,0.0
1.866,0.0011670344590111212,0.20563084455459527,saludable,0.0
1.867,0.0012177792285057894,0.20533378863323964,saludable,0.0
1.868,0.0011544655515118099,0.18191366206024565,saludable,0.0
1.869,0.0011859238794277777,0.18746703709133838,saludable,0.0
1.87,0.0010875056664133335,0.17926528169764577,saludable,0.0
1.871,0.0011464620814831408,0.18691559171031827,saludable,0.0
1.872,0.0010931333741902446,0.1847222885601232,saludable,0.0
1.873,0.0010747591249686288,0.19433245253275497,saludable,0.0
1.874,0.0011010113144947495,0.198367567681291,saludable,0.0
1.875,0.0011749644269347097,0.19794539944321982,saludable,0.0
1.8760000000000001,0.00116186337345421,0.17708644131296147,saludable,0.0
1.877,0.0011300614660651027,0.1793309733548709,saludable,0.0
1.8780000000000001,0.0010553913836267317,0.16329942221388163,saludable,0.0
1.879,0.0011051854635849559,0.17078128842244017,saludable,0.0
1.8800000000000001,0.0011213197381368222,0.18719029477099575,saludable,0.0
1.881,0.00111238443970907,0.19239503203880257,saludable,0.0
1.8820000000000001,0.0010275978762655598,0.16258880818262753,saludable,0.0
1.883,0.001061710051986586,0.1676964469808552,saludable,0.0
1.8840000000000001,0.001090630381616907,0.1720415561977089,saludable,0.0
1.885,0.001110415815260565,0.1737875131376873,saludable,0.0
1.8860000000000001,0.0009967202130101774,0.1615659498944311,saludable,0.0
1.887,0.001073705483596743,0.17257450712959896,saludable,0.0
1.8880000000000001,0.0010814026340248268,0.16226327524755058,saludable,0.0
1.889,0.0011050744280180008,0.16552081098839616,saludable,0.0
1.8900000000000001,0.001094099185704523,0.1697877667132999,saludable,0.0
1.891,0.001084895783720792,0.16304469574322755,saludable,0.0
1.8920000000000001,0.0010246840376328652,0.15726815405227368,saludable,0.0
1.893,0.0009753641963053162,0.15918347886138012,saludable,0.0
1.8940000000000001,0.0010309360589811968,0.15803956831691557,saludable,0.0
1.895,0.0010816027543632983,0.15386279882183304,saludable,0.0
1.8960000000000001,0.001092037527587135,0.15361078314983248,saludable,0.0
1.897,0.0010593630738435142,0.1708172069241809,saludable,0.0
1.8980000000000001,0.001042682536823632,0.15906811137149854,saludable,0.0
1.899,0.001035188674741182,0.1491285191586468,saludable,0.0
1.9000000000000001,0.0009921419055617697,0.1576735292475222,saludable,0.0
1.901,0.0010035130987080163,0.14598274432594036,saludable,0.0
1.9020000000000001,0.0010697525197150505,0.15966546461640796,saludable,0.0
1.903,0.0009593678163196681,0.15024027811033563,saludable,0.0
1.9040000000000001,0.0010557869916818091,0.1440768656572847,saludable,0.0
1.905,0.0009722421159328318,0.14822951435061918,saludable,0.0
1.9060000000000001,0.001032068716554486,0.12664250287206177,saludable,0.0
1.907,0.0009165051434806268,0.12967900462060933,saludable,0.0
1.9080000000000001,0.000989954371643135,0.12759937418305062,saludable,0.0
1.909,0.000930606193127741,0.13955656464707705,saludable,0.0
1.9100000000000001,0.0008969477311569958,0.15403739224658158,saludable,0.0
1.911,0.000955759460054496,0.15760698603988843,saludable,0.0
1.9120000000000001,0.0009807691529703357,0.14025290645489508,saludable,0.0
1.913,0.0008998273784502869,0.1374559544384961,saludable,0.0
1.9140000000000001,0.0008668473995220237,0.11300878491833677,saludable,0.0
1.915,0.0009162753231482705,0.1241612501773433,saludable,0.0
1.9160000000000001,0.0009094609975684127,0.12027558502080815,saludable,0.0
1.917,0.0009278239981216994,0.12050722456305092,saludable,0.0
1.9180000000000001,0.0009367100908182862,0.12359341927869347,saludable,0.0
1.919,0.0008890618031057209,0.1191100228745415,saludable,0.0
1.92,0.0009583553934073045,0.10259095143830571,saludable,0.0
1.921,0.0008856184625694111,0.12841305821293103,saludable,0.0
1.922,0.0008552430865533221,0.10875355231778852,saludable,0.0
1.923,0.0007969872135429293,0.12041753462616177,saludable,0.0
1.924,0.0008432714632184978,0.1373070683287022,saludable,0.0
1.925,0.000832545513316777,0.10591069942384869,saludable,0.0
1.926,0.0008765956761228337,0.08833713778446353,saludable,0.0
1.927,0.0008487237008113708,0.10931263840471751,saludable,0.0
1.928,0.0007749691618280868,0.12171218057352945,saludable,0.0
1.929,0.0008209525470473608,0.12881323447569504,saludable,0.0
1.93,0.0008327580310189427,0.09545874800180225,saludable,0.0
1.931,0.0008587874255106326,0.11124306475792105,saludable,0.0
1.932,0.0008248188039721327,0.10014217743645443,saludable,0.0
1.933,0.0008113417047193336,0.102252425241081,saludable,0.0
1.934,0.0007748081747953444,0.12826942280469145,saludable,0.0
1.935,0.0007793974503529085,0.08530785690756505,saludable,0.0
1.936,0.0008052500897850627,0.10138405457186761,saludable,0.0
1.937,0.0006931999594690455,0.10203025101498399,saludable,0.0
1.938,0.000723793341058872,0.10671544419254744,saludable,0.0
1.939,0.0006980296076422031,0.09533931122237127,saludable,0.0
1.94,0.0007352337028428123,0.09593955778105075,saludable,0.0
1.941,0.0007603363597695221,0.08743985028005079,saludable,0.0
1.942,0.0006781726662456311,0.09254263678091595,saludable,0.0
1.943,0.0005972956880358853,0.08491226090862533,saludable,0.0
1.944,0.0006673000345368539,0.09305054083124253,saludable,0.0
1.945,0.0007111273392900235,0.08162721596531854,saludable,0.0
1.946,0.0006867869704492442,0.08758071698794039,saludable,0.0
1.947,0.0006730442712624272,0.08200141222650237,saludable,0.0
1.948,0.0006352745706499654,0.09203684109206271,saludable,0.0
1.949,0.0005858061653530939,0.07874270784440784,saludable,0.0
1.95,0.0006480837704217819,0.06000467258969083,saludable,0.0
1.951,0.000584457643371852,0.08883064763759654,saludable,0.0
1.952,0.0006955948251509834,0.06562866566965234,saludable,0.0
1.953,0.0006212819653959093,0.06662103959982497,saludable,0.0
1.954,0.0005654116520474146,0.06567300023342648,saludable,0.0
1.955,0.0005543219690451408,0.08384313783915316,saludable,0.0
1.956,0.000565160283779369,0.04720942976003739,saludable,0.0
1.957,0.0005493230279781185,0.09840938124560678,saludable,0.0
1.958,0.0005935893037174813,0.07605653482791845,saludable,0.0
1.959,0.0005462968649711463,0.06619081137139993,saludable,0.0
1.96,0.0004994534929103492,0.06187036026920444,saludable,0.0
1.961,0.0005942509435115769,0.06373417955069988,saludable,0.0
1.962,0.0005103618941672917,0.06454770006354889,saludable,0.0
1.963,0.0005289169579140101,0.06424500507643725,saludable,0.0
1.964,0.00046351425436256226,0.061803841820673,saludable,0.0
1.965,0.0004920643198811819,0.055597164507684226,saludable,0.0
1.966,0.0004796126180463105,0.05118018473792052,saludable,0.0
1.967,0.00038111247359052776,0.05009173621757052,saludable,0.0
1.968,0.0005269438068306384,0.04810501342112893,saludable,0.0
1.969,0.00048743488939882094,0.05984018964480946,saludable,0.0
1.97,0.0004093366631463981,0.0528852518871642,saludable,0.0
1.971,0.00037054126533336054,0.015991836129765298,saludable,0.0
1.972,0.0004179440364915969,0.050399648195000216,saludable,0.0
1.973,0.00039682722592940495,0.04423183881812844,saludable,0.0
1.974,0.0003968838831064499,0.04054018261066177,saludable,0.0
1.975,0.0003795722687359121,0.035283874213641465,saludable,0.0
1.976,0.00038138561758743706,0.048851008207602103,saludable,0.0
1.977,0.00040824038729529185,0.04552504003983366,saludable,0.0
1.978,0.00036221762535255486,0.026760003777008816,saludable,0.0
1.979,0.0002866038343527159,0.03699745749029428,saludable,0.0
1.98,0.0003722561269687785,0.0216477090882517,saludable,0.0
1.981,0.00037245740210817133,0.01600466279609965,saludable,0.0
1.982,0.00042198489923347927,0.021969504969261568,saludable,0.0
1.983,0.00023985377816894356,0.035295748055377926,saludable,0.0
1.984,0.0002835139977464592,0.034637541849511524,saludable,0.0
1.985,0.0001794140653231418,0.02867100422854023,saludable,0.0
1.986,0.0002738293320414271,0.029224385731488868,saludable,0.0
1.987,0.0002186732084973529,0.02556794642442529,saludable,0.0
1.988,0.0003065102032364915,0.01242357981151962,saludable,0.0
1.989,0.000187411741037184,0.021589388619716605,saludable,0.0
1.99,0.00013967736780869848,0.023705599723944825,saludable,0.0
1.991,0.00017728382352768856,0.021675371659807666,saludable,0.0
1.992,0.00010592952211851621,0.024452197269721046,saludable,0.0
1.993,0.00020390651257090148,0.018076397244691917,saludable,0.0
1.994,8.003248558073823e-05,0.012937864819420573,saludable,0.0
1.995,0.0001526608571916935,0.01855467658841454,saludable,0.0
1.996,5.7189622231426104e-05,0.006017559306317056,saludable,0.0
1.997,0.00011635970581132763,-0.004106531940145829,saludable,0.0
1.998,0.00018376808029584664,0.001510871337294597,saludable,0.0
1.999,0.00012122764744731584,-0.005878236580902542,saludable,0.0
